Apr 15 03:41:17 kibot-kotlin-1 kidax-engine[1117785]: 03:41:17.518 INFO  io.ktor.server.Application - 200 OK: GET - /api/state in 6ms
Apr 15 03:41:18 kibot-kotlin-1 kidax-engine[1117785]: 03:41:18.221 ERROR com.kibot.macengine.runtime.MacEngineDaemon - LIFECYCLE_BLOCK: Cannot start sync cycle because state is DEGRADED
Apr 15 03:41:18 kibot-kotlin-1 kidax-engine[1117785]: 03:41:18.222 INFO  com.kibot.macengine.runtime.MacEngineDaemon - DEAD_ZONE_TRACE: entering dead zone after control-plane setup
Apr 15 03:41:18 kibot-kotlin-1 kidax-engine[1117785]: 03:41:18.222 INFO  com.kibot.macengine.runtime.MacEngineDaemon - DEAD_ZONE_TRACE: checking local balance / peer state cache
Apr 15 03:41:18 kibot-kotlin-1 kidax-engine[1117785]: 03:41:18.351 INFO  com.kibot.macengine.runtime.MacEngineDaemon - DEAD_ZONE_TRACE: fetching local bot state snapshot
Apr 15 03:41:18 kibot-kotlin-1 kidax-engine[1117785]: 03:41:18.385 INFO  com.kibot.macengine.runtime.MacEngineDaemon - DEAD_ZONE_TRACE: fetching lease snapshot
Apr 15 03:41:18 kibot-kotlin-1 kidax-engine[1117785]: 03:41:18.459 INFO  com.kibot.macengine.runtime.MacEngineDaemon - DEAD_ZONE_TRACE: refreshing devices / risk / equity / commands / weekly review
Apr 15 03:41:18 kibot-kotlin-1 kidax-engine[1117785]: 03:41:18.494 INFO  com.kibot.macengine.runtime.MacEngineDaemon - DEAD_ZONE_TRACE: probing market reachability and orderbook cache
Apr 15 03:41:18 kibot-kotlin-1 kidax-engine[1117785]: 03:41:18.551 WARN  com.kibot.macengine.runtime.MacEngineDaemon - [EXCHANGE_PROBE] FAILED - Exchange unreachable (failure count: 7)
Apr 15 03:41:18 kibot-kotlin-1 kidax-engine[1117785]: 03:41:18.551 INFO  com.kibot.macengine.runtime.MacEngineDaemon - DEAD_ZONE_TRACE: applying pending commands / sync processing
Apr 15 03:41:18 kibot-kotlin-1 kidax-engine[1117785]: 03:41:18.551 INFO  com.kibot.macengine.runtime.MacEngineDaemon - DEAD_ZONE_TRACE: building local health / syncing flags
Apr 15 03:41:18 kibot-kotlin-1 kidax-engine[1117785]: 03:41:18.551 INFO  com.kibot.macengine.runtime.MacEngineDaemon - DEAD_ZONE_TRACE: takeover / release gate evaluation
Apr 15 03:41:18 kibot-kotlin-1 kidax-engine[1117785]: 03:41:18.551 INFO  com.kibot.macengine.runtime.MacEngineDaemon - DEAD_ZONE_TRACE: re-reading canonical bot/lease snapshots
Apr 15 03:41:19 kibot-kotlin-1 kidax-engine[1117785]: 03:41:19.518 INFO  io.ktor.server.Application - 200 OK: GET - /api/state in 10ms
Apr 15 03:41:19 kibot-kotlin-1 kidax-engine[1117785]: 03:41:19.619 INFO  io.ktor.server.Application - 200 OK: GET - /api/state in 7ms
Apr 15 03:41:21 kibot-kotlin-1 kidax-engine[1117785]: 03:41:21.176 INFO  com.kibot.macengine.runtime.MacEngineDaemon - DEAD_ZONE_TRACE: preparing exchange fetches
Apr 15 03:41:21 kibot-kotlin-1 kidax-engine[1117785]: 03:41:21.176 INFO  com.kibot.macengine.runtime.MacEngineDaemon - DEAD_ZONE_TRACE: awaiting balances / open orders / market quotes
Apr 15 03:41:21 kibot-kotlin-1 kidax-engine[1117785]: 03:41:21.176 INFO  com.kibot.macengine.runtime.MacEngineDaemon - DEAD_ZONE_TRACE: enriching runtime market quotes
Apr 15 03:41:21 kibot-kotlin-1 kidax-engine[1117785]: 03:41:21.176 INFO  com.kibot.macengine.runtime.MacEngineDaemon - DEAD_ZONE_TRACE: market health resolved feedHealthy=true exchangeReachable=false warnings=2
Apr 15 03:41:21 kibot-kotlin-1 kidax-engine[1117785]: 03:41:21.176 INFO  com.kibot.macengine.runtime.MacEngineDaemon - DEAD_ZONE_TRACE: reached holdings evaluation handoff
Apr 15 03:41:21 kibot-kotlin-1 kidax-engine[1117785]: 03:41:21.176 INFO  com.kibot.macengine.runtime.MacEngineDaemon - [PORTFOLIO_CALC] referenceQuoteAsset=idr rate_to_idr=1
Apr 15 03:41:21 kibot-kotlin-1 kidax-engine[1117785]: 03:41:21.176 INFO  com.kibot.macengine.runtime.MacEngineDaemon - [PORTFOLIO_CALC] total_equity=65201 IDR from 4 balances, 0 quotes
Apr 15 03:41:21 kibot-kotlin-1 kidax-engine[1117785]: 03:41:21.176 INFO  com.kibot.macengine.runtime.MacEngineDaemon - [CAPITAL_REBALANCE] stable_available=25058 aggressive_available=10739 stable_deployed=0 aggressive_deployed=0
Apr 15 03:41:21 kibot-kotlin-1 kidax-engine[1117785]: 03:41:21.176 INFO  com.kibot.macengine.runtime.MacEngineDaemon - SIDE_EFFECTS_GATE: isMaster=true forceMomentumSideEffects=false strategyCyclePresent=false runtimeLeasePresent=true
Apr 15 03:41:21 kibot-kotlin-1 kidax-engine[1117785]: 03:41:21.177 INFO  com.kibot.macengine.runtime.MacEngineDaemon - [PORTFOLIO_CALC] referenceQuoteAsset=idr rate_to_idr=1
Apr 15 03:41:21 kibot-kotlin-1 kidax-engine[1117785]: 03:41:21.177 INFO  com.kibot.macengine.runtime.MacEngineDaemon - [PORTFOLIO_CALC] total_equity=65201 IDR from 4 balances, 0 quotes
Apr 15 03:41:21 kibot-kotlin-1 kidax-engine[1117785]: 03:41:21.516 INFO  io.ktor.server.Application - 200 OK: GET - /api/state in 7ms
Apr 15 03:41:23 kibot-kotlin-1 kidax-engine[1117785]: 03:41:23.520 INFO  io.ktor.server.Application - 200 OK: GET - /api/state in 7ms
Apr 15 03:41:24 kibot-kotlin-1 kidax-engine[1117785]: 03:41:24.522 ERROR com.kibot.macengine.runtime.MacEngineDaemon - LIFECYCLE_BLOCK: Cannot start sync cycle because state is DEGRADED
Apr 15 03:41:24 kibot-kotlin-1 kidax-engine[1117785]: 03:41:24.523 INFO  com.kibot.macengine.runtime.MacEngineDaemon - DEAD_ZONE_TRACE: entering dead zone after control-plane setup
Apr 15 03:41:24 kibot-kotlin-1 kidax-engine[1117785]: 03:41:24.523 INFO  com.kibot.macengine.runtime.MacEngineDaemon - DEAD_ZONE_TRACE: checking local balance / peer state cache
Apr 15 03:41:25 kibot-kotlin-1 kidax-engine[1117785]: 03:41:25.524 INFO  io.ktor.server.Application - 200 OK: GET - /api/state in 12ms
Apr 15 03:41:26 kibot-kotlin-1 kidax-engine[1117785]: 03:41:26.151 INFO  com.kibot.macengine.runtime.MacEngineDaemon - DEAD_ZONE_TRACE: fetching local bot state snapshot
Apr 15 03:41:27 kibot-kotlin-1 kidax-engine[1117785]: 03:41:27.026 INFO  com.kibot.macengine.runtime.MacEngineDaemon - DEAD_ZONE_TRACE: fetching lease snapshot
Apr 15 03:41:27 kibot-kotlin-1 kidax-engine[1117785]: 03:41:27.517 INFO  io.ktor.server.Application - 200 OK: GET - /api/state in 7ms
Apr 15 03:41:29 kibot-kotlin-1 kidax-engine[1117785]: 03:41:29.519 INFO  com.kibot.macengine.runtime.MacEngineDaemon - DEAD_ZONE_TRACE: refreshing devices / risk / equity / commands / weekly review
Apr 15 03:41:29 kibot-kotlin-1 kidax-engine[1117785]: 03:41:29.531 INFO  io.ktor.server.Application - 200 OK: GET - /api/state in 7ms
Apr 15 03:41:31 kibot-kotlin-1 kidax-engine[1117785]: 03:41:31.515 INFO  io.ktor.server.Application - 200 OK: GET - /api/state in 7ms
Apr 15 03:41:32 kibot-kotlin-1 kidax-engine[1117785]: 03:41:32.016 INFO  com.kibot.macengine.runtime.MacEngineDaemon - DEAD_ZONE_TRACE: probing market reachability and orderbook cache
Apr 15 03:41:32 kibot-kotlin-1 kidax-engine[1117785]: 03:41:32.063 WARN  com.kibot.macengine.runtime.MacEngineDaemon - [EXCHANGE_PROBE] FAILED - Exchange unreachable (failure count: 8)
Apr 15 03:41:32 kibot-kotlin-1 kidax-engine[1117785]: 03:41:32.063 INFO  com.kibot.macengine.runtime.MacEngineDaemon - DEAD_ZONE_TRACE: applying pending commands / sync processing
Apr 15 03:41:32 kibot-kotlin-1 kidax-engine[1117785]: 03:41:32.063 INFO  com.kibot.macengine.runtime.MacEngineDaemon - DEAD_ZONE_TRACE: building local health / syncing flags
Apr 15 03:41:32 kibot-kotlin-1 kidax-engine[1117785]: 03:41:32.063 INFO  com.kibot.macengine.runtime.MacEngineDaemon - DEAD_ZONE_TRACE: takeover / release gate evaluation
Apr 15 03:41:32 kibot-kotlin-1 kidax-engine[1117785]: 03:41:32.063 INFO  com.kibot.macengine.runtime.MacEngineDaemon - DEAD_ZONE_TRACE: re-reading canonical bot/lease snapshots
Apr 15 03:41:32 kibot-kotlin-1 kidax-engine[1117785]: 03:41:32.185 INFO  com.kibot.macengine.runtime.MacEngineDaemon - DEAD_ZONE_TRACE: preparing exchange fetches
Apr 15 03:41:32 kibot-kotlin-1 kidax-engine[1117785]: 03:41:32.185 INFO  com.kibot.macengine.runtime.MacEngineDaemon - DEAD_ZONE_TRACE: awaiting balances / open orders / market quotes
Apr 15 03:41:32 kibot-kotlin-1 kidax-engine[1117785]: 03:41:32.185 INFO  com.kibot.macengine.runtime.MacEngineDaemon - DEAD_ZONE_TRACE: enriching runtime market quotes
Apr 15 03:41:32 kibot-kotlin-1 kidax-engine[1117785]: 03:41:32.185 INFO  com.kibot.macengine.runtime.MacEngineDaemon - DEAD_ZONE_TRACE: market health resolved feedHealthy=true exchangeReachable=false warnings=2
Apr 15 03:41:32 kibot-kotlin-1 kidax-engine[1117785]: 03:41:32.185 INFO  com.kibot.macengine.runtime.MacEngineDaemon - DEAD_ZONE_TRACE: reached holdings evaluation handoff
Apr 15 03:41:32 kibot-kotlin-1 kidax-engine[1117785]: 03:41:32.185 INFO  com.kibot.macengine.runtime.MacEngineDaemon - [PORTFOLIO_CALC] referenceQuoteAsset=idr rate_to_idr=1
Apr 15 03:41:32 kibot-kotlin-1 kidax-engine[1117785]: 03:41:32.185 INFO  com.kibot.macengine.runtime.MacEngineDaemon - [PORTFOLIO_CALC] total_equity=65201 IDR from 4 balances, 0 quotes
Apr 15 03:41:32 kibot-kotlin-1 kidax-engine[1117785]: 03:41:32.185 INFO  com.kibot.macengine.runtime.MacEngineDaemon - [CAPITAL_REBALANCE] stable_available=25058 aggressive_available=10739 stable_deployed=0 aggressive_deployed=0
Apr 15 03:41:32 kibot-kotlin-1 kidax-engine[1117785]: 03:41:32.187 INFO  com.kibot.macengine.runtime.MacEngineDaemon - SIDE_EFFECTS_GATE: isMaster=true forceMomentumSideEffects=false strategyCyclePresent=false runtimeLeasePresent=true
Apr 15 03:41:32 kibot-kotlin-1 kidax-engine[1117785]: 03:41:32.187 INFO  com.kibot.macengine.runtime.MacEngineDaemon - [PORTFOLIO_CALC] referenceQuoteAsset=idr rate_to_idr=1
Apr 15 03:41:32 kibot-kotlin-1 kidax-engine[1117785]: 03:41:32.187 INFO  com.kibot.macengine.runtime.MacEngineDaemon - [PORTFOLIO_CALC] total_equity=65201 IDR from 4 balances, 0 quotes
Apr 15 03:41:33 kibot-kotlin-1 kidax-engine[1117785]: 03:41:33.518 INFO  io.ktor.server.Application - 200 OK: GET - /api/state in 7ms
Apr 15 03:41:33 kibot-kotlin-1 kidax-engine[1117785]: 03:41:33.620 INFO  io.ktor.server.Application - 200 OK: GET - /api/state in 9ms
Apr 15 03:41:34 kibot-kotlin-1 kidax-engine[1117785]: 03:41:34.341 ERROR com.kibot.macengine.runtime.MacEngineDaemon - LIFECYCLE_BLOCK: Cannot start sync cycle because state is DEGRADED
Apr 15 03:41:34 kibot-kotlin-1 kidax-engine[1117785]: 03:41:34.342 INFO  io.ktor.server.Application - 101 Switching Protocols: GET - /ws in 60650ms
Apr 15 03:41:34 kibot-kotlin-1 kidax-engine[1117785]: 03:41:34.345 INFO  com.kibot.macengine.runtime.MacEngineDaemon - DEAD_ZONE_TRACE: entering dead zone after control-plane setup
Apr 15 03:41:34 kibot-kotlin-1 kidax-engine[1117785]: 03:41:34.345 INFO  com.kibot.macengine.runtime.MacEngineDaemon - DEAD_ZONE_TRACE: checking local balance / peer state cache
Apr 15 03:41:34 kibot-kotlin-1 kidax-engine[1117785]: 03:41:34.499 INFO  com.kibot.macengine.runtime.MacEngineDaemon - DEAD_ZONE_TRACE: fetching local bot state snapshot
Apr 15 03:41:34 kibot-kotlin-1 kidax-engine[1117785]: 03:41:34.544 INFO  com.kibot.macengine.runtime.MacEngineDaemon - DEAD_ZONE_TRACE: fetching lease snapshot
Apr 15 03:41:34 kibot-kotlin-1 kidax-engine[1117785]: 03:41:34.632 INFO  com.kibot.macengine.runtime.MacEngineDaemon - DEAD_ZONE_TRACE: refreshing devices / risk / equity / commands / weekly review
Apr 15 03:41:34 kibot-kotlin-1 kidax-engine[1117785]: 03:41:34.633 INFO  io.ktor.server.Application - 200 OK: GET - /api/state in 7ms
Apr 15 03:41:34 kibot-kotlin-1 kidax-engine[1117785]: 03:41:34.723 INFO  com.kibot.macengine.runtime.MacEngineDaemon - DEAD_ZONE_TRACE: probing market reachability and orderbook cache
Apr 15 03:41:34 kibot-kotlin-1 kidax-engine[1117785]: 03:41:34.768 WARN  com.kibot.macengine.runtime.MacEngineDaemon - [EXCHANGE_PROBE] FAILED - Exchange unreachable (failure count: 9)
Apr 15 03:41:34 kibot-kotlin-1 kidax-engine[1117785]: 03:41:34.768 INFO  com.kibot.macengine.runtime.MacEngineDaemon - DEAD_ZONE_TRACE: applying pending commands / sync processing
Apr 15 03:41:34 kibot-kotlin-1 kidax-engine[1117785]: 03:41:34.768 INFO  com.kibot.macengine.runtime.MacEngineDaemon - DEAD_ZONE_TRACE: building local health / syncing flags
Apr 15 03:41:34 kibot-kotlin-1 kidax-engine[1117785]: 03:41:34.768 INFO  com.kibot.macengine.runtime.MacEngineDaemon - DEAD_ZONE_TRACE: takeover / release gate evaluation
Apr 15 03:41:34 kibot-kotlin-1 kidax-engine[1117785]: 03:41:34.768 INFO  com.kibot.macengine.runtime.MacEngineDaemon - DEAD_ZONE_TRACE: re-reading canonical bot/lease snapshots
Apr 15 03:41:34 kibot-kotlin-1 kidax-engine[1117785]: 03:41:34.934 INFO  com.kibot.macengine.runtime.MacEngineDaemon - DEAD_ZONE_TRACE: preparing exchange fetches
Apr 15 03:41:34 kibot-kotlin-1 kidax-engine[1117785]: 03:41:34.934 INFO  com.kibot.macengine.runtime.MacEngineDaemon - DEAD_ZONE_TRACE: awaiting balances / open orders / market quotes
Apr 15 03:41:34 kibot-kotlin-1 kidax-engine[1117785]: 03:41:34.934 INFO  com.kibot.macengine.runtime.MacEngineDaemon - DEAD_ZONE_TRACE: enriching runtime market quotes
Apr 15 03:41:34 kibot-kotlin-1 kidax-engine[1117785]: 03:41:34.934 INFO  com.kibot.macengine.runtime.MacEngineDaemon - DEAD_ZONE_TRACE: market health resolved feedHealthy=true exchangeReachable=false warnings=2
Apr 15 03:41:34 kibot-kotlin-1 kidax-engine[1117785]: 03:41:34.934 INFO  com.kibot.macengine.runtime.MacEngineDaemon - DEAD_ZONE_TRACE: reached holdings evaluation handoff
Apr 15 03:41:34 kibot-kotlin-1 kidax-engine[1117785]: 03:41:34.934 INFO  com.kibot.macengine.runtime.MacEngineDaemon - [PORTFOLIO_CALC] referenceQuoteAsset=idr rate_to_idr=1
Apr 15 03:41:34 kibot-kotlin-1 kidax-engine[1117785]: 03:41:34.934 INFO  com.kibot.macengine.runtime.MacEngineDaemon - [PORTFOLIO_CALC] total_equity=65201 IDR from 4 balances, 0 quotes
Apr 15 03:41:34 kibot-kotlin-1 kidax-engine[1117785]: 03:41:34.935 INFO  com.kibot.macengine.runtime.MacEngineDaemon - [CAPITAL_REBALANCE] stable_available=25058 aggressive_available=10739 stable_deployed=0 aggressive_deployed=0
Apr 15 03:41:34 kibot-kotlin-1 kidax-engine[1117785]: 03:41:34.935 INFO  com.kibot.macengine.runtime.MacEngineDaemon - SIDE_EFFECTS_GATE: isMaster=true forceMomentumSideEffects=false strategyCyclePresent=false runtimeLeasePresent=true
Apr 15 03:41:34 kibot-kotlin-1 kidax-engine[1117785]: 03:41:34.935 INFO  com.kibot.macengine.runtime.MacEngineDaemon - [PORTFOLIO_CALC] referenceQuoteAsset=idr rate_to_idr=1
Apr 15 03:41:34 kibot-kotlin-1 kidax-engine[1117785]: 03:41:34.935 INFO  com.kibot.macengine.runtime.MacEngineDaemon - [PORTFOLIO_CALC] total_equity=65201 IDR from 4 balances, 0 quotes
Apr 15 03:41:35 kibot-kotlin-1 kidax-engine[1117785]: 03:41:35.516 INFO  io.ktor.server.Application - 200 OK: GET - /api/state in 7ms
Apr 15 03:41:36 kibot-kotlin-1 kidax-engine[1117785]: 03:41:36.939 ERROR com.kibot.macengine.runtime.MacEngineDaemon - LIFECYCLE_BLOCK: Cannot start sync cycle because state is DEGRADED
Apr 15 03:41:36 kibot-kotlin-1 kidax-engine[1117785]: 03:41:36.941 INFO  com.kibot.macengine.runtime.MacEngineDaemon - DEAD_ZONE_TRACE: entering dead zone after control-plane setup
Apr 15 03:41:36 kibot-kotlin-1 kidax-engine[1117785]: 03:41:36.941 INFO  com.kibot.macengine.runtime.MacEngineDaemon - DEAD_ZONE_TRACE: checking local balance / peer state cache
Apr 15 03:41:37 kibot-kotlin-1 kidax-engine[1117785]: 03:41:37.052 INFO  com.kibot.macengine.runtime.MacEngineDaemon - DEAD_ZONE_TRACE: fetching local bot state snapshot
Apr 15 03:41:37 kibot-kotlin-1 kidax-engine[1117785]: 03:41:37.095 INFO  com.kibot.macengine.runtime.MacEngineDaemon - DEAD_ZONE_TRACE: fetching lease snapshot
Apr 15 03:41:37 kibot-kotlin-1 kidax-engine[1117785]: 03:41:37.168 INFO  com.kibot.macengine.runtime.MacEngineDaemon - DEAD_ZONE_TRACE: refreshing devices / risk / equity / commands / weekly review
Apr 15 03:41:37 kibot-kotlin-1 kidax-engine[1117785]: 03:41:37.202 INFO  com.kibot.macengine.runtime.MacEngineDaemon - DEAD_ZONE_TRACE: probing market reachability and orderbook cache
Apr 15 03:41:37 kibot-kotlin-1 kidax-engine[1117785]: 03:41:37.249 WARN  com.kibot.macengine.runtime.MacEngineDaemon - [EXCHANGE_PROBE] FAILED - Exchange unreachable (failure count: 10)
Apr 15 03:41:37 kibot-kotlin-1 kidax-engine[1117785]: 03:41:37.249 INFO  com.kibot.macengine.runtime.MacEngineDaemon - DEAD_ZONE_TRACE: applying pending commands / sync processing
Apr 15 03:41:37 kibot-kotlin-1 kidax-engine[1117785]: 03:41:37.249 INFO  com.kibot.macengine.runtime.MacEngineDaemon - DEAD_ZONE_TRACE: building local health / syncing flags
Apr 15 03:41:37 kibot-kotlin-1 kidax-engine[1117785]: 03:41:37.249 INFO  com.kibot.macengine.runtime.MacEngineDaemon - DEAD_ZONE_TRACE: takeover / release gate evaluation
Apr 15 03:41:37 kibot-kotlin-1 kidax-engine[1117785]: 03:41:37.249 INFO  com.kibot.macengine.runtime.MacEngineDaemon - DEAD_ZONE_TRACE: re-reading canonical bot/lease snapshots
Apr 15 03:41:37 kibot-kotlin-1 kidax-engine[1117785]: 03:41:37.411 INFO  com.kibot.macengine.runtime.MacEngineDaemon - DEAD_ZONE_TRACE: preparing exchange fetches
Apr 15 03:41:37 kibot-kotlin-1 kidax-engine[1117785]: 03:41:37.411 INFO  com.kibot.macengine.runtime.MacEngineDaemon - DEAD_ZONE_TRACE: awaiting balances / open orders / market quotes
Apr 15 03:41:37 kibot-kotlin-1 kidax-engine[1117785]: 03:41:37.411 INFO  com.kibot.macengine.runtime.MacEngineDaemon - DEAD_ZONE_TRACE: enriching runtime market quotes
Apr 15 03:41:37 kibot-kotlin-1 kidax-engine[1117785]: 03:41:37.411 INFO  com.kibot.macengine.runtime.MacEngineDaemon - DEAD_ZONE_TRACE: market health resolved feedHealthy=true exchangeReachable=false warnings=2
Apr 15 03:41:37 kibot-kotlin-1 kidax-engine[1117785]: 03:41:37.412 INFO  com.kibot.macengine.runtime.MacEngineDaemon - DEAD_ZONE_TRACE: reached holdings evaluation handoff
Apr 15 03:41:37 kibot-kotlin-1 kidax-engine[1117785]: 03:41:37.412 INFO  com.kibot.macengine.runtime.MacEngineDaemon - [PORTFOLIO_CALC] referenceQuoteAsset=idr rate_to_idr=1
Apr 15 03:41:37 kibot-kotlin-1 kidax-engine[1117785]: 03:41:37.412 INFO  com.kibot.macengine.runtime.MacEngineDaemon - [PORTFOLIO_CALC] total_equity=65201 IDR from 4 balances, 0 quotes
Apr 15 03:41:37 kibot-kotlin-1 kidax-engine[1117785]: 03:41:37.412 INFO  com.kibot.macengine.runtime.MacEngineDaemon - [CAPITAL_REBALANCE] stable_available=25058 aggressive_available=10739 stable_deployed=0 aggressive_deployed=0
Apr 15 03:41:37 kibot-kotlin-1 kidax-engine[1117785]: 03:41:37.412 INFO  com.kibot.macengine.runtime.MacEngineDaemon - SIDE_EFFECTS_GATE: isMaster=true forceMomentumSideEffects=false strategyCyclePresent=false runtimeLeasePresent=true
Apr 15 03:41:37 kibot-kotlin-1 kidax-engine[1117785]: 03:41:37.412 INFO  com.kibot.macengine.runtime.MacEngineDaemon - [PORTFOLIO_CALC] referenceQuoteAsset=idr rate_to_idr=1
Apr 15 03:41:37 kibot-kotlin-1 kidax-engine[1117785]: 03:41:37.412 INFO  com.kibot.macengine.runtime.MacEngineDaemon - [PORTFOLIO_CALC] total_equity=65201 IDR from 4 balances, 0 quotes
Apr 15 03:41:37 kibot-kotlin-1 kidax-engine[1117785]: 03:41:37.518 INFO  io.ktor.server.Application - 200 OK: GET - /api/state in 8ms
Apr 15 03:41:39 kibot-kotlin-1 kidax-engine[1117785]: 03:41:39.522 INFO  io.ktor.server.Application - 200 OK: GET - /api/state in 6ms
Apr 15 03:41:39 kibot-kotlin-1 kidax-engine[1117785]: 03:41:39.549 ERROR com.kibot.macengine.runtime.MacEngineDaemon - LIFECYCLE_BLOCK: Cannot start sync cycle because state is DEGRADED
Apr 15 03:41:39 kibot-kotlin-1 kidax-engine[1117785]: 03:41:39.552 INFO  com.kibot.macengine.runtime.MacEngineDaemon - DEAD_ZONE_TRACE: entering dead zone after control-plane setup
Apr 15 03:41:39 kibot-kotlin-1 kidax-engine[1117785]: 03:41:39.552 INFO  com.kibot.macengine.runtime.MacEngineDaemon - DEAD_ZONE_TRACE: checking local balance / peer state cache
Apr 15 03:41:39 kibot-kotlin-1 kidax-engine[1117785]: 03:41:39.682 INFO  com.kibot.macengine.runtime.MacEngineDaemon - DEAD_ZONE_TRACE: fetching local bot state snapshot
Apr 15 03:41:39 kibot-kotlin-1 kidax-engine[1117785]: 03:41:39.715 INFO  com.kibot.macengine.runtime.MacEngineDaemon - DEAD_ZONE_TRACE: fetching lease snapshot
Apr 15 03:41:39 kibot-kotlin-1 kidax-engine[1117785]: 03:41:39.806 INFO  com.kibot.macengine.runtime.MacEngineDaemon - DEAD_ZONE_TRACE: refreshing devices / risk / equity / commands / weekly review
Apr 15 03:41:39 kibot-kotlin-1 kidax-engine[1117785]: 03:41:39.958 INFO  com.kibot.macengine.runtime.MacEngineDaemon - DEAD_ZONE_TRACE: probing market reachability and orderbook cache
Apr 15 03:41:40 kibot-kotlin-1 kidax-engine[1117785]: 03:41:40.009 WARN  com.kibot.macengine.runtime.MacEngineDaemon - [EXCHANGE_PROBE] FAILED - Exchange unreachable (failure count: 10)
Apr 15 03:41:40 kibot-kotlin-1 kidax-engine[1117785]: 03:41:40.009 INFO  com.kibot.macengine.runtime.MacEngineDaemon - DEAD_ZONE_TRACE: applying pending commands / sync processing
Apr 15 03:41:40 kibot-kotlin-1 kidax-engine[1117785]: 03:41:40.009 INFO  com.kibot.macengine.runtime.MacEngineDaemon - DEAD_ZONE_TRACE: building local health / syncing flags
Apr 15 03:41:40 kibot-kotlin-1 kidax-engine[1117785]: 03:41:40.009 INFO  com.kibot.macengine.runtime.MacEngineDaemon - DEAD_ZONE_TRACE: takeover / release gate evaluation
Apr 15 03:41:40 kibot-kotlin-1 kidax-engine[1117785]: 03:41:40.009 INFO  com.kibot.macengine.runtime.MacEngineDaemon - DEAD_ZONE_TRACE: re-reading canonical bot/lease snapshots
Apr 15 03:41:41 kibot-kotlin-1 kidax-engine[1117785]: 03:41:41.520 INFO  io.ktor.server.Application - 200 OK: GET - /api/state in 8ms
Apr 15 03:41:43 kibot-kotlin-1 kidax-engine[1117785]: 03:41:43.523 INFO  io.ktor.server.Application - 200 OK: GET - /api/state in 12ms
Apr 15 03:41:44 kibot-kotlin-1 kidax-engine[1117785]: 03:41:44.072 INFO  com.kibot.macengine.runtime.MacEngineDaemon - DEAD_ZONE_TRACE: preparing exchange fetches
Apr 15 03:41:44 kibot-kotlin-1 kidax-engine[1117785]: 03:41:44.072 INFO  com.kibot.macengine.runtime.MacEngineDaemon - DEAD_ZONE_TRACE: awaiting balances / open orders / market quotes
Apr 15 03:41:44 kibot-kotlin-1 kidax-engine[1117785]: 03:41:44.072 INFO  com.kibot.macengine.runtime.MacEngineDaemon - DEAD_ZONE_TRACE: enriching runtime market quotes
Apr 15 03:41:44 kibot-kotlin-1 kidax-engine[1117785]: 03:41:44.072 INFO  com.kibot.macengine.runtime.MacEngineDaemon - DEAD_ZONE_TRACE: market health resolved feedHealthy=true exchangeReachable=false warnings=2
Apr 15 03:41:44 kibot-kotlin-1 kidax-engine[1117785]: 03:41:44.072 INFO  com.kibot.macengine.runtime.MacEngineDaemon - DEAD_ZONE_TRACE: reached holdings evaluation handoff
Apr 15 03:41:44 kibot-kotlin-1 kidax-engine[1117785]: 03:41:44.074 INFO  com.kibot.macengine.runtime.MacEngineDaemon - [PORTFOLIO_CALC] referenceQuoteAsset=idr rate_to_idr=1
Apr 15 03:41:44 kibot-kotlin-1 kidax-engine[1117785]: 03:41:44.074 INFO  com.kibot.macengine.runtime.MacEngineDaemon - [PORTFOLIO_CALC] total_equity=65201 IDR from 4 balances, 0 quotes
Apr 15 03:41:44 kibot-kotlin-1 kidax-engine[1117785]: 03:41:44.074 INFO  com.kibot.macengine.runtime.MacEngineDaemon - [CAPITAL_REBALANCE] stable_available=25058 aggressive_available=10739 stable_deployed=0 aggressive_deployed=0
Apr 15 03:41:44 kibot-kotlin-1 kidax-engine[1117785]: 03:41:44.075 INFO  com.kibot.macengine.runtime.MacEngineDaemon - SIDE_EFFECTS_GATE: isMaster=true forceMomentumSideEffects=false strategyCyclePresent=false runtimeLeasePresent=true
Apr 15 03:41:44 kibot-kotlin-1 kidax-engine[1117785]: 03:41:44.075 INFO  com.kibot.macengine.runtime.MacEngineDaemon - [PORTFOLIO_CALC] referenceQuoteAsset=idr rate_to_idr=1
Apr 15 03:41:44 kibot-kotlin-1 kidax-engine[1117785]: 03:41:44.075 INFO  com.kibot.macengine.runtime.MacEngineDaemon - [PORTFOLIO_CALC] total_equity=65201 IDR from 4 balances, 0 quotes
Apr 15 03:41:45 kibot-kotlin-1 kidax-engine[1117785]: 03:41:45.523 INFO  io.ktor.server.Application - 200 OK: GET - /api/state in 7ms
Apr 15 03:41:46 kibot-kotlin-1 kidax-engine[1117785]: 03:41:46.080 ERROR com.kibot.macengine.runtime.MacEngineDaemon - LIFECYCLE_BLOCK: Cannot start sync cycle because state is DEGRADED
Apr 15 03:41:46 kibot-kotlin-1 kidax-engine[1117785]: 03:41:46.089 INFO  com.kibot.macengine.runtime.MacEngineDaemon - DEAD_ZONE_TRACE: entering dead zone after control-plane setup
Apr 15 03:41:46 kibot-kotlin-1 kidax-engine[1117785]: 03:41:46.089 INFO  com.kibot.macengine.runtime.MacEngineDaemon - DEAD_ZONE_TRACE: checking local balance / peer state cache
Apr 15 03:41:47 kibot-kotlin-1 kidax-engine[1117785]: 03:41:47.517 INFO  io.ktor.server.Application - 200 OK: GET - /api/state in 7ms
Apr 15 03:41:47 kibot-kotlin-1 kidax-engine[1117785]: 03:41:47.707 INFO  com.kibot.macengine.runtime.MacEngineDaemon - DEAD_ZONE_TRACE: fetching local bot state snapshot
Apr 15 03:41:48 kibot-kotlin-1 kidax-engine[1117785]: 03:41:48.520 INFO  com.kibot.macengine.runtime.MacEngineDaemon - DEAD_ZONE_TRACE: fetching lease snapshot
Apr 15 03:41:49 kibot-kotlin-1 kidax-engine[1117785]: 03:41:49.516 INFO  io.ktor.server.Application - 200 OK: GET - /api/state in 6ms
Apr 15 03:41:49 kibot-kotlin-1 kidax-engine[1117785]: 03:41:49.649 INFO  io.ktor.server.Application - 200 OK: GET - /api/state in 7ms
Apr 15 03:41:50 kibot-kotlin-1 kidax-engine[1117785]: 03:41:50.651 INFO  com.kibot.macengine.runtime.MacEngineDaemon - DEAD_ZONE_TRACE: refreshing devices / risk / equity / commands / weekly review
Apr 15 03:41:51 kibot-kotlin-1 kidax-engine[1117785]: 03:41:51.525 INFO  io.ktor.server.Application - 200 OK: GET - /api/state in 17ms
Apr 15 03:41:53 kibot-kotlin-1 kidax-engine[1117785]: 03:41:53.517 INFO  io.ktor.server.Application - 200 OK: GET - /api/state in 6ms
Apr 15 03:41:53 kibot-kotlin-1 kidax-engine[1117785]: 03:41:53.571 INFO  com.kibot.macengine.runtime.MacEngineDaemon - DEAD_ZONE_TRACE: probing market reachability and orderbook cache
Apr 15 03:41:54 kibot-kotlin-1 kidax-engine[1117785]: 03:41:54.621 WARN  com.kibot.macengine.runtime.MacEngineDaemon - [EXCHANGE_PROBE] FAILED - Exchange unreachable (failure count: 10)
Apr 15 03:41:54 kibot-kotlin-1 kidax-engine[1117785]: 03:41:54.621 INFO  com.kibot.macengine.runtime.MacEngineDaemon - DEAD_ZONE_TRACE: applying pending commands / sync processing
Apr 15 03:41:54 kibot-kotlin-1 kidax-engine[1117785]: 03:41:54.622 INFO  com.kibot.macengine.runtime.MacEngineDaemon - DEAD_ZONE_TRACE: building local health / syncing flags
Apr 15 03:41:54 kibot-kotlin-1 kidax-engine[1117785]: 03:41:54.622 INFO  com.kibot.macengine.runtime.MacEngineDaemon - DEAD_ZONE_TRACE: takeover / release gate evaluation
Apr 15 03:41:54 kibot-kotlin-1 kidax-engine[1117785]: 03:41:54.622 INFO  com.kibot.macengine.runtime.MacEngineDaemon - DEAD_ZONE_TRACE: re-reading canonical bot/lease snapshots
Apr 15 03:41:55 kibot-kotlin-1 kidax-engine[1117785]: 03:41:55.516 INFO  io.ktor.server.Application - 200 OK: GET - /api/state in 6ms
Apr 15 03:41:57 kibot-kotlin-1 kidax-engine[1117785]: 03:41:57.165 INFO  com.kibot.macengine.runtime.MacEngineDaemon - DEAD_ZONE_TRACE: preparing exchange fetches
Apr 15 03:41:57 kibot-kotlin-1 kidax-engine[1117785]: 03:41:57.165 INFO  com.kibot.macengine.runtime.MacEngineDaemon - DEAD_ZONE_TRACE: awaiting balances / open orders / market quotes
Apr 15 03:41:57 kibot-kotlin-1 kidax-engine[1117785]: 03:41:57.165 INFO  com.kibot.macengine.runtime.MacEngineDaemon - DEAD_ZONE_TRACE: enriching runtime market quotes
Apr 15 03:41:57 kibot-kotlin-1 kidax-engine[1117785]: 03:41:57.165 INFO  com.kibot.macengine.runtime.MacEngineDaemon - DEAD_ZONE_TRACE: market health resolved feedHealthy=true exchangeReachable=false warnings=2
Apr 15 03:41:57 kibot-kotlin-1 kidax-engine[1117785]: 03:41:57.165 INFO  com.kibot.macengine.runtime.MacEngineDaemon - DEAD_ZONE_TRACE: reached holdings evaluation handoff
Apr 15 03:41:57 kibot-kotlin-1 kidax-engine[1117785]: 03:41:57.166 INFO  com.kibot.macengine.runtime.MacEngineDaemon - [PORTFOLIO_CALC] referenceQuoteAsset=idr rate_to_idr=1
Apr 15 03:41:57 kibot-kotlin-1 kidax-engine[1117785]: 03:41:57.166 INFO  com.kibot.macengine.runtime.MacEngineDaemon - [PORTFOLIO_CALC] total_equity=65201 IDR from 4 balances, 0 quotes
Apr 15 03:41:57 kibot-kotlin-1 kidax-engine[1117785]: 03:41:57.166 INFO  com.kibot.macengine.runtime.MacEngineDaemon - [CAPITAL_REBALANCE] stable_available=25058 aggressive_available=10739 stable_deployed=0 aggressive_deployed=0
Apr 15 03:41:57 kibot-kotlin-1 kidax-engine[1117785]: 03:41:57.167 INFO  com.kibot.macengine.runtime.MacEngineDaemon - SIDE_EFFECTS_GATE: isMaster=true forceMomentumSideEffects=false strategyCyclePresent=false runtimeLeasePresent=true
Apr 15 03:41:57 kibot-kotlin-1 kidax-engine[1117785]: 03:41:57.167 INFO  com.kibot.macengine.runtime.MacEngineDaemon - [PORTFOLIO_CALC] referenceQuoteAsset=idr rate_to_idr=1
Apr 15 03:41:57 kibot-kotlin-1 kidax-engine[1117785]: 03:41:57.167 INFO  com.kibot.macengine.runtime.MacEngineDaemon - [PORTFOLIO_CALC] total_equity=65201 IDR from 4 balances, 0 quotes
Apr 15 03:41:57 kibot-kotlin-1 kidax-engine[1117785]: 03:41:57.517 INFO  io.ktor.server.Application - 200 OK: GET - /api/state in 6ms
Apr 15 03:41:59 kibot-kotlin-1 kidax-engine[1117785]: 03:41:59.170 ERROR com.kibot.macengine.runtime.MacEngineDaemon - LIFECYCLE_BLOCK: Cannot start sync cycle because state is DEGRADED
Apr 15 03:41:59 kibot-kotlin-1 kidax-engine[1117785]: 03:41:59.170 INFO  com.kibot.macengine.runtime.MacEngineDaemon - DEAD_ZONE_TRACE: entering dead zone after control-plane setup
Apr 15 03:41:59 kibot-kotlin-1 kidax-engine[1117785]: 03:41:59.170 INFO  com.kibot.macengine.runtime.MacEngineDaemon - DEAD_ZONE_TRACE: checking local balance / peer state cache
Apr 15 03:41:59 kibot-kotlin-1 kidax-engine[1117785]: 03:41:59.519 INFO  io.ktor.server.Application - 200 OK: GET - /api/state in 10ms
Apr 15 03:42:01 kibot-kotlin-1 kidax-engine[1117785]: 03:42:01.286 INFO  com.kibot.macengine.runtime.MacEngineDaemon - DEAD_ZONE_TRACE: fetching local bot state snapshot
Apr 15 03:42:01 kibot-kotlin-1 kidax-engine[1117785]: 03:42:01.514 INFO  io.ktor.server.Application - 200 OK: GET - /api/state in 7ms
Apr 15 03:42:02 kibot-kotlin-1 kidax-engine[1117785]: 03:42:02.131 INFO  com.kibot.macengine.runtime.MacEngineDaemon - DEAD_ZONE_TRACE: fetching lease snapshot
Apr 15 03:42:02 kibot-kotlin-1 kidax-engine[1117785]: 03:42:02.388 INFO  io.ktor.server.Application - 200 OK: GET - /api/state in 83ms
Apr 15 03:42:02 kibot-kotlin-1 kidax-engine[1117785]: 03:42:02.485 INFO  io.ktor.server.Application - 200 OK: GET - / in 1ms
Apr 15 03:42:02 kibot-kotlin-1 kidax-engine[1117785]: 03:42:02.887 INFO  io.ktor.server.Application - 200 OK: GET - /api/state in 70ms
Apr 15 03:42:02 kibot-kotlin-1 kidax-engine[1117785]: 03:42:02.897 INFO  io.ktor.server.Application - 200 OK: GET - / in 1ms
Apr 15 03:42:03 kibot-kotlin-1 kidax-engine[1117785]: 03:42:03.523 INFO  io.ktor.server.Application - 200 OK: GET - /api/state in 8ms
Apr 15 03:42:03 kibot-kotlin-1 kidax-engine[1117785]: 03:42:03.645 INFO  io.ktor.server.Application - 200 OK: GET - /api/state in 16ms
Apr 15 03:42:04 kibot-kotlin-1 kidax-engine[1117785]: 03:42:04.683 INFO  com.kibot.macengine.runtime.MacEngineDaemon - DEAD_ZONE_TRACE: refreshing devices / risk / equity / commands / weekly review
Apr 15 03:42:05 kibot-kotlin-1 kidax-engine[1117785]: 03:42:05.167 INFO  io.ktor.server.Application - 200 OK: GET - /api/state in 7ms
Apr 15 03:42:05 kibot-kotlin-1 kidax-engine[1117785]: 03:42:05.518 INFO  io.ktor.server.Application - 200 OK: GET - /api/state in 7ms
Apr 15 03:42:05 kibot-kotlin-1 kidax-engine[1117785]: 03:42:05.768 INFO  com.kibot.macengine.runtime.MacEngineDaemon - DEAD_ZONE_TRACE: probing market reachability and orderbook cache
Apr 15 03:42:07 kibot-kotlin-1 kidax-engine[1117785]: 03:42:07.020 WARN  com.kibot.macengine.runtime.MacEngineDaemon - [EXCHANGE_PROBE] FAILED - Exchange unreachable (failure count: 10)
Apr 15 03:42:07 kibot-kotlin-1 kidax-engine[1117785]: 03:42:07.020 INFO  com.kibot.macengine.runtime.MacEngineDaemon - DEAD_ZONE_TRACE: applying pending commands / sync processing
Apr 15 03:42:07 kibot-kotlin-1 kidax-engine[1117785]: 03:42:07.020 INFO  com.kibot.macengine.runtime.MacEngineDaemon - DEAD_ZONE_TRACE: building local health / syncing flags
Apr 15 03:42:07 kibot-kotlin-1 kidax-engine[1117785]: 03:42:07.020 INFO  com.kibot.macengine.runtime.MacEngineDaemon - DEAD_ZONE_TRACE: takeover / release gate evaluation
Apr 15 03:42:07 kibot-kotlin-1 kidax-engine[1117785]: 03:42:07.020 INFO  com.kibot.macengine.runtime.MacEngineDaemon - DEAD_ZONE_TRACE: re-reading canonical bot/lease snapshots
Apr 15 03:42:07 kibot-kotlin-1 kidax-engine[1117785]: 03:42:07.515 INFO  io.ktor.server.Application - 200 OK: GET - /api/state in 7ms
Apr 15 03:42:07 kibot-kotlin-1 kidax-engine[1117785]: 03:42:07.622 INFO  com.kibot.macengine.runtime.MacEngineDaemon - DEAD_ZONE_TRACE: preparing exchange fetches
Apr 15 03:42:07 kibot-kotlin-1 kidax-engine[1117785]: 03:42:07.623 INFO  com.kibot.macengine.runtime.MacEngineDaemon - DEAD_ZONE_TRACE: awaiting balances / open orders / market quotes
Apr 15 03:42:07 kibot-kotlin-1 kidax-engine[1117785]: 03:42:07.623 INFO  com.kibot.macengine.runtime.MacEngineDaemon - DEAD_ZONE_TRACE: enriching runtime market quotes
Apr 15 03:42:07 kibot-kotlin-1 kidax-engine[1117785]: 03:42:07.623 INFO  com.kibot.macengine.runtime.MacEngineDaemon - DEAD_ZONE_TRACE: market health resolved feedHealthy=true exchangeReachable=false warnings=2
Apr 15 03:42:07 kibot-kotlin-1 kidax-engine[1117785]: 03:42:07.623 INFO  com.kibot.macengine.runtime.MacEngineDaemon - DEAD_ZONE_TRACE: reached holdings evaluation handoff
Apr 15 03:42:07 kibot-kotlin-1 kidax-engine[1117785]: 03:42:07.623 INFO  com.kibot.macengine.runtime.MacEngineDaemon - [PORTFOLIO_CALC] referenceQuoteAsset=idr rate_to_idr=1
Apr 15 03:42:07 kibot-kotlin-1 kidax-engine[1117785]: 03:42:07.623 INFO  com.kibot.macengine.runtime.MacEngineDaemon - [PORTFOLIO_CALC] total_equity=65201 IDR from 4 balances, 0 quotes
Apr 15 03:42:07 kibot-kotlin-1 kidax-engine[1117785]: 03:42:07.623 INFO  com.kibot.macengine.runtime.MacEngineDaemon - [CAPITAL_REBALANCE] stable_available=25058 aggressive_available=10739 stable_deployed=0 aggressive_deployed=0
Apr 15 03:42:07 kibot-kotlin-1 kidax-engine[1117785]: 03:42:07.625 INFO  com.kibot.macengine.runtime.MacEngineDaemon - SIDE_EFFECTS_GATE: isMaster=true forceMomentumSideEffects=false strategyCyclePresent=false runtimeLeasePresent=true
Apr 15 03:42:07 kibot-kotlin-1 kidax-engine[1117785]: 03:42:07.625 INFO  com.kibot.macengine.runtime.MacEngineDaemon - [PORTFOLIO_CALC] referenceQuoteAsset=idr rate_to_idr=1
Apr 15 03:42:07 kibot-kotlin-1 kidax-engine[1117785]: 03:42:07.625 INFO  com.kibot.macengine.runtime.MacEngineDaemon - [PORTFOLIO_CALC] total_equity=65201 IDR from 4 balances, 0 quotes
Apr 15 03:42:09 kibot-kotlin-1 kidax-engine[1117785]: 03:42:09.513 INFO  io.ktor.server.Application - 200 OK: GET - /api/state in 7ms
Apr 15 03:42:09 kibot-kotlin-1 kidax-engine[1117785]: 03:42:09.767 ERROR com.kibot.macengine.runtime.MacEngineDaemon - LIFECYCLE_BLOCK: Cannot start sync cycle because state is DEGRADED
Apr 15 03:42:09 kibot-kotlin-1 kidax-engine[1117785]: 03:42:09.768 INFO  com.kibot.macengine.runtime.MacEngineDaemon - DEAD_ZONE_TRACE: entering dead zone after control-plane setup
Apr 15 03:42:09 kibot-kotlin-1 kidax-engine[1117785]: 03:42:09.768 INFO  com.kibot.macengine.runtime.MacEngineDaemon - DEAD_ZONE_TRACE: checking local balance / peer state cache
Apr 15 03:42:09 kibot-kotlin-1 kidax-engine[1117785]: 03:42:09.888 INFO  com.kibot.macengine.runtime.MacEngineDaemon - DEAD_ZONE_TRACE: fetching local bot state snapshot
Apr 15 03:42:09 kibot-kotlin-1 kidax-engine[1117785]: 03:42:09.938 INFO  com.kibot.macengine.runtime.MacEngineDaemon - DEAD_ZONE_TRACE: fetching lease snapshot
Apr 15 03:42:10 kibot-kotlin-1 kidax-engine[1117785]: 03:42:10.031 INFO  com.kibot.macengine.runtime.MacEngineDaemon - DEAD_ZONE_TRACE: refreshing devices / risk / equity / commands / weekly review
Apr 15 03:42:10 kibot-kotlin-1 kidax-engine[1117785]: 03:42:10.124 INFO  com.kibot.macengine.runtime.MacEngineDaemon - DEAD_ZONE_TRACE: probing market reachability and orderbook cache
Apr 15 03:42:10 kibot-kotlin-1 kidax-engine[1117785]: 03:42:10.168 WARN  com.kibot.macengine.runtime.MacEngineDaemon - [EXCHANGE_PROBE] FAILED - Exchange unreachable (failure count: 10)
Apr 15 03:42:10 kibot-kotlin-1 kidax-engine[1117785]: 03:42:10.168 INFO  com.kibot.macengine.runtime.MacEngineDaemon - DEAD_ZONE_TRACE: applying pending commands / sync processing
Apr 15 03:42:10 kibot-kotlin-1 kidax-engine[1117785]: 03:42:10.168 INFO  com.kibot.macengine.runtime.MacEngineDaemon - DEAD_ZONE_TRACE: building local health / syncing flags
Apr 15 03:42:10 kibot-kotlin-1 kidax-engine[1117785]: 03:42:10.168 INFO  com.kibot.macengine.runtime.MacEngineDaemon - DEAD_ZONE_TRACE: takeover / release gate evaluation
Apr 15 03:42:10 kibot-kotlin-1 kidax-engine[1117785]: 03:42:10.168 INFO  com.kibot.macengine.runtime.MacEngineDaemon - DEAD_ZONE_TRACE: re-reading canonical bot/lease snapshots
Apr 15 03:42:10 kibot-kotlin-1 kidax-engine[1117785]: 03:42:10.290 INFO  com.kibot.macengine.runtime.MacEngineDaemon - DEAD_ZONE_TRACE: preparing exchange fetches
Apr 15 03:42:10 kibot-kotlin-1 kidax-engine[1117785]: 03:42:10.290 INFO  com.kibot.macengine.runtime.MacEngineDaemon - DEAD_ZONE_TRACE: awaiting balances / open orders / market quotes
Apr 15 03:42:10 kibot-kotlin-1 kidax-engine[1117785]: 03:42:10.290 INFO  com.kibot.macengine.runtime.MacEngineDaemon - DEAD_ZONE_TRACE: enriching runtime market quotes
Apr 15 03:42:10 kibot-kotlin-1 kidax-engine[1117785]: 03:42:10.290 INFO  com.kibot.macengine.runtime.MacEngineDaemon - DEAD_ZONE_TRACE: market health resolved feedHealthy=true exchangeReachable=false warnings=2
Apr 15 03:42:10 kibot-kotlin-1 kidax-engine[1117785]: 03:42:10.290 INFO  com.kibot.macengine.runtime.MacEngineDaemon - DEAD_ZONE_TRACE: reached holdings evaluation handoff
Apr 15 03:42:10 kibot-kotlin-1 kidax-engine[1117785]: 03:42:10.290 INFO  com.kibot.macengine.runtime.MacEngineDaemon - [PORTFOLIO_CALC] referenceQuoteAsset=idr rate_to_idr=1
Apr 15 03:42:10 kibot-kotlin-1 kidax-engine[1117785]: 03:42:10.290 INFO  com.kibot.macengine.runtime.MacEngineDaemon - [PORTFOLIO_CALC] total_equity=65201 IDR from 4 balances, 0 quotes
Apr 15 03:42:10 kibot-kotlin-1 kidax-engine[1117785]: 03:42:10.290 INFO  com.kibot.macengine.runtime.MacEngineDaemon - [CAPITAL_REBALANCE] stable_available=25058 aggressive_available=10739 stable_deployed=0 aggressive_deployed=0
Apr 15 03:42:10 kibot-kotlin-1 kidax-engine[1117785]: 03:42:10.293 INFO  com.kibot.macengine.runtime.MacEngineDaemon - SIDE_EFFECTS_GATE: isMaster=true forceMomentumSideEffects=false strategyCyclePresent=false runtimeLeasePresent=true
Apr 15 03:42:10 kibot-kotlin-1 kidax-engine[1117785]: 03:42:10.293 INFO  com.kibot.macengine.runtime.MacEngineDaemon - [PORTFOLIO_CALC] referenceQuoteAsset=idr rate_to_idr=1
Apr 15 03:42:10 kibot-kotlin-1 kidax-engine[1117785]: 03:42:10.293 INFO  com.kibot.macengine.runtime.MacEngineDaemon - [PORTFOLIO_CALC] total_equity=65201 IDR from 4 balances, 0 quotes
Apr 15 03:42:11 kibot-kotlin-1 kidax-engine[1117785]: 03:42:11.513 INFO  io.ktor.server.Application - 200 OK: GET - /api/state in 7ms
Apr 15 03:42:12 kibot-kotlin-1 kidax-engine[1117785]: 03:42:12.440 ERROR com.kibot.macengine.runtime.MacEngineDaemon - LIFECYCLE_BLOCK: Cannot start sync cycle because state is DEGRADED
Apr 15 03:42:12 kibot-kotlin-1 kidax-engine[1117785]: 03:42:12.441 INFO  com.kibot.macengine.runtime.MacEngineDaemon - DEAD_ZONE_TRACE: entering dead zone after control-plane setup
Apr 15 03:42:12 kibot-kotlin-1 kidax-engine[1117785]: 03:42:12.441 INFO  com.kibot.macengine.runtime.MacEngineDaemon - DEAD_ZONE_TRACE: checking local balance / peer state cache
Apr 15 03:42:12 kibot-kotlin-1 kidax-engine[1117785]: 03:42:12.560 INFO  com.kibot.macengine.runtime.MacEngineDaemon - DEAD_ZONE_TRACE: fetching local bot state snapshot
Apr 15 03:42:12 kibot-kotlin-1 kidax-engine[1117785]: 03:42:12.602 INFO  com.kibot.macengine.runtime.MacEngineDaemon - DEAD_ZONE_TRACE: fetching lease snapshot
Apr 15 03:42:12 kibot-kotlin-1 kidax-engine[1117785]: 03:42:12.680 INFO  com.kibot.macengine.runtime.MacEngineDaemon - DEAD_ZONE_TRACE: refreshing devices / risk / equity / commands / weekly review
Apr 15 03:42:12 kibot-kotlin-1 kidax-engine[1117785]: 03:42:12.724 INFO  com.kibot.macengine.runtime.MacEngineDaemon - DEAD_ZONE_TRACE: probing market reachability and orderbook cache
Apr 15 03:42:12 kibot-kotlin-1 kidax-engine[1117785]: 03:42:12.771 WARN  com.kibot.macengine.runtime.MacEngineDaemon - [EXCHANGE_PROBE] FAILED - Exchange unreachable (failure count: 10)
Apr 15 03:42:12 kibot-kotlin-1 kidax-engine[1117785]: 03:42:12.771 INFO  com.kibot.macengine.runtime.MacEngineDaemon - DEAD_ZONE_TRACE: applying pending commands / sync processing
Apr 15 03:42:12 kibot-kotlin-1 kidax-engine[1117785]: 03:42:12.771 INFO  com.kibot.macengine.runtime.MacEngineDaemon - DEAD_ZONE_TRACE: building local health / syncing flags
Apr 15 03:42:12 kibot-kotlin-1 kidax-engine[1117785]: 03:42:12.771 INFO  com.kibot.macengine.runtime.MacEngineDaemon - DEAD_ZONE_TRACE: takeover / release gate evaluation
Apr 15 03:42:12 kibot-kotlin-1 kidax-engine[1117785]: 03:42:12.771 INFO  com.kibot.macengine.runtime.MacEngineDaemon - DEAD_ZONE_TRACE: re-reading canonical bot/lease snapshots
Apr 15 03:42:13 kibot-kotlin-1 kidax-engine[1117785]: 03:42:13.515 INFO  io.ktor.server.Application - 200 OK: GET - /api/state in 7ms
Apr 15 03:42:15 kibot-kotlin-1 kidax-engine[1117785]: 03:42:15.517 INFO  io.ktor.server.Application - 200 OK: GET - /api/state in 7ms
Apr 15 03:42:16 kibot-kotlin-1 kidax-engine[1117785]: 03:42:16.519 INFO  com.kibot.macengine.runtime.MacEngineDaemon - DEAD_ZONE_TRACE: preparing exchange fetches
Apr 15 03:42:16 kibot-kotlin-1 kidax-engine[1117785]: 03:42:16.519 INFO  com.kibot.macengine.runtime.MacEngineDaemon - DEAD_ZONE_TRACE: awaiting balances / open orders / market quotes
Apr 15 03:42:16 kibot-kotlin-1 kidax-engine[1117785]: 03:42:16.519 INFO  com.kibot.macengine.runtime.MacEngineDaemon - DEAD_ZONE_TRACE: enriching runtime market quotes
Apr 15 03:42:16 kibot-kotlin-1 kidax-engine[1117785]: 03:42:16.519 INFO  com.kibot.macengine.runtime.MacEngineDaemon - DEAD_ZONE_TRACE: market health resolved feedHealthy=true exchangeReachable=false warnings=2
Apr 15 03:42:16 kibot-kotlin-1 kidax-engine[1117785]: 03:42:16.519 INFO  com.kibot.macengine.runtime.MacEngineDaemon - DEAD_ZONE_TRACE: reached holdings evaluation handoff
Apr 15 03:42:16 kibot-kotlin-1 kidax-engine[1117785]: 03:42:16.519 INFO  com.kibot.macengine.runtime.MacEngineDaemon - [PORTFOLIO_CALC] referenceQuoteAsset=idr rate_to_idr=1
Apr 15 03:42:16 kibot-kotlin-1 kidax-engine[1117785]: 03:42:16.519 INFO  com.kibot.macengine.runtime.MacEngineDaemon - [PORTFOLIO_CALC] total_equity=65201 IDR from 4 balances, 0 quotes
Apr 15 03:42:16 kibot-kotlin-1 kidax-engine[1117785]: 03:42:16.519 INFO  com.kibot.macengine.runtime.MacEngineDaemon - [CAPITAL_REBALANCE] stable_available=25058 aggressive_available=10739 stable_deployed=0 aggressive_deployed=0
Apr 15 03:42:16 kibot-kotlin-1 kidax-engine[1117785]: 03:42:16.519 INFO  com.kibot.macengine.runtime.MacEngineDaemon - SIDE_EFFECTS_GATE: isMaster=true forceMomentumSideEffects=false strategyCyclePresent=false runtimeLeasePresent=true
Apr 15 03:42:16 kibot-kotlin-1 kidax-engine[1117785]: 03:42:16.519 INFO  com.kibot.macengine.runtime.MacEngineDaemon - [PORTFOLIO_CALC] referenceQuoteAsset=idr rate_to_idr=1
Apr 15 03:42:16 kibot-kotlin-1 kidax-engine[1117785]: 03:42:16.519 INFO  com.kibot.macengine.runtime.MacEngineDaemon - [PORTFOLIO_CALC] total_equity=65201 IDR from 4 balances, 0 quotes
Apr 15 03:42:17 kibot-kotlin-1 kidax-engine[1117785]: 03:42:17.514 INFO  io.ktor.server.Application - 200 OK: GET - /api/state in 7ms
Apr 15 03:42:18 kibot-kotlin-1 kidax-engine[1117785]: 03:42:18.524 ERROR com.kibot.macengine.runtime.MacEngineDaemon - LIFECYCLE_BLOCK: Cannot start sync cycle because state is DEGRADED
Apr 15 03:42:18 kibot-kotlin-1 kidax-engine[1117785]: 03:42:18.525 INFO  com.kibot.macengine.runtime.MacEngineDaemon - DEAD_ZONE_TRACE: entering dead zone after control-plane setup
Apr 15 03:42:18 kibot-kotlin-1 kidax-engine[1117785]: 03:42:18.525 INFO  com.kibot.macengine.runtime.MacEngineDaemon - DEAD_ZONE_TRACE: checking local balance / peer state cache
Apr 15 03:42:19 kibot-kotlin-1 kidax-engine[1117785]: 03:42:19.538 INFO  io.ktor.server.Application - 200 OK: GET - /api/state in 6ms
Apr 15 03:42:20 kibot-kotlin-1 kidax-engine[1117785]: 03:42:20.182 INFO  io.ktor.server.Application - 200 OK: GET - /api/state in 6ms
Apr 15 03:42:20 kibot-kotlin-1 kidax-engine[1117785]: 03:42:20.781 INFO  com.kibot.macengine.runtime.MacEngineDaemon - DEAD_ZONE_TRACE: fetching local bot state snapshot
Apr 15 03:42:21 kibot-kotlin-1 kidax-engine[1117785]: 03:42:21.518 INFO  io.ktor.server.Application - 200 OK: GET - /api/state in 6ms
Apr 15 03:42:22 kibot-kotlin-1 kidax-engine[1117785]: 03:42:22.284 INFO  com.kibot.macengine.runtime.MacEngineDaemon - DEAD_ZONE_TRACE: fetching lease snapshot
Apr 15 03:42:24 kibot-kotlin-1 kidax-engine[1117785]: 03:42:24.023 INFO  io.ktor.server.Application - 200 OK: GET - /api/state in 16ms
Apr 15 03:42:24 kibot-kotlin-1 kidax-engine[1117785]: 03:42:24.054 INFO  com.kibot.macengine.runtime.MacEngineDaemon - DEAD_ZONE_TRACE: refreshing devices / risk / equity / commands / weekly review
Apr 15 03:42:26 kibot-kotlin-1 kidax-engine[1117785]: 03:42:26.015 INFO  io.ktor.server.Application - 200 OK: GET - /api/state in 6ms
Apr 15 03:42:26 kibot-kotlin-1 kidax-engine[1117785]: 03:42:26.048 INFO  com.kibot.macengine.runtime.MacEngineDaemon - DEAD_ZONE_TRACE: probing market reachability and orderbook cache
Apr 15 03:42:27 kibot-kotlin-1 kidax-engine[1117785]: 03:42:27.510 WARN  com.kibot.macengine.runtime.MacEngineDaemon - [EXCHANGE_PROBE] FAILED - Exchange unreachable (failure count: 10)
Apr 15 03:42:27 kibot-kotlin-1 kidax-engine[1117785]: 03:42:27.510 INFO  com.kibot.macengine.runtime.MacEngineDaemon - DEAD_ZONE_TRACE: applying pending commands / sync processing
Apr 15 03:42:27 kibot-kotlin-1 kidax-engine[1117785]: 03:42:27.510 INFO  com.kibot.macengine.runtime.MacEngineDaemon - DEAD_ZONE_TRACE: building local health / syncing flags
Apr 15 03:42:27 kibot-kotlin-1 kidax-engine[1117785]: 03:42:27.510 INFO  com.kibot.macengine.runtime.MacEngineDaemon - DEAD_ZONE_TRACE: takeover / release gate evaluation
Apr 15 03:42:27 kibot-kotlin-1 kidax-engine[1117785]: 03:42:27.510 INFO  com.kibot.macengine.runtime.MacEngineDaemon - DEAD_ZONE_TRACE: re-reading canonical bot/lease snapshots
Apr 15 03:42:28 kibot-kotlin-1 kidax-engine[1117785]: 03:42:28.021 INFO  io.ktor.server.Application - 200 OK: GET - /api/state in 8ms
Apr 15 03:42:28 kibot-kotlin-1 kidax-engine[1117785]: 03:42:28.239 INFO  com.kibot.macengine.runtime.MacEngineDaemon - DEAD_ZONE_TRACE: preparing exchange fetches
Apr 15 03:42:28 kibot-kotlin-1 kidax-engine[1117785]: 03:42:28.239 INFO  com.kibot.macengine.runtime.MacEngineDaemon - DEAD_ZONE_TRACE: awaiting balances / open orders / market quotes
Apr 15 03:42:28 kibot-kotlin-1 kidax-engine[1117785]: 03:42:28.239 INFO  com.kibot.macengine.runtime.MacEngineDaemon - DEAD_ZONE_TRACE: enriching runtime market quotes
Apr 15 03:42:28 kibot-kotlin-1 kidax-engine[1117785]: 03:42:28.239 INFO  com.kibot.macengine.runtime.MacEngineDaemon - DEAD_ZONE_TRACE: market health resolved feedHealthy=true exchangeReachable=false warnings=2
Apr 15 03:42:28 kibot-kotlin-1 kidax-engine[1117785]: 03:42:28.239 INFO  com.kibot.macengine.runtime.MacEngineDaemon - DEAD_ZONE_TRACE: reached holdings evaluation handoff
Apr 15 03:42:28 kibot-kotlin-1 kidax-engine[1117785]: 03:42:28.239 INFO  com.kibot.macengine.runtime.MacEngineDaemon - [PORTFOLIO_CALC] referenceQuoteAsset=idr rate_to_idr=1
Apr 15 03:42:28 kibot-kotlin-1 kidax-engine[1117785]: 03:42:28.239 INFO  com.kibot.macengine.runtime.MacEngineDaemon - [PORTFOLIO_CALC] total_equity=65201 IDR from 4 balances, 0 quotes
Apr 15 03:42:28 kibot-kotlin-1 kidax-engine[1117785]: 03:42:28.239 INFO  com.kibot.macengine.runtime.MacEngineDaemon - [CAPITAL_REBALANCE] stable_available=25058 aggressive_available=10739 stable_deployed=0 aggressive_deployed=0
Apr 15 03:42:28 kibot-kotlin-1 kidax-engine[1117785]: 03:42:28.241 INFO  com.kibot.macengine.runtime.MacEngineDaemon - SIDE_EFFECTS_GATE: isMaster=true forceMomentumSideEffects=false strategyCyclePresent=false runtimeLeasePresent=true
Apr 15 03:42:28 kibot-kotlin-1 kidax-engine[1117785]: 03:42:28.241 INFO  com.kibot.macengine.runtime.MacEngineDaemon - [PORTFOLIO_CALC] referenceQuoteAsset=idr rate_to_idr=1
Apr 15 03:42:28 kibot-kotlin-1 kidax-engine[1117785]: 03:42:28.241 INFO  com.kibot.macengine.runtime.MacEngineDaemon - [PORTFOLIO_CALC] total_equity=65201 IDR from 4 balances, 0 quotes
Apr 15 03:42:29 kibot-kotlin-1 kidax-engine[1117785]: 03:42:29.516 INFO  io.ktor.server.Application - 200 OK: GET - /api/state in 7ms
Apr 15 03:42:30 kibot-kotlin-1 kidax-engine[1117785]: 03:42:30.245 ERROR com.kibot.macengine.runtime.MacEngineDaemon - LIFECYCLE_BLOCK: Cannot start sync cycle because state is DEGRADED
Apr 15 03:42:30 kibot-kotlin-1 kidax-engine[1117785]: 03:42:30.245 INFO  com.kibot.macengine.runtime.MacEngineDaemon - DEAD_ZONE_TRACE: entering dead zone after control-plane setup
Apr 15 03:42:30 kibot-kotlin-1 kidax-engine[1117785]: 03:42:30.245 INFO  com.kibot.macengine.runtime.MacEngineDaemon - DEAD_ZONE_TRACE: checking local balance / peer state cache
Apr 15 03:42:30 kibot-kotlin-1 kidax-engine[1117785]: 03:42:30.377 INFO  com.kibot.macengine.runtime.MacEngineDaemon - DEAD_ZONE_TRACE: fetching local bot state snapshot
Apr 15 03:42:30 kibot-kotlin-1 kidax-engine[1117785]: 03:42:30.413 INFO  com.kibot.macengine.runtime.MacEngineDaemon - DEAD_ZONE_TRACE: fetching lease snapshot
Apr 15 03:42:30 kibot-kotlin-1 kidax-engine[1117785]: 03:42:30.595 INFO  com.kibot.macengine.runtime.MacEngineDaemon - DEAD_ZONE_TRACE: refreshing devices / risk / equity / commands / weekly review
Apr 15 03:42:30 kibot-kotlin-1 kidax-engine[1117785]: 03:42:30.665 INFO  com.kibot.macengine.runtime.MacEngineDaemon - DEAD_ZONE_TRACE: probing market reachability and orderbook cache
Apr 15 03:42:30 kibot-kotlin-1 kidax-engine[1117785]: 03:42:30.721 WARN  com.kibot.macengine.runtime.MacEngineDaemon - [EXCHANGE_PROBE] FAILED - Exchange unreachable (failure count: 10)
Apr 15 03:42:30 kibot-kotlin-1 kidax-engine[1117785]: 03:42:30.721 INFO  com.kibot.macengine.runtime.MacEngineDaemon - DEAD_ZONE_TRACE: applying pending commands / sync processing
Apr 15 03:42:30 kibot-kotlin-1 kidax-engine[1117785]: 03:42:30.721 INFO  com.kibot.macengine.runtime.MacEngineDaemon - DEAD_ZONE_TRACE: building local health / syncing flags
Apr 15 03:42:30 kibot-kotlin-1 kidax-engine[1117785]: 03:42:30.721 INFO  com.kibot.macengine.runtime.MacEngineDaemon - DEAD_ZONE_TRACE: takeover / release gate evaluation
Apr 15 03:42:30 kibot-kotlin-1 kidax-engine[1117785]: 03:42:30.721 INFO  com.kibot.macengine.runtime.MacEngineDaemon - DEAD_ZONE_TRACE: re-reading canonical bot/lease snapshots
Apr 15 03:42:30 kibot-kotlin-1 kidax-engine[1117785]: 03:42:30.832 INFO  com.kibot.macengine.runtime.MacEngineDaemon - DEAD_ZONE_TRACE: preparing exchange fetches
Apr 15 03:42:30 kibot-kotlin-1 kidax-engine[1117785]: 03:42:30.832 INFO  com.kibot.macengine.runtime.MacEngineDaemon - DEAD_ZONE_TRACE: awaiting balances / open orders / market quotes
Apr 15 03:42:30 kibot-kotlin-1 kidax-engine[1117785]: 03:42:30.832 INFO  com.kibot.macengine.runtime.MacEngineDaemon - DEAD_ZONE_TRACE: enriching runtime market quotes
Apr 15 03:42:30 kibot-kotlin-1 kidax-engine[1117785]: 03:42:30.832 INFO  com.kibot.macengine.runtime.MacEngineDaemon - DEAD_ZONE_TRACE: market health resolved feedHealthy=false exchangeReachable=false warnings=2
Apr 15 03:42:30 kibot-kotlin-1 kidax-engine[1117785]: 03:42:30.832 INFO  com.kibot.macengine.runtime.MacEngineDaemon - DEAD_ZONE_TRACE: reached holdings evaluation handoff
Apr 15 03:42:30 kibot-kotlin-1 kidax-engine[1117785]: 03:42:30.833 INFO  com.kibot.macengine.runtime.MacEngineDaemon - [PORTFOLIO_CALC] referenceQuoteAsset=idr rate_to_idr=1
Apr 15 03:42:30 kibot-kotlin-1 kidax-engine[1117785]: 03:42:30.833 INFO  com.kibot.macengine.runtime.MacEngineDaemon - [PORTFOLIO_CALC] total_equity=65201 IDR from 4 balances, 0 quotes
Apr 15 03:42:30 kibot-kotlin-1 kidax-engine[1117785]: 03:42:30.833 INFO  com.kibot.macengine.runtime.MacEngineDaemon - [CAPITAL_REBALANCE] stable_available=25058 aggressive_available=10739 stable_deployed=0 aggressive_deployed=0
Apr 15 03:42:30 kibot-kotlin-1 kidax-engine[1117785]: 03:42:30.835 INFO  com.kibot.macengine.runtime.MacEngineDaemon - SIDE_EFFECTS_GATE: isMaster=true forceMomentumSideEffects=false strategyCyclePresent=false runtimeLeasePresent=true
Apr 15 03:42:30 kibot-kotlin-1 kidax-engine[1117785]: 03:42:30.835 INFO  com.kibot.macengine.runtime.MacEngineDaemon - [PORTFOLIO_CALC] referenceQuoteAsset=idr rate_to_idr=1
Apr 15 03:42:30 kibot-kotlin-1 kidax-engine[1117785]: 03:42:30.835 INFO  com.kibot.macengine.runtime.MacEngineDaemon - [PORTFOLIO_CALC] total_equity=65201 IDR from 4 balances, 0 quotes
Apr 15 03:42:31 kibot-kotlin-1 kidax-engine[1117785]: 03:42:31.516 INFO  io.ktor.server.Application - 200 OK: GET - /api/state in 7ms
Apr 15 03:42:33 kibot-kotlin-1 kidax-engine[1117785]: 03:42:33.005 ERROR com.kibot.macengine.runtime.MacEngineDaemon - LIFECYCLE_BLOCK: Cannot start sync cycle because state is DEGRADED
Apr 15 03:42:33 kibot-kotlin-1 kidax-engine[1117785]: 03:42:33.007 INFO  com.kibot.macengine.runtime.MacEngineDaemon - DEAD_ZONE_TRACE: entering dead zone after control-plane setup
Apr 15 03:42:33 kibot-kotlin-1 kidax-engine[1117785]: 03:42:33.007 INFO  com.kibot.macengine.runtime.MacEngineDaemon - DEAD_ZONE_TRACE: checking local balance / peer state cache
Apr 15 03:42:33 kibot-kotlin-1 kidax-engine[1117785]: 03:42:33.144 INFO  com.kibot.macengine.runtime.MacEngineDaemon - DEAD_ZONE_TRACE: fetching local bot state snapshot
Apr 15 03:42:33 kibot-kotlin-1 kidax-engine[1117785]: 03:42:33.188 INFO  com.kibot.macengine.runtime.MacEngineDaemon - DEAD_ZONE_TRACE: fetching lease snapshot
Apr 15 03:42:33 kibot-kotlin-1 kidax-engine[1117785]: 03:42:33.329 INFO  com.kibot.macengine.runtime.MacEngineDaemon - DEAD_ZONE_TRACE: refreshing devices / risk / equity / commands / weekly review
Apr 15 03:42:33 kibot-kotlin-1 kidax-engine[1117785]: 03:42:33.373 INFO  com.kibot.macengine.runtime.MacEngineDaemon - DEAD_ZONE_TRACE: probing market reachability and orderbook cache
Apr 15 03:42:33 kibot-kotlin-1 kidax-engine[1117785]: 03:42:33.426 WARN  com.kibot.macengine.runtime.MacEngineDaemon - [EXCHANGE_PROBE] FAILED - Exchange unreachable (failure count: 10)
Apr 15 03:42:33 kibot-kotlin-1 kidax-engine[1117785]: 03:42:33.426 INFO  com.kibot.macengine.runtime.MacEngineDaemon - DEAD_ZONE_TRACE: applying pending commands / sync processing
Apr 15 03:42:33 kibot-kotlin-1 kidax-engine[1117785]: 03:42:33.426 INFO  com.kibot.macengine.runtime.MacEngineDaemon - DEAD_ZONE_TRACE: building local health / syncing flags
Apr 15 03:42:33 kibot-kotlin-1 kidax-engine[1117785]: 03:42:33.426 INFO  com.kibot.macengine.runtime.MacEngineDaemon - DEAD_ZONE_TRACE: takeover / release gate evaluation
Apr 15 03:42:33 kibot-kotlin-1 kidax-engine[1117785]: 03:42:33.426 INFO  com.kibot.macengine.runtime.MacEngineDaemon - DEAD_ZONE_TRACE: re-reading canonical bot/lease snapshots
Apr 15 03:42:33 kibot-kotlin-1 kidax-engine[1117785]: 03:42:33.521 INFO  io.ktor.server.Application - 200 OK: GET - /api/state in 7ms
Apr 15 03:42:33 kibot-kotlin-1 kidax-engine[1117785]: 03:42:33.546 INFO  com.kibot.macengine.runtime.MacEngineDaemon - DEAD_ZONE_TRACE: preparing exchange fetches
Apr 15 03:42:33 kibot-kotlin-1 kidax-engine[1117785]: 03:42:33.546 INFO  com.kibot.macengine.runtime.MacEngineDaemon - DEAD_ZONE_TRACE: awaiting balances / open orders / market quotes
Apr 15 03:42:33 kibot-kotlin-1 kidax-engine[1117785]: 03:42:33.546 INFO  com.kibot.macengine.runtime.MacEngineDaemon - DEAD_ZONE_TRACE: enriching runtime market quotes
Apr 15 03:42:33 kibot-kotlin-1 kidax-engine[1117785]: 03:42:33.546 INFO  com.kibot.macengine.runtime.MacEngineDaemon - DEAD_ZONE_TRACE: market health resolved feedHealthy=false exchangeReachable=false warnings=2
Apr 15 03:42:33 kibot-kotlin-1 kidax-engine[1117785]: 03:42:33.546 INFO  com.kibot.macengine.runtime.MacEngineDaemon - DEAD_ZONE_TRACE: reached holdings evaluation handoff
Apr 15 03:42:33 kibot-kotlin-1 kidax-engine[1117785]: 03:42:33.546 INFO  com.kibot.macengine.runtime.MacEngineDaemon - [PORTFOLIO_CALC] referenceQuoteAsset=idr rate_to_idr=1
Apr 15 03:42:33 kibot-kotlin-1 kidax-engine[1117785]: 03:42:33.546 INFO  com.kibot.macengine.runtime.MacEngineDaemon - [PORTFOLIO_CALC] total_equity=65201 IDR from 4 balances, 0 quotes
Apr 15 03:42:33 kibot-kotlin-1 kidax-engine[1117785]: 03:42:33.547 INFO  com.kibot.macengine.runtime.MacEngineDaemon - [CAPITAL_REBALANCE] stable_available=25058 aggressive_available=10739 stable_deployed=0 aggressive_deployed=0
Apr 15 03:42:33 kibot-kotlin-1 kidax-engine[1117785]: 03:42:33.547 INFO  com.kibot.macengine.runtime.MacEngineDaemon - SIDE_EFFECTS_GATE: isMaster=true forceMomentumSideEffects=false strategyCyclePresent=false runtimeLeasePresent=true
Apr 15 03:42:33 kibot-kotlin-1 kidax-engine[1117785]: 03:42:33.547 INFO  com.kibot.macengine.runtime.MacEngineDaemon - [PORTFOLIO_CALC] referenceQuoteAsset=idr rate_to_idr=1
Apr 15 03:42:33 kibot-kotlin-1 kidax-engine[1117785]: 03:42:33.547 INFO  com.kibot.macengine.runtime.MacEngineDaemon - [PORTFOLIO_CALC] total_equity=65201 IDR from 4 balances, 0 quotes
Apr 15 03:42:33 kibot-kotlin-1 kidax-engine[1117785]: 03:42:33.659 INFO  io.ktor.server.Application - 200 OK: GET - /api/state in 7ms
Apr 15 03:42:35 kibot-kotlin-1 kidax-engine[1117785]: 03:42:35.202 INFO  io.ktor.server.Application - 200 OK: GET - /api/state in 10ms
Apr 15 03:42:35 kibot-kotlin-1 kidax-engine[1117785]: 03:42:35.520 INFO  io.ktor.server.Application - 200 OK: GET - /api/state in 7ms
Apr 15 03:42:35 kibot-kotlin-1 kidax-engine[1117785]: 03:42:35.582 ERROR com.kibot.macengine.runtime.MacEngineDaemon - LIFECYCLE_BLOCK: Cannot start sync cycle because state is DEGRADED
Apr 15 03:42:35 kibot-kotlin-1 kidax-engine[1117785]: 03:42:35.583 INFO  com.kibot.macengine.runtime.MacEngineDaemon - DEAD_ZONE_TRACE: entering dead zone after control-plane setup
Apr 15 03:42:35 kibot-kotlin-1 kidax-engine[1117785]: 03:42:35.583 INFO  com.kibot.macengine.runtime.MacEngineDaemon - DEAD_ZONE_TRACE: checking local balance / peer state cache
Apr 15 03:42:35 kibot-kotlin-1 kidax-engine[1117785]: 03:42:35.720 INFO  com.kibot.macengine.runtime.MacEngineDaemon - DEAD_ZONE_TRACE: fetching local bot state snapshot
Apr 15 03:42:35 kibot-kotlin-1 kidax-engine[1117785]: 03:42:35.758 INFO  com.kibot.macengine.runtime.MacEngineDaemon - DEAD_ZONE_TRACE: fetching lease snapshot
Apr 15 03:42:35 kibot-kotlin-1 kidax-engine[1117785]: 03:42:35.838 INFO  com.kibot.macengine.runtime.MacEngineDaemon - DEAD_ZONE_TRACE: refreshing devices / risk / equity / commands / weekly review
Apr 15 03:42:35 kibot-kotlin-1 kidax-engine[1117785]: 03:42:35.878 INFO  com.kibot.macengine.runtime.MacEngineDaemon - DEAD_ZONE_TRACE: probing market reachability and orderbook cache
Apr 15 03:42:35 kibot-kotlin-1 kidax-engine[1117785]: 03:42:35.930 WARN  com.kibot.macengine.runtime.MacEngineDaemon - [EXCHANGE_PROBE] FAILED - Exchange unreachable (failure count: 10)
Apr 15 03:42:35 kibot-kotlin-1 kidax-engine[1117785]: 03:42:35.930 INFO  com.kibot.macengine.runtime.MacEngineDaemon - DEAD_ZONE_TRACE: applying pending commands / sync processing
Apr 15 03:42:35 kibot-kotlin-1 kidax-engine[1117785]: 03:42:35.930 INFO  com.kibot.macengine.runtime.MacEngineDaemon - DEAD_ZONE_TRACE: building local health / syncing flags
Apr 15 03:42:35 kibot-kotlin-1 kidax-engine[1117785]: 03:42:35.930 INFO  com.kibot.macengine.runtime.MacEngineDaemon - DEAD_ZONE_TRACE: takeover / release gate evaluation
Apr 15 03:42:35 kibot-kotlin-1 kidax-engine[1117785]: 03:42:35.930 INFO  com.kibot.macengine.runtime.MacEngineDaemon - DEAD_ZONE_TRACE: re-reading canonical bot/lease snapshots
Apr 15 03:42:36 kibot-kotlin-1 kidax-engine[1117785]: 03:42:36.057 INFO  com.kibot.macengine.runtime.MacEngineDaemon - DEAD_ZONE_TRACE: preparing exchange fetches
Apr 15 03:42:36 kibot-kotlin-1 kidax-engine[1117785]: 03:42:36.057 INFO  com.kibot.macengine.runtime.MacEngineDaemon - DEAD_ZONE_TRACE: awaiting balances / open orders / market quotes
Apr 15 03:42:36 kibot-kotlin-1 kidax-engine[1117785]: 03:42:36.057 INFO  com.kibot.macengine.runtime.MacEngineDaemon - DEAD_ZONE_TRACE: enriching runtime market quotes
Apr 15 03:42:36 kibot-kotlin-1 kidax-engine[1117785]: 03:42:36.057 INFO  com.kibot.macengine.runtime.MacEngineDaemon - DEAD_ZONE_TRACE: market health resolved feedHealthy=false exchangeReachable=false warnings=2
Apr 15 03:42:36 kibot-kotlin-1 kidax-engine[1117785]: 03:42:36.057 INFO  com.kibot.macengine.runtime.MacEngineDaemon - DEAD_ZONE_TRACE: reached holdings evaluation handoff
Apr 15 03:42:36 kibot-kotlin-1 kidax-engine[1117785]: 03:42:36.058 INFO  com.kibot.macengine.runtime.MacEngineDaemon - [PORTFOLIO_CALC] referenceQuoteAsset=idr rate_to_idr=1
Apr 15 03:42:36 kibot-kotlin-1 kidax-engine[1117785]: 03:42:36.058 INFO  com.kibot.macengine.runtime.MacEngineDaemon - [PORTFOLIO_CALC] total_equity=65201 IDR from 4 balances, 0 quotes
Apr 15 03:42:36 kibot-kotlin-1 kidax-engine[1117785]: 03:42:36.058 INFO  com.kibot.macengine.runtime.MacEngineDaemon - [CAPITAL_REBALANCE] stable_available=25058 aggressive_available=10739 stable_deployed=0 aggressive_deployed=0
Apr 15 03:42:36 kibot-kotlin-1 kidax-engine[1117785]: 03:42:36.059 INFO  com.kibot.macengine.runtime.MacEngineDaemon - SIDE_EFFECTS_GATE: isMaster=true forceMomentumSideEffects=false strategyCyclePresent=false runtimeLeasePresent=true
Apr 15 03:42:36 kibot-kotlin-1 kidax-engine[1117785]: 03:42:36.059 INFO  com.kibot.macengine.runtime.MacEngineDaemon - [PORTFOLIO_CALC] referenceQuoteAsset=idr rate_to_idr=1
Apr 15 03:42:36 kibot-kotlin-1 kidax-engine[1117785]: 03:42:36.059 INFO  com.kibot.macengine.runtime.MacEngineDaemon - [PORTFOLIO_CALC] total_equity=65201 IDR from 4 balances, 0 quotes
Apr 15 03:42:37 kibot-kotlin-1 kidax-engine[1117785]: 03:42:37.515 INFO  io.ktor.server.Application - 200 OK: GET - /api/state in 7ms
Apr 15 03:42:38 kibot-kotlin-1 kidax-engine[1117785]: 03:42:38.063 ERROR com.kibot.macengine.runtime.MacEngineDaemon - LIFECYCLE_BLOCK: Cannot start sync cycle because state is DEGRADED
Apr 15 03:42:38 kibot-kotlin-1 kidax-engine[1117785]: 03:42:38.064 INFO  com.kibot.macengine.runtime.MacEngineDaemon - DEAD_ZONE_TRACE: entering dead zone after control-plane setup
Apr 15 03:42:38 kibot-kotlin-1 kidax-engine[1117785]: 03:42:38.064 INFO  com.kibot.macengine.runtime.MacEngineDaemon - DEAD_ZONE_TRACE: checking local balance / peer state cache
Apr 15 03:42:38 kibot-kotlin-1 kidax-engine[1117785]: 03:42:38.184 INFO  com.kibot.macengine.runtime.MacEngineDaemon - DEAD_ZONE_TRACE: fetching local bot state snapshot
Apr 15 03:42:38 kibot-kotlin-1 kidax-engine[1117785]: 03:42:38.237 INFO  com.kibot.macengine.runtime.MacEngineDaemon - DEAD_ZONE_TRACE: fetching lease snapshot
Apr 15 03:42:38 kibot-kotlin-1 kidax-engine[1117785]: 03:42:38.318 INFO  com.kibot.macengine.runtime.MacEngineDaemon - DEAD_ZONE_TRACE: refreshing devices / risk / equity / commands / weekly review
Apr 15 03:42:38 kibot-kotlin-1 kidax-engine[1117785]: 03:42:38.354 INFO  com.kibot.macengine.runtime.MacEngineDaemon - DEAD_ZONE_TRACE: probing market reachability and orderbook cache
Apr 15 03:42:38 kibot-kotlin-1 kidax-engine[1117785]: 03:42:38.397 WARN  com.kibot.macengine.runtime.MacEngineDaemon - [EXCHANGE_PROBE] FAILED - Exchange unreachable (failure count: 10)
Apr 15 03:42:38 kibot-kotlin-1 kidax-engine[1117785]: 03:42:38.397 INFO  com.kibot.macengine.runtime.MacEngineDaemon - DEAD_ZONE_TRACE: applying pending commands / sync processing
Apr 15 03:42:38 kibot-kotlin-1 kidax-engine[1117785]: 03:42:38.397 INFO  com.kibot.macengine.runtime.MacEngineDaemon - DEAD_ZONE_TRACE: building local health / syncing flags
Apr 15 03:42:38 kibot-kotlin-1 kidax-engine[1117785]: 03:42:38.397 INFO  com.kibot.macengine.runtime.MacEngineDaemon - DEAD_ZONE_TRACE: takeover / release gate evaluation
Apr 15 03:42:38 kibot-kotlin-1 kidax-engine[1117785]: 03:42:38.397 INFO  com.kibot.macengine.runtime.MacEngineDaemon - DEAD_ZONE_TRACE: re-reading canonical bot/lease snapshots
Apr 15 03:42:39 kibot-kotlin-1 kidax-engine[1117785]: 03:42:39.514 INFO  io.ktor.server.Application - 200 OK: GET - /api/state in 7ms
Apr 15 03:42:41 kibot-kotlin-1 kidax-engine[1117785]: 03:42:41.515 INFO  io.ktor.server.Application - 200 OK: GET - /api/state in 9ms
Apr 15 03:42:41 kibot-kotlin-1 kidax-engine[1117785]: 03:42:41.563 INFO  com.kibot.macengine.runtime.MacEngineDaemon - DEAD_ZONE_TRACE: preparing exchange fetches
Apr 15 03:42:41 kibot-kotlin-1 kidax-engine[1117785]: 03:42:41.563 INFO  com.kibot.macengine.runtime.MacEngineDaemon - DEAD_ZONE_TRACE: awaiting balances / open orders / market quotes
Apr 15 03:42:41 kibot-kotlin-1 kidax-engine[1117785]: 03:42:41.563 INFO  com.kibot.macengine.runtime.MacEngineDaemon - DEAD_ZONE_TRACE: enriching runtime market quotes
Apr 15 03:42:41 kibot-kotlin-1 kidax-engine[1117785]: 03:42:41.563 INFO  com.kibot.macengine.runtime.MacEngineDaemon - DEAD_ZONE_TRACE: market health resolved feedHealthy=false exchangeReachable=false warnings=2
Apr 15 03:42:41 kibot-kotlin-1 kidax-engine[1117785]: 03:42:41.563 INFO  com.kibot.macengine.runtime.MacEngineDaemon - DEAD_ZONE_TRACE: reached holdings evaluation handoff
Apr 15 03:42:41 kibot-kotlin-1 kidax-engine[1117785]: 03:42:41.563 INFO  com.kibot.macengine.runtime.MacEngineDaemon - [PORTFOLIO_CALC] referenceQuoteAsset=idr rate_to_idr=1
Apr 15 03:42:41 kibot-kotlin-1 kidax-engine[1117785]: 03:42:41.563 INFO  com.kibot.macengine.runtime.MacEngineDaemon - [PORTFOLIO_CALC] total_equity=65201 IDR from 4 balances, 0 quotes
Apr 15 03:42:41 kibot-kotlin-1 kidax-engine[1117785]: 03:42:41.563 INFO  com.kibot.macengine.runtime.MacEngineDaemon - [CAPITAL_REBALANCE] stable_available=25058 aggressive_available=10739 stable_deployed=0 aggressive_deployed=0
Apr 15 03:42:41 kibot-kotlin-1 kidax-engine[1117785]: 03:42:41.563 INFO  com.kibot.macengine.runtime.MacEngineDaemon - SIDE_EFFECTS_GATE: isMaster=true forceMomentumSideEffects=false strategyCyclePresent=false runtimeLeasePresent=true
Apr 15 03:42:41 kibot-kotlin-1 kidax-engine[1117785]: 03:42:41.563 INFO  com.kibot.macengine.runtime.MacEngineDaemon - [PORTFOLIO_CALC] referenceQuoteAsset=idr rate_to_idr=1
Apr 15 03:42:41 kibot-kotlin-1 kidax-engine[1117785]: 03:42:41.563 INFO  com.kibot.macengine.runtime.MacEngineDaemon - [PORTFOLIO_CALC] total_equity=65201 IDR from 4 balances, 0 quotes
Apr 15 03:42:43 kibot-kotlin-1 kidax-engine[1117785]: 03:42:43.515 INFO  io.ktor.server.Application - 200 OK: GET - /api/state in 9ms
Apr 15 03:42:44 kibot-kotlin-1 kidax-engine[1117785]: 03:42:44.570 ERROR com.kibot.macengine.runtime.MacEngineDaemon - LIFECYCLE_BLOCK: Cannot start sync cycle because state is DEGRADED
Apr 15 03:42:44 kibot-kotlin-1 kidax-engine[1117785]: 03:42:44.571 INFO  com.kibot.macengine.runtime.MacEngineDaemon - DEAD_ZONE_TRACE: entering dead zone after control-plane setup
Apr 15 03:42:44 kibot-kotlin-1 kidax-engine[1117785]: 03:42:44.571 INFO  com.kibot.macengine.runtime.MacEngineDaemon - DEAD_ZONE_TRACE: checking local balance / peer state cache
Apr 15 03:42:45 kibot-kotlin-1 kidax-engine[1117785]: 03:42:45.514 INFO  io.ktor.server.Application - 200 OK: GET - /api/state in 7ms
Apr 15 03:42:47 kibot-kotlin-1 kidax-engine[1117785]: 03:42:47.016 INFO  com.kibot.macengine.runtime.MacEngineDaemon - DEAD_ZONE_TRACE: fetching local bot state snapshot
Apr 15 03:42:47 kibot-kotlin-1 kidax-engine[1117785]: 03:42:47.518 INFO  io.ktor.server.Application - 200 OK: GET - /api/state in 8ms
Apr 15 03:42:47 kibot-kotlin-1 kidax-engine[1117785]: 03:42:47.600 INFO  io.ktor.server.Application - 200 OK: GET - /api/state in 14ms
Apr 15 03:42:47 kibot-kotlin-1 kidax-engine[1117785]: 03:42:47.683 INFO  io.ktor.server.Application - 200 OK: GET - / in 0ms
Apr 15 03:42:48 kibot-kotlin-1 kidax-engine[1117785]: 03:42:48.183 INFO  com.kibot.macengine.runtime.MacEngineDaemon - DEAD_ZONE_TRACE: fetching lease snapshot
Apr 15 03:42:48 kibot-kotlin-1 kidax-engine[1117785]: 03:42:48.191 INFO  io.ktor.server.Application - 200 OK: GET - /api/state in 8ms
Apr 15 03:42:48 kibot-kotlin-1 kidax-engine[1117785]: 03:42:48.202 INFO  io.ktor.server.Application - 200 OK: GET - / in 0ms
Apr 15 03:42:49 kibot-kotlin-1 kidax-engine[1117785]: 03:42:49.516 INFO  io.ktor.server.Application - 200 OK: GET - /api/state in 7ms
Apr 15 03:42:49 kibot-kotlin-1 kidax-engine[1117785]: 03:42:49.910 INFO  com.kibot.macengine.runtime.MacEngineDaemon - DEAD_ZONE_TRACE: refreshing devices / risk / equity / commands / weekly review
Apr 15 03:42:50 kibot-kotlin-1 kidax-engine[1117785]: 03:42:50.235 INFO  io.ktor.server.Application - 200 OK: GET - /api/state in 6ms
Apr 15 03:42:51 kibot-kotlin-1 kidax-engine[1117785]: 03:42:51.515 INFO  io.ktor.server.Application - 200 OK: GET - /api/state in 7ms
Apr 15 03:42:53 kibot-kotlin-1 kidax-engine[1117785]: 03:42:53.522 INFO  io.ktor.server.Application - 200 OK: GET - /api/state in 15ms
Apr 15 03:42:54 kibot-kotlin-1 kidax-engine[1117785]: 03:42:54.417 INFO  com.kibot.macengine.runtime.MacEngineDaemon - DEAD_ZONE_TRACE: probing market reachability and orderbook cache
Apr 15 03:42:54 kibot-kotlin-1 kidax-engine[1117785]: 03:42:54.468 WARN  com.kibot.macengine.runtime.MacEngineDaemon - [EXCHANGE_PROBE] FAILED - Exchange unreachable (failure count: 10)
Apr 15 03:42:54 kibot-kotlin-1 kidax-engine[1117785]: 03:42:54.468 INFO  com.kibot.macengine.runtime.MacEngineDaemon - DEAD_ZONE_TRACE: applying pending commands / sync processing
Apr 15 03:42:54 kibot-kotlin-1 kidax-engine[1117785]: 03:42:54.468 INFO  com.kibot.macengine.runtime.MacEngineDaemon - DEAD_ZONE_TRACE: building local health / syncing flags
Apr 15 03:42:54 kibot-kotlin-1 kidax-engine[1117785]: 03:42:54.468 INFO  com.kibot.macengine.runtime.MacEngineDaemon - DEAD_ZONE_TRACE: takeover / release gate evaluation
Apr 15 03:42:54 kibot-kotlin-1 kidax-engine[1117785]: 03:42:54.468 INFO  com.kibot.macengine.runtime.MacEngineDaemon - DEAD_ZONE_TRACE: re-reading canonical bot/lease snapshots
Apr 15 03:42:54 kibot-kotlin-1 kidax-engine[1117785]: 03:42:54.621 INFO  com.kibot.macengine.runtime.MacEngineDaemon - DEAD_ZONE_TRACE: preparing exchange fetches
Apr 15 03:42:54 kibot-kotlin-1 kidax-engine[1117785]: 03:42:54.621 INFO  com.kibot.macengine.runtime.MacEngineDaemon - DEAD_ZONE_TRACE: awaiting balances / open orders / market quotes
Apr 15 03:42:54 kibot-kotlin-1 kidax-engine[1117785]: 03:42:54.621 INFO  com.kibot.macengine.runtime.MacEngineDaemon - DEAD_ZONE_TRACE: enriching runtime market quotes
Apr 15 03:42:54 kibot-kotlin-1 kidax-engine[1117785]: 03:42:54.621 INFO  com.kibot.macengine.runtime.MacEngineDaemon - DEAD_ZONE_TRACE: market health resolved feedHealthy=false exchangeReachable=false warnings=2
Apr 15 03:42:54 kibot-kotlin-1 kidax-engine[1117785]: 03:42:54.621 INFO  com.kibot.macengine.runtime.MacEngineDaemon - DEAD_ZONE_TRACE: reached holdings evaluation handoff
Apr 15 03:42:54 kibot-kotlin-1 kidax-engine[1117785]: 03:42:54.623 INFO  com.kibot.macengine.runtime.MacEngineDaemon - [PORTFOLIO_CALC] referenceQuoteAsset=idr rate_to_idr=1
Apr 15 03:42:54 kibot-kotlin-1 kidax-engine[1117785]: 03:42:54.623 INFO  com.kibot.macengine.runtime.MacEngineDaemon - [PORTFOLIO_CALC] total_equity=65201 IDR from 4 balances, 0 quotes
Apr 15 03:42:54 kibot-kotlin-1 kidax-engine[1117785]: 03:42:54.623 INFO  com.kibot.macengine.runtime.MacEngineDaemon - [CAPITAL_REBALANCE] stable_available=25058 aggressive_available=10739 stable_deployed=0 aggressive_deployed=0
Apr 15 03:42:54 kibot-kotlin-1 kidax-engine[1117785]: 03:42:54.624 INFO  com.kibot.macengine.runtime.MacEngineDaemon - SIDE_EFFECTS_GATE: isMaster=true forceMomentumSideEffects=false strategyCyclePresent=false runtimeLeasePresent=true
Apr 15 03:42:54 kibot-kotlin-1 kidax-engine[1117785]: 03:42:54.624 INFO  com.kibot.macengine.runtime.MacEngineDaemon - [PORTFOLIO_CALC] referenceQuoteAsset=idr rate_to_idr=1
Apr 15 03:42:54 kibot-kotlin-1 kidax-engine[1117785]: 03:42:54.624 INFO  com.kibot.macengine.runtime.MacEngineDaemon - [PORTFOLIO_CALC] total_equity=65201 IDR from 4 balances, 0 quotes
Apr 15 03:42:55 kibot-kotlin-1 kidax-engine[1117785]: 03:42:55.515 INFO  io.ktor.server.Application - 200 OK: GET - /api/state in 7ms
Apr 15 03:42:56 kibot-kotlin-1 kidax-engine[1117785]: 03:42:56.877 ERROR com.kibot.macengine.runtime.MacEngineDaemon - LIFECYCLE_BLOCK: Cannot start sync cycle because state is DEGRADED
Apr 15 03:42:56 kibot-kotlin-1 kidax-engine[1117785]: 03:42:56.879 INFO  com.kibot.macengine.runtime.MacEngineDaemon - DEAD_ZONE_TRACE: entering dead zone after control-plane setup
Apr 15 03:42:56 kibot-kotlin-1 kidax-engine[1117785]: 03:42:56.879 INFO  com.kibot.macengine.runtime.MacEngineDaemon - DEAD_ZONE_TRACE: checking local balance / peer state cache
Apr 15 03:42:56 kibot-kotlin-1 kidax-engine[1117785]: 03:42:56.999 INFO  com.kibot.macengine.runtime.MacEngineDaemon - DEAD_ZONE_TRACE: fetching local bot state snapshot
Apr 15 03:42:57 kibot-kotlin-1 kidax-engine[1117785]: 03:42:57.037 INFO  com.kibot.macengine.runtime.MacEngineDaemon - DEAD_ZONE_TRACE: fetching lease snapshot
Apr 15 03:42:57 kibot-kotlin-1 kidax-engine[1117785]: 03:42:57.130 INFO  com.kibot.macengine.runtime.MacEngineDaemon - DEAD_ZONE_TRACE: refreshing devices / risk / equity / commands / weekly review
Apr 15 03:42:57 kibot-kotlin-1 kidax-engine[1117785]: 03:42:57.310 INFO  com.kibot.macengine.runtime.MacEngineDaemon - DEAD_ZONE_TRACE: probing market reachability and orderbook cache
Apr 15 03:42:57 kibot-kotlin-1 kidax-engine[1117785]: 03:42:57.357 WARN  com.kibot.macengine.runtime.MacEngineDaemon - [EXCHANGE_PROBE] FAILED - Exchange unreachable (failure count: 10)
Apr 15 03:42:57 kibot-kotlin-1 kidax-engine[1117785]: 03:42:57.357 INFO  com.kibot.macengine.runtime.MacEngineDaemon - DEAD_ZONE_TRACE: applying pending commands / sync processing
Apr 15 03:42:57 kibot-kotlin-1 kidax-engine[1117785]: 03:42:57.357 INFO  com.kibot.macengine.runtime.MacEngineDaemon - DEAD_ZONE_TRACE: building local health / syncing flags
Apr 15 03:42:57 kibot-kotlin-1 kidax-engine[1117785]: 03:42:57.357 INFO  com.kibot.macengine.runtime.MacEngineDaemon - DEAD_ZONE_TRACE: takeover / release gate evaluation
Apr 15 03:42:57 kibot-kotlin-1 kidax-engine[1117785]: 03:42:57.357 INFO  com.kibot.macengine.runtime.MacEngineDaemon - DEAD_ZONE_TRACE: re-reading canonical bot/lease snapshots
Apr 15 03:42:57 kibot-kotlin-1 kidax-engine[1117785]: 03:42:57.486 INFO  com.kibot.macengine.runtime.MacEngineDaemon - DEAD_ZONE_TRACE: preparing exchange fetches
Apr 15 03:42:57 kibot-kotlin-1 kidax-engine[1117785]: 03:42:57.486 INFO  com.kibot.macengine.runtime.MacEngineDaemon - DEAD_ZONE_TRACE: awaiting balances / open orders / market quotes
Apr 15 03:42:57 kibot-kotlin-1 kidax-engine[1117785]: 03:42:57.486 INFO  com.kibot.macengine.runtime.MacEngineDaemon - DEAD_ZONE_TRACE: enriching runtime market quotes
Apr 15 03:42:57 kibot-kotlin-1 kidax-engine[1117785]: 03:42:57.486 INFO  com.kibot.macengine.runtime.MacEngineDaemon - DEAD_ZONE_TRACE: market health resolved feedHealthy=false exchangeReachable=false warnings=2
Apr 15 03:42:57 kibot-kotlin-1 kidax-engine[1117785]: 03:42:57.486 INFO  com.kibot.macengine.runtime.MacEngineDaemon - DEAD_ZONE_TRACE: reached holdings evaluation handoff
Apr 15 03:42:57 kibot-kotlin-1 kidax-engine[1117785]: 03:42:57.486 INFO  com.kibot.macengine.runtime.MacEngineDaemon - [PORTFOLIO_CALC] referenceQuoteAsset=idr rate_to_idr=1
Apr 15 03:42:57 kibot-kotlin-1 kidax-engine[1117785]: 03:42:57.486 INFO  com.kibot.macengine.runtime.MacEngineDaemon - [PORTFOLIO_CALC] total_equity=65201 IDR from 4 balances, 0 quotes
Apr 15 03:42:57 kibot-kotlin-1 kidax-engine[1117785]: 03:42:57.486 INFO  com.kibot.macengine.runtime.MacEngineDaemon - [CAPITAL_REBALANCE] stable_available=25058 aggressive_available=10739 stable_deployed=0 aggressive_deployed=0
Apr 15 03:42:57 kibot-kotlin-1 kidax-engine[1117785]: 03:42:57.489 INFO  com.kibot.macengine.runtime.MacEngineDaemon - SIDE_EFFECTS_GATE: isMaster=true forceMomentumSideEffects=false strategyCyclePresent=false runtimeLeasePresent=true
Apr 15 03:42:57 kibot-kotlin-1 kidax-engine[1117785]: 03:42:57.489 INFO  com.kibot.macengine.runtime.MacEngineDaemon - [PORTFOLIO_CALC] referenceQuoteAsset=idr rate_to_idr=1
Apr 15 03:42:57 kibot-kotlin-1 kidax-engine[1117785]: 03:42:57.489 INFO  com.kibot.macengine.runtime.MacEngineDaemon - [PORTFOLIO_CALC] total_equity=65201 IDR from 4 balances, 0 quotes
Apr 15 03:42:57 kibot-kotlin-1 kidax-engine[1117785]: 03:42:57.513 INFO  io.ktor.server.Application - 200 OK: GET - /api/state in 7ms
Apr 15 03:42:59 kibot-kotlin-1 kidax-engine[1117785]: 03:42:59.518 INFO  io.ktor.server.Application - 200 OK: GET - /api/state in 13ms
Apr 15 03:42:59 kibot-kotlin-1 kidax-engine[1117785]: 03:42:59.614 ERROR com.kibot.macengine.runtime.MacEngineDaemon - LIFECYCLE_BLOCK: Cannot start sync cycle because state is DEGRADED
Apr 15 03:42:59 kibot-kotlin-1 kidax-engine[1117785]: 03:42:59.615 INFO  com.kibot.macengine.runtime.MacEngineDaemon - DEAD_ZONE_TRACE: entering dead zone after control-plane setup
Apr 15 03:42:59 kibot-kotlin-1 kidax-engine[1117785]: 03:42:59.615 INFO  com.kibot.macengine.runtime.MacEngineDaemon - DEAD_ZONE_TRACE: checking local balance / peer state cache
Apr 15 03:42:59 kibot-kotlin-1 kidax-engine[1117785]: 03:42:59.746 INFO  com.kibot.macengine.runtime.MacEngineDaemon - DEAD_ZONE_TRACE: fetching local bot state snapshot
Apr 15 03:42:59 kibot-kotlin-1 kidax-engine[1117785]: 03:42:59.786 INFO  com.kibot.macengine.runtime.MacEngineDaemon - DEAD_ZONE_TRACE: fetching lease snapshot
Apr 15 03:42:59 kibot-kotlin-1 kidax-engine[1117785]: 03:42:59.868 INFO  com.kibot.macengine.runtime.MacEngineDaemon - DEAD_ZONE_TRACE: refreshing devices / risk / equity / commands / weekly review
Apr 15 03:42:59 kibot-kotlin-1 kidax-engine[1117785]: 03:42:59.928 INFO  com.kibot.macengine.runtime.MacEngineDaemon - DEAD_ZONE_TRACE: probing market reachability and orderbook cache
Apr 15 03:42:59 kibot-kotlin-1 kidax-engine[1117785]: 03:42:59.967 WARN  com.kibot.macengine.runtime.MacEngineDaemon - [EXCHANGE_PROBE] FAILED - Exchange unreachable (failure count: 10)
Apr 15 03:42:59 kibot-kotlin-1 kidax-engine[1117785]: 03:42:59.968 INFO  com.kibot.macengine.runtime.MacEngineDaemon - DEAD_ZONE_TRACE: applying pending commands / sync processing
Apr 15 03:42:59 kibot-kotlin-1 kidax-engine[1117785]: 03:42:59.968 INFO  com.kibot.macengine.runtime.MacEngineDaemon - DEAD_ZONE_TRACE: building local health / syncing flags
Apr 15 03:42:59 kibot-kotlin-1 kidax-engine[1117785]: 03:42:59.968 INFO  com.kibot.macengine.runtime.MacEngineDaemon - DEAD_ZONE_TRACE: takeover / release gate evaluation
Apr 15 03:42:59 kibot-kotlin-1 kidax-engine[1117785]: 03:42:59.968 INFO  com.kibot.macengine.runtime.MacEngineDaemon - DEAD_ZONE_TRACE: re-reading canonical bot/lease snapshots
Apr 15 03:43:00 kibot-kotlin-1 kidax-engine[1117785]: 03:43:00.085 INFO  com.kibot.macengine.runtime.MacEngineDaemon - DEAD_ZONE_TRACE: preparing exchange fetches
Apr 15 03:43:00 kibot-kotlin-1 kidax-engine[1117785]: 03:43:00.085 INFO  com.kibot.macengine.runtime.MacEngineDaemon - DEAD_ZONE_TRACE: awaiting balances / open orders / market quotes
Apr 15 03:43:00 kibot-kotlin-1 kidax-engine[1117785]: 03:43:00.086 INFO  com.kibot.macengine.runtime.MacEngineDaemon - DEAD_ZONE_TRACE: enriching runtime market quotes
Apr 15 03:43:00 kibot-kotlin-1 kidax-engine[1117785]: 03:43:00.086 INFO  com.kibot.macengine.runtime.MacEngineDaemon - DEAD_ZONE_TRACE: market health resolved feedHealthy=false exchangeReachable=false warnings=2
Apr 15 03:43:00 kibot-kotlin-1 kidax-engine[1117785]: 03:43:00.086 INFO  com.kibot.macengine.runtime.MacEngineDaemon - DEAD_ZONE_TRACE: reached holdings evaluation handoff
Apr 15 03:43:00 kibot-kotlin-1 kidax-engine[1117785]: 03:43:00.086 INFO  com.kibot.macengine.runtime.MacEngineDaemon - [PORTFOLIO_CALC] referenceQuoteAsset=idr rate_to_idr=1
Apr 15 03:43:00 kibot-kotlin-1 kidax-engine[1117785]: 03:43:00.086 INFO  com.kibot.macengine.runtime.MacEngineDaemon - [PORTFOLIO_CALC] total_equity=65201 IDR from 4 balances, 0 quotes
Apr 15 03:43:00 kibot-kotlin-1 kidax-engine[1117785]: 03:43:00.086 INFO  com.kibot.macengine.runtime.MacEngineDaemon - [CAPITAL_REBALANCE] stable_available=25058 aggressive_available=10739 stable_deployed=0 aggressive_deployed=0
Apr 15 03:43:00 kibot-kotlin-1 kidax-engine[1117785]: 03:43:00.086 INFO  com.kibot.macengine.runtime.MacEngineDaemon - SIDE_EFFECTS_GATE: isMaster=true forceMomentumSideEffects=false strategyCyclePresent=false runtimeLeasePresent=true
Apr 15 03:43:00 kibot-kotlin-1 kidax-engine[1117785]: 03:43:00.086 INFO  com.kibot.macengine.runtime.MacEngineDaemon - [PORTFOLIO_CALC] referenceQuoteAsset=idr rate_to_idr=1
Apr 15 03:43:00 kibot-kotlin-1 kidax-engine[1117785]: 03:43:00.086 INFO  com.kibot.macengine.runtime.MacEngineDaemon - [PORTFOLIO_CALC] total_equity=65201 IDR from 4 balances, 0 quotes
Apr 15 03:43:01 kibot-kotlin-1 kidax-engine[1117785]: 03:43:01.512 INFO  io.ktor.server.Application - 200 OK: GET - /api/state in 6ms
Apr 15 03:43:02 kibot-kotlin-1 kidax-engine[1117785]: 03:43:02.089 ERROR com.kibot.macengine.runtime.MacEngineDaemon - LIFECYCLE_BLOCK: Cannot start sync cycle because state is DEGRADED
Apr 15 03:43:02 kibot-kotlin-1 kidax-engine[1117785]: 03:43:02.090 INFO  com.kibot.macengine.runtime.MacEngineDaemon - DEAD_ZONE_TRACE: entering dead zone after control-plane setup
Apr 15 03:43:02 kibot-kotlin-1 kidax-engine[1117785]: 03:43:02.090 INFO  com.kibot.macengine.runtime.MacEngineDaemon - DEAD_ZONE_TRACE: checking local balance / peer state cache
Apr 15 03:43:02 kibot-kotlin-1 kidax-engine[1117785]: 03:43:02.239 INFO  com.kibot.macengine.runtime.MacEngineDaemon - DEAD_ZONE_TRACE: fetching local bot state snapshot
Apr 15 03:43:02 kibot-kotlin-1 kidax-engine[1117785]: 03:43:02.279 INFO  com.kibot.macengine.runtime.MacEngineDaemon - DEAD_ZONE_TRACE: fetching lease snapshot
Apr 15 03:43:02 kibot-kotlin-1 kidax-engine[1117785]: 03:43:02.360 INFO  com.kibot.macengine.runtime.MacEngineDaemon - DEAD_ZONE_TRACE: refreshing devices / risk / equity / commands / weekly review
Apr 15 03:43:02 kibot-kotlin-1 kidax-engine[1117785]: 03:43:02.399 INFO  com.kibot.macengine.runtime.MacEngineDaemon - DEAD_ZONE_TRACE: probing market reachability and orderbook cache
Apr 15 03:43:02 kibot-kotlin-1 kidax-engine[1117785]: 03:43:02.457 WARN  com.kibot.macengine.runtime.MacEngineDaemon - [EXCHANGE_PROBE] FAILED - Exchange unreachable (failure count: 10)
Apr 15 03:43:02 kibot-kotlin-1 kidax-engine[1117785]: 03:43:02.457 INFO  com.kibot.macengine.runtime.MacEngineDaemon - DEAD_ZONE_TRACE: applying pending commands / sync processing
Apr 15 03:43:02 kibot-kotlin-1 kidax-engine[1117785]: 03:43:02.457 INFO  com.kibot.macengine.runtime.MacEngineDaemon - DEAD_ZONE_TRACE: building local health / syncing flags
Apr 15 03:43:02 kibot-kotlin-1 kidax-engine[1117785]: 03:43:02.457 INFO  com.kibot.macengine.runtime.MacEngineDaemon - DEAD_ZONE_TRACE: takeover / release gate evaluation
Apr 15 03:43:02 kibot-kotlin-1 kidax-engine[1117785]: 03:43:02.457 INFO  com.kibot.macengine.runtime.MacEngineDaemon - DEAD_ZONE_TRACE: re-reading canonical bot/lease snapshots
Apr 15 03:43:02 kibot-kotlin-1 kidax-engine[1117785]: 03:43:02.591 INFO  com.kibot.macengine.runtime.MacEngineDaemon - DEAD_ZONE_TRACE: preparing exchange fetches
Apr 15 03:43:02 kibot-kotlin-1 kidax-engine[1117785]: 03:43:02.591 INFO  com.kibot.macengine.runtime.MacEngineDaemon - DEAD_ZONE_TRACE: awaiting balances / open orders / market quotes
Apr 15 03:43:02 kibot-kotlin-1 kidax-engine[1117785]: 03:43:02.591 INFO  com.kibot.macengine.runtime.MacEngineDaemon - DEAD_ZONE_TRACE: enriching runtime market quotes
Apr 15 03:43:02 kibot-kotlin-1 kidax-engine[1117785]: 03:43:02.591 INFO  com.kibot.macengine.runtime.MacEngineDaemon - DEAD_ZONE_TRACE: market health resolved feedHealthy=false exchangeReachable=false warnings=2
Apr 15 03:43:02 kibot-kotlin-1 kidax-engine[1117785]: 03:43:02.591 INFO  com.kibot.macengine.runtime.MacEngineDaemon - DEAD_ZONE_TRACE: reached holdings evaluation handoff
Apr 15 03:43:02 kibot-kotlin-1 kidax-engine[1117785]: 03:43:02.591 INFO  com.kibot.macengine.runtime.MacEngineDaemon - [PORTFOLIO_CALC] referenceQuoteAsset=idr rate_to_idr=1
Apr 15 03:43:02 kibot-kotlin-1 kidax-engine[1117785]: 03:43:02.591 INFO  com.kibot.macengine.runtime.MacEngineDaemon - [PORTFOLIO_CALC] total_equity=65201 IDR from 4 balances, 0 quotes
Apr 15 03:43:02 kibot-kotlin-1 kidax-engine[1117785]: 03:43:02.591 INFO  com.kibot.macengine.runtime.MacEngineDaemon - [CAPITAL_REBALANCE] stable_available=25058 aggressive_available=10739 stable_deployed=0 aggressive_deployed=0
Apr 15 03:43:02 kibot-kotlin-1 kidax-engine[1117785]: 03:43:02.593 INFO  com.kibot.macengine.runtime.MacEngineDaemon - SIDE_EFFECTS_GATE: isMaster=true forceMomentumSideEffects=false strategyCyclePresent=false runtimeLeasePresent=true
Apr 15 03:43:02 kibot-kotlin-1 kidax-engine[1117785]: 03:43:02.593 INFO  com.kibot.macengine.runtime.MacEngineDaemon - [PORTFOLIO_CALC] referenceQuoteAsset=idr rate_to_idr=1
Apr 15 03:43:02 kibot-kotlin-1 kidax-engine[1117785]: 03:43:02.593 INFO  com.kibot.macengine.runtime.MacEngineDaemon - [PORTFOLIO_CALC] total_equity=65201 IDR from 4 balances, 0 quotes
Apr 15 03:43:03 kibot-kotlin-1 kidax-engine[1117785]: 03:43:03.513 INFO  io.ktor.server.Application - 200 OK: GET - /api/state in 6ms
Apr 15 03:43:03 kibot-kotlin-1 kidax-engine[1117785]: 03:43:03.676 INFO  io.ktor.server.Application - 200 OK: GET - /api/state in 9ms
Apr 15 03:43:04 kibot-kotlin-1 kidax-engine[1117785]: 03:43:04.597 ERROR com.kibot.macengine.runtime.MacEngineDaemon - LIFECYCLE_BLOCK: Cannot start sync cycle because state is DEGRADED
Apr 15 03:43:04 kibot-kotlin-1 kidax-engine[1117785]: 03:43:04.598 INFO  com.kibot.macengine.runtime.MacEngineDaemon - DEAD_ZONE_TRACE: entering dead zone after control-plane setup
Apr 15 03:43:04 kibot-kotlin-1 kidax-engine[1117785]: 03:43:04.598 INFO  com.kibot.macengine.runtime.MacEngineDaemon - DEAD_ZONE_TRACE: checking local balance / peer state cache
Apr 15 03:43:04 kibot-kotlin-1 kidax-engine[1117785]: 03:43:04.599 INFO  io.ktor.server.Application - 101 Switching Protocols: GET - /ws in 45309ms
Apr 15 03:43:04 kibot-kotlin-1 kidax-engine[1117785]: 03:43:04.599 INFO  io.ktor.server.Application - 101 Switching Protocols: GET - /ws in 88709ms
Apr 15 03:43:04 kibot-kotlin-1 kidax-engine[1117785]: 03:43:04.736 INFO  com.kibot.macengine.runtime.MacEngineDaemon - DEAD_ZONE_TRACE: fetching local bot state snapshot
Apr 15 03:43:04 kibot-kotlin-1 kidax-engine[1117785]: 03:43:04.780 INFO  com.kibot.macengine.runtime.MacEngineDaemon - DEAD_ZONE_TRACE: fetching lease snapshot
Apr 15 03:43:04 kibot-kotlin-1 kidax-engine[1117785]: 03:43:04.869 INFO  com.kibot.macengine.runtime.MacEngineDaemon - DEAD_ZONE_TRACE: refreshing devices / risk / equity / commands / weekly review
Apr 15 03:43:04 kibot-kotlin-1 kidax-engine[1117785]: 03:43:04.909 INFO  com.kibot.macengine.runtime.MacEngineDaemon - DEAD_ZONE_TRACE: probing market reachability and orderbook cache
Apr 15 03:43:04 kibot-kotlin-1 kidax-engine[1117785]: 03:43:04.952 WARN  com.kibot.macengine.runtime.MacEngineDaemon - [EXCHANGE_PROBE] FAILED - Exchange unreachable (failure count: 10)
Apr 15 03:43:04 kibot-kotlin-1 kidax-engine[1117785]: 03:43:04.952 INFO  com.kibot.macengine.runtime.MacEngineDaemon - DEAD_ZONE_TRACE: applying pending commands / sync processing
Apr 15 03:43:04 kibot-kotlin-1 kidax-engine[1117785]: 03:43:04.952 INFO  com.kibot.macengine.runtime.MacEngineDaemon - DEAD_ZONE_TRACE: building local health / syncing flags
Apr 15 03:43:04 kibot-kotlin-1 kidax-engine[1117785]: 03:43:04.952 INFO  com.kibot.macengine.runtime.MacEngineDaemon - DEAD_ZONE_TRACE: takeover / release gate evaluation
Apr 15 03:43:04 kibot-kotlin-1 kidax-engine[1117785]: 03:43:04.952 INFO  com.kibot.macengine.runtime.MacEngineDaemon - DEAD_ZONE_TRACE: re-reading canonical bot/lease snapshots
Apr 15 03:43:05 kibot-kotlin-1 kidax-engine[1117785]: 03:43:05.094 INFO  com.kibot.macengine.runtime.MacEngineDaemon - DEAD_ZONE_TRACE: preparing exchange fetches
Apr 15 03:43:05 kibot-kotlin-1 kidax-engine[1117785]: 03:43:05.094 INFO  com.kibot.macengine.runtime.MacEngineDaemon - DEAD_ZONE_TRACE: awaiting balances / open orders / market quotes
Apr 15 03:43:05 kibot-kotlin-1 kidax-engine[1117785]: 03:43:05.094 INFO  com.kibot.macengine.runtime.MacEngineDaemon - DEAD_ZONE_TRACE: enriching runtime market quotes
Apr 15 03:43:05 kibot-kotlin-1 kidax-engine[1117785]: 03:43:05.094 INFO  com.kibot.macengine.runtime.MacEngineDaemon - DEAD_ZONE_TRACE: market health resolved feedHealthy=false exchangeReachable=false warnings=2
Apr 15 03:43:05 kibot-kotlin-1 kidax-engine[1117785]: 03:43:05.094 INFO  com.kibot.macengine.runtime.MacEngineDaemon - DEAD_ZONE_TRACE: reached holdings evaluation handoff
Apr 15 03:43:05 kibot-kotlin-1 kidax-engine[1117785]: 03:43:05.094 INFO  com.kibot.macengine.runtime.MacEngineDaemon - [PORTFOLIO_CALC] referenceQuoteAsset=idr rate_to_idr=1
Apr 15 03:43:05 kibot-kotlin-1 kidax-engine[1117785]: 03:43:05.094 INFO  com.kibot.macengine.runtime.MacEngineDaemon - [PORTFOLIO_CALC] total_equity=65201 IDR from 4 balances, 0 quotes
Apr 15 03:43:05 kibot-kotlin-1 kidax-engine[1117785]: 03:43:05.094 INFO  com.kibot.macengine.runtime.MacEngineDaemon - [CAPITAL_REBALANCE] stable_available=25058 aggressive_available=10739 stable_deployed=0 aggressive_deployed=0
Apr 15 03:43:05 kibot-kotlin-1 kidax-engine[1117785]: 03:43:05.094 INFO  com.kibot.macengine.runtime.MacEngineDaemon - SIDE_EFFECTS_GATE: isMaster=true forceMomentumSideEffects=false strategyCyclePresent=false runtimeLeasePresent=true
Apr 15 03:43:05 kibot-kotlin-1 kidax-engine[1117785]: 03:43:05.094 INFO  com.kibot.macengine.runtime.MacEngineDaemon - [PORTFOLIO_CALC] referenceQuoteAsset=idr rate_to_idr=1
Apr 15 03:43:05 kibot-kotlin-1 kidax-engine[1117785]: 03:43:05.094 INFO  com.kibot.macengine.runtime.MacEngineDaemon - [PORTFOLIO_CALC] total_equity=65201 IDR from 4 balances, 0 quotes
Apr 15 03:43:05 kibot-kotlin-1 kidax-engine[1117785]: 03:43:05.250 INFO  io.ktor.server.Application - 200 OK: GET - /api/state in 7ms
Apr 15 03:43:05 kibot-kotlin-1 kidax-engine[1117785]: 03:43:05.515 INFO  io.ktor.server.Application - 200 OK: GET - /api/state in 7ms
Apr 15 03:43:07 kibot-kotlin-1 kidax-engine[1117785]: 03:43:07.097 ERROR com.kibot.macengine.runtime.MacEngineDaemon - LIFECYCLE_BLOCK: Cannot start sync cycle because state is DEGRADED
Apr 15 03:43:07 kibot-kotlin-1 kidax-engine[1117785]: 03:43:07.098 INFO  com.kibot.macengine.runtime.MacEngineDaemon - DEAD_ZONE_TRACE: entering dead zone after control-plane setup
Apr 15 03:43:07 kibot-kotlin-1 kidax-engine[1117785]: 03:43:07.098 INFO  com.kibot.macengine.runtime.MacEngineDaemon - DEAD_ZONE_TRACE: checking local balance / peer state cache
Apr 15 03:43:07 kibot-kotlin-1 kidax-engine[1117785]: 03:43:07.237 INFO  com.kibot.macengine.runtime.MacEngineDaemon - DEAD_ZONE_TRACE: fetching local bot state snapshot
Apr 15 03:43:07 kibot-kotlin-1 kidax-engine[1117785]: 03:43:07.287 INFO  com.kibot.macengine.runtime.MacEngineDaemon - DEAD_ZONE_TRACE: fetching lease snapshot
Apr 15 03:43:07 kibot-kotlin-1 kidax-engine[1117785]: 03:43:07.365 INFO  com.kibot.macengine.runtime.MacEngineDaemon - DEAD_ZONE_TRACE: refreshing devices / risk / equity / commands / weekly review
Apr 15 03:43:07 kibot-kotlin-1 kidax-engine[1117785]: 03:43:07.405 INFO  com.kibot.macengine.runtime.MacEngineDaemon - DEAD_ZONE_TRACE: probing market reachability and orderbook cache
Apr 15 03:43:07 kibot-kotlin-1 kidax-engine[1117785]: 03:43:07.455 WARN  com.kibot.macengine.runtime.MacEngineDaemon - [EXCHANGE_PROBE] FAILED - Exchange unreachable (failure count: 10)
Apr 15 03:43:07 kibot-kotlin-1 kidax-engine[1117785]: 03:43:07.455 INFO  com.kibot.macengine.runtime.MacEngineDaemon - DEAD_ZONE_TRACE: applying pending commands / sync processing
Apr 15 03:43:07 kibot-kotlin-1 kidax-engine[1117785]: 03:43:07.455 INFO  com.kibot.macengine.runtime.MacEngineDaemon - DEAD_ZONE_TRACE: building local health / syncing flags
Apr 15 03:43:07 kibot-kotlin-1 kidax-engine[1117785]: 03:43:07.455 INFO  com.kibot.macengine.runtime.MacEngineDaemon - DEAD_ZONE_TRACE: takeover / release gate evaluation
Apr 15 03:43:07 kibot-kotlin-1 kidax-engine[1117785]: 03:43:07.455 INFO  com.kibot.macengine.runtime.MacEngineDaemon - DEAD_ZONE_TRACE: re-reading canonical bot/lease snapshots
Apr 15 03:43:07 kibot-kotlin-1 kidax-engine[1117785]: 03:43:07.517 INFO  io.ktor.server.Application - 200 OK: GET - /api/state in 10ms
Apr 15 03:43:09 kibot-kotlin-1 kidax-engine[1117785]: 03:43:09.512 INFO  io.ktor.server.Application - 200 OK: GET - /api/state in 7ms
Apr 15 03:43:10 kibot-kotlin-1 kidax-engine[1117785]: 03:43:10.104 INFO  com.kibot.macengine.runtime.MacEngineDaemon - DEAD_ZONE_TRACE: preparing exchange fetches
Apr 15 03:43:10 kibot-kotlin-1 kidax-engine[1117785]: 03:43:10.104 INFO  com.kibot.macengine.runtime.MacEngineDaemon - DEAD_ZONE_TRACE: awaiting balances / open orders / market quotes
Apr 15 03:43:10 kibot-kotlin-1 kidax-engine[1117785]: 03:43:10.104 INFO  com.kibot.macengine.runtime.MacEngineDaemon - DEAD_ZONE_TRACE: enriching runtime market quotes
Apr 15 03:43:10 kibot-kotlin-1 kidax-engine[1117785]: 03:43:10.104 INFO  com.kibot.macengine.runtime.MacEngineDaemon - DEAD_ZONE_TRACE: market health resolved feedHealthy=false exchangeReachable=false warnings=2
Apr 15 03:43:10 kibot-kotlin-1 kidax-engine[1117785]: 03:43:10.104 INFO  com.kibot.macengine.runtime.MacEngineDaemon - DEAD_ZONE_TRACE: reached holdings evaluation handoff
Apr 15 03:43:10 kibot-kotlin-1 kidax-engine[1117785]: 03:43:10.105 INFO  com.kibot.macengine.runtime.MacEngineDaemon - [PORTFOLIO_CALC] referenceQuoteAsset=idr rate_to_idr=1
Apr 15 03:43:10 kibot-kotlin-1 kidax-engine[1117785]: 03:43:10.105 INFO  com.kibot.macengine.runtime.MacEngineDaemon - [PORTFOLIO_CALC] total_equity=65201 IDR from 4 balances, 0 quotes
Apr 15 03:43:10 kibot-kotlin-1 kidax-engine[1117785]: 03:43:10.105 INFO  com.kibot.macengine.runtime.MacEngineDaemon - [CAPITAL_REBALANCE] stable_available=25058 aggressive_available=10739 stable_deployed=0 aggressive_deployed=0
Apr 15 03:43:10 kibot-kotlin-1 kidax-engine[1117785]: 03:43:10.106 INFO  com.kibot.macengine.runtime.MacEngineDaemon - SIDE_EFFECTS_GATE: isMaster=true forceMomentumSideEffects=false strategyCyclePresent=false runtimeLeasePresent=true
Apr 15 03:43:10 kibot-kotlin-1 kidax-engine[1117785]: 03:43:10.107 INFO  com.kibot.macengine.runtime.MacEngineDaemon - [PORTFOLIO_CALC] referenceQuoteAsset=idr rate_to_idr=1
Apr 15 03:43:10 kibot-kotlin-1 kidax-engine[1117785]: 03:43:10.107 INFO  com.kibot.macengine.runtime.MacEngineDaemon - [PORTFOLIO_CALC] total_equity=65201 IDR from 4 balances, 0 quotes
Apr 15 03:43:11 kibot-kotlin-1 kidax-engine[1117785]: 03:43:11.513 INFO  io.ktor.server.Application - 200 OK: GET - /api/state in 6ms
Apr 15 03:43:13 kibot-kotlin-1 kidax-engine[1117785]: 03:43:13.514 INFO  io.ktor.server.Application - 200 OK: GET - /api/state in 6ms
Apr 15 03:43:15 kibot-kotlin-1 kidax-engine[1117785]: 03:43:15.513 INFO  io.ktor.server.Application - 200 OK: GET - /api/state in 6ms
Apr 15 03:43:16 kibot-kotlin-1 kidax-engine[1117785]: 03:43:16.018 ERROR com.kibot.macengine.runtime.MacEngineDaemon - LIFECYCLE_BLOCK: Cannot start sync cycle because state is DEGRADED
Apr 15 03:43:16 kibot-kotlin-1 kidax-engine[1117785]: 03:43:16.019 INFO  com.kibot.macengine.runtime.MacEngineDaemon - DEAD_ZONE_TRACE: entering dead zone after control-plane setup
Apr 15 03:43:16 kibot-kotlin-1 kidax-engine[1117785]: 03:43:16.019 INFO  com.kibot.macengine.runtime.MacEngineDaemon - DEAD_ZONE_TRACE: checking local balance / peer state cache
Apr 15 03:43:17 kibot-kotlin-1 kidax-engine[1117785]: 03:43:17.589 INFO  io.ktor.server.Application - 200 OK: GET - /api/state in 24ms
Apr 15 03:43:18 kibot-kotlin-1 kidax-engine[1117785]: 03:43:18.590 INFO  com.kibot.macengine.runtime.MacEngineDaemon - DEAD_ZONE_TRACE: fetching local bot state snapshot
Apr 15 03:43:19 kibot-kotlin-1 kidax-engine[1117785]: 03:43:19.518 INFO  io.ktor.server.Application - 200 OK: GET - /api/state in 7ms
Apr 15 03:43:19 kibot-kotlin-1 kidax-engine[1117785]: 03:43:19.631 INFO  com.kibot.macengine.runtime.MacEngineDaemon - DEAD_ZONE_TRACE: fetching lease snapshot
Apr 15 03:43:20 kibot-kotlin-1 kidax-engine[1117785]: 03:43:20.267 INFO  io.ktor.server.Application - 200 OK: GET - /api/state in 7ms
Apr 15 03:43:21 kibot-kotlin-1 kidax-engine[1117785]: 03:43:21.513 INFO  io.ktor.server.Application - 200 OK: GET - /api/state in 7ms
Apr 15 03:43:21 kibot-kotlin-1 kidax-engine[1117785]: 03:43:21.519 INFO  com.kibot.macengine.runtime.MacEngineDaemon - DEAD_ZONE_TRACE: refreshing devices / risk / equity / commands / weekly review
Apr 15 03:43:22 kibot-kotlin-1 kidax-engine[1117785]: 03:43:22.610 INFO  com.kibot.macengine.runtime.MacEngineDaemon - DEAD_ZONE_TRACE: probing market reachability and orderbook cache
Apr 15 03:43:22 kibot-kotlin-1 kidax-engine[1117785]: 03:43:22.660 WARN  com.kibot.macengine.runtime.MacEngineDaemon - [EXCHANGE_PROBE] FAILED - Exchange unreachable (failure count: 10)
Apr 15 03:43:22 kibot-kotlin-1 kidax-engine[1117785]: 03:43:22.660 INFO  com.kibot.macengine.runtime.MacEngineDaemon - DEAD_ZONE_TRACE: applying pending commands / sync processing
Apr 15 03:43:22 kibot-kotlin-1 kidax-engine[1117785]: 03:43:22.660 INFO  com.kibot.macengine.runtime.MacEngineDaemon - DEAD_ZONE_TRACE: building local health / syncing flags
Apr 15 03:43:22 kibot-kotlin-1 kidax-engine[1117785]: 03:43:22.660 INFO  com.kibot.macengine.runtime.MacEngineDaemon - DEAD_ZONE_TRACE: takeover / release gate evaluation
Apr 15 03:43:22 kibot-kotlin-1 kidax-engine[1117785]: 03:43:22.660 INFO  com.kibot.macengine.runtime.MacEngineDaemon - DEAD_ZONE_TRACE: re-reading canonical bot/lease snapshots
Apr 15 03:43:22 kibot-kotlin-1 kidax-engine[1117785]: 03:43:22.803 INFO  com.kibot.macengine.runtime.MacEngineDaemon - DEAD_ZONE_TRACE: preparing exchange fetches
Apr 15 03:43:22 kibot-kotlin-1 kidax-engine[1117785]: 03:43:22.803 INFO  com.kibot.macengine.runtime.MacEngineDaemon - DEAD_ZONE_TRACE: awaiting balances / open orders / market quotes
Apr 15 03:43:22 kibot-kotlin-1 kidax-engine[1117785]: 03:43:22.803 INFO  com.kibot.macengine.runtime.MacEngineDaemon - DEAD_ZONE_TRACE: enriching runtime market quotes
Apr 15 03:43:22 kibot-kotlin-1 kidax-engine[1117785]: 03:43:22.803 INFO  com.kibot.macengine.runtime.MacEngineDaemon - DEAD_ZONE_TRACE: market health resolved feedHealthy=false exchangeReachable=false warnings=2
Apr 15 03:43:22 kibot-kotlin-1 kidax-engine[1117785]: 03:43:22.803 INFO  com.kibot.macengine.runtime.MacEngineDaemon - DEAD_ZONE_TRACE: reached holdings evaluation handoff
Apr 15 03:43:22 kibot-kotlin-1 kidax-engine[1117785]: 03:43:22.803 INFO  com.kibot.macengine.runtime.MacEngineDaemon - [PORTFOLIO_CALC] referenceQuoteAsset=idr rate_to_idr=1
Apr 15 03:43:22 kibot-kotlin-1 kidax-engine[1117785]: 03:43:22.803 INFO  com.kibot.macengine.runtime.MacEngineDaemon - [PORTFOLIO_CALC] total_equity=65201 IDR from 4 balances, 0 quotes
Apr 15 03:43:22 kibot-kotlin-1 kidax-engine[1117785]: 03:43:22.803 INFO  com.kibot.macengine.runtime.MacEngineDaemon - [CAPITAL_REBALANCE] stable_available=25058 aggressive_available=10739 stable_deployed=0 aggressive_deployed=0
Apr 15 03:43:22 kibot-kotlin-1 kidax-engine[1117785]: 03:43:22.804 INFO  com.kibot.macengine.runtime.MacEngineDaemon - SIDE_EFFECTS_GATE: isMaster=true forceMomentumSideEffects=false strategyCyclePresent=false runtimeLeasePresent=true
Apr 15 03:43:22 kibot-kotlin-1 kidax-engine[1117785]: 03:43:22.804 INFO  com.kibot.macengine.runtime.MacEngineDaemon - [PORTFOLIO_CALC] referenceQuoteAsset=idr rate_to_idr=1
Apr 15 03:43:22 kibot-kotlin-1 kidax-engine[1117785]: 03:43:22.804 INFO  com.kibot.macengine.runtime.MacEngineDaemon - [PORTFOLIO_CALC] total_equity=65201 IDR from 4 balances, 0 quotes
Apr 15 03:43:23 kibot-kotlin-1 kidax-engine[1117785]: 03:43:23.514 INFO  io.ktor.server.Application - 200 OK: GET - /api/state in 9ms
Apr 15 03:43:24 kibot-kotlin-1 kidax-engine[1117785]: 03:43:24.808 ERROR com.kibot.macengine.runtime.MacEngineDaemon - LIFECYCLE_BLOCK: Cannot start sync cycle because state is DEGRADED
Apr 15 03:43:24 kibot-kotlin-1 kidax-engine[1117785]: 03:43:24.809 INFO  com.kibot.macengine.runtime.MacEngineDaemon - DEAD_ZONE_TRACE: entering dead zone after control-plane setup
Apr 15 03:43:24 kibot-kotlin-1 kidax-engine[1117785]: 03:43:24.809 INFO  com.kibot.macengine.runtime.MacEngineDaemon - DEAD_ZONE_TRACE: checking local balance / peer state cache
Apr 15 03:43:25 kibot-kotlin-1 kidax-engine[1117785]: 03:43:25.084 INFO  com.kibot.macengine.runtime.MacEngineDaemon - DEAD_ZONE_TRACE: fetching local bot state snapshot
Apr 15 03:43:25 kibot-kotlin-1 kidax-engine[1117785]: 03:43:25.211 INFO  com.kibot.macengine.runtime.MacEngineDaemon - DEAD_ZONE_TRACE: fetching lease snapshot
Apr 15 03:43:25 kibot-kotlin-1 kidax-engine[1117785]: 03:43:25.332 INFO  com.kibot.macengine.runtime.MacEngineDaemon - DEAD_ZONE_TRACE: refreshing devices / risk / equity / commands / weekly review
Apr 15 03:43:25 kibot-kotlin-1 kidax-engine[1117785]: 03:43:25.495 INFO  com.kibot.macengine.runtime.MacEngineDaemon - DEAD_ZONE_TRACE: probing market reachability and orderbook cache
Apr 15 03:43:25 kibot-kotlin-1 kidax-engine[1117785]: 03:43:25.512 INFO  io.ktor.server.Application - 200 OK: GET - /api/state in 6ms
Apr 15 03:43:27 kibot-kotlin-1 kidax-engine[1117785]: 03:43:27.507 WARN  com.kibot.macengine.runtime.MacEngineDaemon - [EXCHANGE_PROBE] FAILED - Exchange unreachable (failure count: 10)
Apr 15 03:43:27 kibot-kotlin-1 kidax-engine[1117785]: 03:43:27.507 INFO  com.kibot.macengine.runtime.MacEngineDaemon - DEAD_ZONE_TRACE: applying pending commands / sync processing
Apr 15 03:43:27 kibot-kotlin-1 kidax-engine[1117785]: 03:43:27.507 INFO  com.kibot.macengine.runtime.MacEngineDaemon - DEAD_ZONE_TRACE: building local health / syncing flags
Apr 15 03:43:27 kibot-kotlin-1 kidax-engine[1117785]: 03:43:27.507 INFO  com.kibot.macengine.runtime.MacEngineDaemon - DEAD_ZONE_TRACE: takeover / release gate evaluation
Apr 15 03:43:27 kibot-kotlin-1 kidax-engine[1117785]: 03:43:27.507 INFO  com.kibot.macengine.runtime.MacEngineDaemon - DEAD_ZONE_TRACE: re-reading canonical bot/lease snapshots
Apr 15 03:43:28 kibot-kotlin-1 kidax-engine[1117785]: 03:43:28.015 INFO  io.ktor.server.Application - 200 OK: GET - /api/state in 7ms
Apr 15 03:43:28 kibot-kotlin-1 kidax-engine[1117785]: 03:43:28.259 INFO  com.kibot.macengine.runtime.MacEngineDaemon - DEAD_ZONE_TRACE: preparing exchange fetches
Apr 15 03:43:28 kibot-kotlin-1 kidax-engine[1117785]: 03:43:28.259 INFO  com.kibot.macengine.runtime.MacEngineDaemon - DEAD_ZONE_TRACE: awaiting balances / open orders / market quotes
Apr 15 03:43:28 kibot-kotlin-1 kidax-engine[1117785]: 03:43:28.259 INFO  com.kibot.macengine.runtime.MacEngineDaemon - DEAD_ZONE_TRACE: enriching runtime market quotes
Apr 15 03:43:28 kibot-kotlin-1 kidax-engine[1117785]: 03:43:28.259 INFO  com.kibot.macengine.runtime.MacEngineDaemon - DEAD_ZONE_TRACE: market health resolved feedHealthy=false exchangeReachable=false warnings=2
Apr 15 03:43:28 kibot-kotlin-1 kidax-engine[1117785]: 03:43:28.259 INFO  com.kibot.macengine.runtime.MacEngineDaemon - DEAD_ZONE_TRACE: reached holdings evaluation handoff
Apr 15 03:43:28 kibot-kotlin-1 kidax-engine[1117785]: 03:43:28.259 INFO  com.kibot.macengine.runtime.MacEngineDaemon - [PORTFOLIO_CALC] referenceQuoteAsset=idr rate_to_idr=1
Apr 15 03:43:28 kibot-kotlin-1 kidax-engine[1117785]: 03:43:28.259 INFO  com.kibot.macengine.runtime.MacEngineDaemon - [PORTFOLIO_CALC] total_equity=65201 IDR from 4 balances, 0 quotes
Apr 15 03:43:28 kibot-kotlin-1 kidax-engine[1117785]: 03:43:28.259 INFO  com.kibot.macengine.runtime.MacEngineDaemon - [CAPITAL_REBALANCE] stable_available=25058 aggressive_available=10739 stable_deployed=0 aggressive_deployed=0
Apr 15 03:43:28 kibot-kotlin-1 kidax-engine[1117785]: 03:43:28.260 INFO  com.kibot.macengine.runtime.MacEngineDaemon - SIDE_EFFECTS_GATE: isMaster=true forceMomentumSideEffects=false strategyCyclePresent=false runtimeLeasePresent=true
Apr 15 03:43:28 kibot-kotlin-1 kidax-engine[1117785]: 03:43:28.260 INFO  com.kibot.macengine.runtime.MacEngineDaemon - [PORTFOLIO_CALC] referenceQuoteAsset=idr rate_to_idr=1
Apr 15 03:43:28 kibot-kotlin-1 kidax-engine[1117785]: 03:43:28.260 INFO  com.kibot.macengine.runtime.MacEngineDaemon - [PORTFOLIO_CALC] total_equity=65201 IDR from 4 balances, 0 quotes
Apr 15 03:43:28 kibot-kotlin-1 kidax-engine[1117785]: 03:43:28.384 INFO  io.ktor.server.Application - 200 OK: GET - /api/state/stream in 314371ms
Apr 15 03:43:29 kibot-kotlin-1 kidax-engine[1117785]: 03:43:29.513 INFO  io.ktor.server.Application - 200 OK: GET - /api/state in 7ms
Apr 15 03:43:30 kibot-kotlin-1 kidax-engine[1117785]: 03:43:30.848 ERROR com.kibot.macengine.runtime.MacEngineDaemon - LIFECYCLE_BLOCK: Cannot start sync cycle because state is DEGRADED
Apr 15 03:43:30 kibot-kotlin-1 kidax-engine[1117785]: 03:43:30.849 INFO  com.kibot.macengine.runtime.MacEngineDaemon - DEAD_ZONE_TRACE: entering dead zone after control-plane setup
Apr 15 03:43:30 kibot-kotlin-1 kidax-engine[1117785]: 03:43:30.849 INFO  com.kibot.macengine.runtime.MacEngineDaemon - DEAD_ZONE_TRACE: checking local balance / peer state cache
Apr 15 03:43:31 kibot-kotlin-1 kidax-engine[1117785]: 03:43:31.014 INFO  com.kibot.macengine.runtime.MacEngineDaemon - DEAD_ZONE_TRACE: fetching local bot state snapshot
Apr 15 03:43:31 kibot-kotlin-1 kidax-engine[1117785]: 03:43:31.055 INFO  com.kibot.macengine.runtime.MacEngineDaemon - DEAD_ZONE_TRACE: fetching lease snapshot
Apr 15 03:43:31 kibot-kotlin-1 kidax-engine[1117785]: 03:43:31.170 INFO  com.kibot.macengine.runtime.MacEngineDaemon - DEAD_ZONE_TRACE: refreshing devices / risk / equity / commands / weekly review
Apr 15 03:43:31 kibot-kotlin-1 kidax-engine[1117785]: 03:43:31.375 INFO  com.kibot.macengine.runtime.MacEngineDaemon - DEAD_ZONE_TRACE: probing market reachability and orderbook cache
Apr 15 03:43:31 kibot-kotlin-1 kidax-engine[1117785]: 03:43:31.435 WARN  com.kibot.macengine.runtime.MacEngineDaemon - [EXCHANGE_PROBE] FAILED - Exchange unreachable (failure count: 10)
Apr 15 03:43:31 kibot-kotlin-1 kidax-engine[1117785]: 03:43:31.435 INFO  com.kibot.macengine.runtime.MacEngineDaemon - DEAD_ZONE_TRACE: applying pending commands / sync processing
Apr 15 03:43:31 kibot-kotlin-1 kidax-engine[1117785]: 03:43:31.435 INFO  com.kibot.macengine.runtime.MacEngineDaemon - DEAD_ZONE_TRACE: building local health / syncing flags
Apr 15 03:43:31 kibot-kotlin-1 kidax-engine[1117785]: 03:43:31.435 INFO  com.kibot.macengine.runtime.MacEngineDaemon - DEAD_ZONE_TRACE: takeover / release gate evaluation
Apr 15 03:43:31 kibot-kotlin-1 kidax-engine[1117785]: 03:43:31.435 INFO  com.kibot.macengine.runtime.MacEngineDaemon - DEAD_ZONE_TRACE: re-reading canonical bot/lease snapshots
Apr 15 03:43:31 kibot-kotlin-1 kidax-engine[1117785]: 03:43:31.513 INFO  io.ktor.server.Application - 200 OK: GET - /api/state in 7ms
Apr 15 03:43:31 kibot-kotlin-1 kidax-engine[1117785]: 03:43:31.661 INFO  com.kibot.macengine.runtime.MacEngineDaemon - DEAD_ZONE_TRACE: preparing exchange fetches
Apr 15 03:43:31 kibot-kotlin-1 kidax-engine[1117785]: 03:43:31.661 INFO  com.kibot.macengine.runtime.MacEngineDaemon - DEAD_ZONE_TRACE: awaiting balances / open orders / market quotes
Apr 15 03:43:31 kibot-kotlin-1 kidax-engine[1117785]: 03:43:31.661 INFO  com.kibot.macengine.runtime.MacEngineDaemon - DEAD_ZONE_TRACE: enriching runtime market quotes
Apr 15 03:43:31 kibot-kotlin-1 kidax-engine[1117785]: 03:43:31.661 INFO  com.kibot.macengine.runtime.MacEngineDaemon - DEAD_ZONE_TRACE: market health resolved feedHealthy=false exchangeReachable=false warnings=2
Apr 15 03:43:31 kibot-kotlin-1 kidax-engine[1117785]: 03:43:31.661 INFO  com.kibot.macengine.runtime.MacEngineDaemon - DEAD_ZONE_TRACE: reached holdings evaluation handoff
Apr 15 03:43:31 kibot-kotlin-1 kidax-engine[1117785]: 03:43:31.661 INFO  com.kibot.macengine.runtime.MacEngineDaemon - [PORTFOLIO_CALC] referenceQuoteAsset=idr rate_to_idr=1
Apr 15 03:43:31 kibot-kotlin-1 kidax-engine[1117785]: 03:43:31.661 INFO  com.kibot.macengine.runtime.MacEngineDaemon - [PORTFOLIO_CALC] total_equity=65201 IDR from 4 balances, 0 quotes
Apr 15 03:43:31 kibot-kotlin-1 kidax-engine[1117785]: 03:43:31.662 INFO  com.kibot.macengine.runtime.MacEngineDaemon - [CAPITAL_REBALANCE] stable_available=25058 aggressive_available=10739 stable_deployed=0 aggressive_deployed=0
Apr 15 03:43:31 kibot-kotlin-1 kidax-engine[1117785]: 03:43:31.663 INFO  com.kibot.macengine.runtime.MacEngineDaemon - SIDE_EFFECTS_GATE: isMaster=true forceMomentumSideEffects=false strategyCyclePresent=false runtimeLeasePresent=true
Apr 15 03:43:31 kibot-kotlin-1 kidax-engine[1117785]: 03:43:31.663 INFO  com.kibot.macengine.runtime.MacEngineDaemon - [PORTFOLIO_CALC] referenceQuoteAsset=idr rate_to_idr=1
Apr 15 03:43:31 kibot-kotlin-1 kidax-engine[1117785]: 03:43:31.663 INFO  com.kibot.macengine.runtime.MacEngineDaemon - [PORTFOLIO_CALC] total_equity=65201 IDR from 4 balances, 0 quotes
Apr 15 03:43:33 kibot-kotlin-1 kidax-engine[1117785]: 03:43:33.532 INFO  io.ktor.server.Application - 200 OK: GET - /api/state in 26ms
Apr 15 03:43:33 kibot-kotlin-1 kidax-engine[1117785]: 03:43:33.666 ERROR com.kibot.macengine.runtime.MacEngineDaemon - LIFECYCLE_BLOCK: Cannot start sync cycle because state is DEGRADED
Apr 15 03:43:33 kibot-kotlin-1 kidax-engine[1117785]: 03:43:33.667 INFO  com.kibot.macengine.runtime.MacEngineDaemon - DEAD_ZONE_TRACE: entering dead zone after control-plane setup
Apr 15 03:43:33 kibot-kotlin-1 kidax-engine[1117785]: 03:43:33.667 INFO  com.kibot.macengine.runtime.MacEngineDaemon - DEAD_ZONE_TRACE: checking local balance / peer state cache
Apr 15 03:43:33 kibot-kotlin-1 kidax-engine[1117785]: 03:43:33.693 INFO  io.ktor.server.Application - 200 OK: GET - /api/state in 9ms
Apr 15 03:43:33 kibot-kotlin-1 kidax-engine[1117785]: 03:43:33.792 INFO  com.kibot.macengine.runtime.MacEngineDaemon - DEAD_ZONE_TRACE: fetching local bot state snapshot
Apr 15 03:43:33 kibot-kotlin-1 kidax-engine[1117785]: 03:43:33.840 INFO  com.kibot.macengine.runtime.MacEngineDaemon - DEAD_ZONE_TRACE: fetching lease snapshot
Apr 15 03:43:33 kibot-kotlin-1 kidax-engine[1117785]: 03:43:33.928 INFO  com.kibot.macengine.runtime.MacEngineDaemon - DEAD_ZONE_TRACE: refreshing devices / risk / equity / commands / weekly review
Apr 15 03:43:33 kibot-kotlin-1 kidax-engine[1117785]: 03:43:33.983 INFO  com.kibot.macengine.runtime.MacEngineDaemon - DEAD_ZONE_TRACE: probing market reachability and orderbook cache
Apr 15 03:43:34 kibot-kotlin-1 kidax-engine[1117785]: 03:43:34.104 INFO  io.ktor.server.Application - 200 OK: GET - /api/state in 17ms
Apr 15 03:43:34 kibot-kotlin-1 kidax-engine[1117785]: 03:43:34.189 WARN  com.kibot.macengine.runtime.MacEngineDaemon - [EXCHANGE_PROBE] FAILED - Exchange unreachable (failure count: 10)
Apr 15 03:43:34 kibot-kotlin-1 kidax-engine[1117785]: 03:43:34.189 INFO  com.kibot.macengine.runtime.MacEngineDaemon - DEAD_ZONE_TRACE: applying pending commands / sync processing
Apr 15 03:43:34 kibot-kotlin-1 kidax-engine[1117785]: 03:43:34.189 INFO  com.kibot.macengine.runtime.MacEngineDaemon - DEAD_ZONE_TRACE: building local health / syncing flags
Apr 15 03:43:34 kibot-kotlin-1 kidax-engine[1117785]: 03:43:34.189 INFO  com.kibot.macengine.runtime.MacEngineDaemon - DEAD_ZONE_TRACE: takeover / release gate evaluation
Apr 15 03:43:34 kibot-kotlin-1 kidax-engine[1117785]: 03:43:34.189 INFO  com.kibot.macengine.runtime.MacEngineDaemon - DEAD_ZONE_TRACE: re-reading canonical bot/lease snapshots
Apr 15 03:43:34 kibot-kotlin-1 kidax-engine[1117785]: 03:43:34.190 INFO  io.ktor.server.Application - 200 OK: GET - / in 1ms
Apr 15 03:43:34 kibot-kotlin-1 kidax-engine[1117785]: 03:43:34.482 INFO  com.kibot.macengine.runtime.MacEngineDaemon - DEAD_ZONE_TRACE: preparing exchange fetches
Apr 15 03:43:34 kibot-kotlin-1 kidax-engine[1117785]: 03:43:34.482 INFO  com.kibot.macengine.runtime.MacEngineDaemon - DEAD_ZONE_TRACE: awaiting balances / open orders / market quotes
Apr 15 03:43:34 kibot-kotlin-1 kidax-engine[1117785]: 03:43:34.482 INFO  com.kibot.macengine.runtime.MacEngineDaemon - DEAD_ZONE_TRACE: enriching runtime market quotes
Apr 15 03:43:34 kibot-kotlin-1 kidax-engine[1117785]: 03:43:34.482 INFO  com.kibot.macengine.runtime.MacEngineDaemon - DEAD_ZONE_TRACE: market health resolved feedHealthy=false exchangeReachable=false warnings=2
Apr 15 03:43:34 kibot-kotlin-1 kidax-engine[1117785]: 03:43:34.482 INFO  com.kibot.macengine.runtime.MacEngineDaemon - DEAD_ZONE_TRACE: reached holdings evaluation handoff
Apr 15 03:43:34 kibot-kotlin-1 kidax-engine[1117785]: 03:43:34.483 INFO  com.kibot.macengine.runtime.MacEngineDaemon - [PORTFOLIO_CALC] referenceQuoteAsset=idr rate_to_idr=1
Apr 15 03:43:34 kibot-kotlin-1 kidax-engine[1117785]: 03:43:34.483 INFO  com.kibot.macengine.runtime.MacEngineDaemon - [PORTFOLIO_CALC] total_equity=65201 IDR from 4 balances, 0 quotes
Apr 15 03:43:34 kibot-kotlin-1 kidax-engine[1117785]: 03:43:34.483 INFO  com.kibot.macengine.runtime.MacEngineDaemon - [CAPITAL_REBALANCE] stable_available=25058 aggressive_available=10739 stable_deployed=0 aggressive_deployed=0
Apr 15 03:43:34 kibot-kotlin-1 kidax-engine[1117785]: 03:43:34.483 INFO  com.kibot.macengine.runtime.MacEngineDaemon - SIDE_EFFECTS_GATE: isMaster=true forceMomentumSideEffects=false strategyCyclePresent=false runtimeLeasePresent=true
Apr 15 03:43:34 kibot-kotlin-1 kidax-engine[1117785]: 03:43:34.483 INFO  com.kibot.macengine.runtime.MacEngineDaemon - [PORTFOLIO_CALC] referenceQuoteAsset=idr rate_to_idr=1
Apr 15 03:43:34 kibot-kotlin-1 kidax-engine[1117785]: 03:43:34.483 INFO  com.kibot.macengine.runtime.MacEngineDaemon - [PORTFOLIO_CALC] total_equity=65201 IDR from 4 balances, 0 quotes
Apr 15 03:43:34 kibot-kotlin-1 kidax-engine[1117785]: 03:43:34.596 INFO  io.ktor.server.Application - 200 OK: GET - /api/state in 7ms
Apr 15 03:43:34 kibot-kotlin-1 kidax-engine[1117785]: 03:43:34.606 INFO  io.ktor.server.Application - 200 OK: GET - / in 1ms
Apr 15 03:43:35 kibot-kotlin-1 kidax-engine[1117785]: 03:43:35.281 INFO  io.ktor.server.Application - 200 OK: GET - /api/state in 6ms
Apr 15 03:43:35 kibot-kotlin-1 kidax-engine[1117785]: 03:43:35.512 INFO  io.ktor.server.Application - 200 OK: GET - /api/state in 7ms
Apr 15 03:43:36 kibot-kotlin-1 kidax-engine[1117785]: 03:43:36.487 ERROR com.kibot.macengine.runtime.MacEngineDaemon - LIFECYCLE_BLOCK: Cannot start sync cycle because state is DEGRADED
Apr 15 03:43:36 kibot-kotlin-1 kidax-engine[1117785]: 03:43:36.489 INFO  com.kibot.macengine.runtime.MacEngineDaemon - DEAD_ZONE_TRACE: entering dead zone after control-plane setup
Apr 15 03:43:36 kibot-kotlin-1 kidax-engine[1117785]: 03:43:36.489 INFO  com.kibot.macengine.runtime.MacEngineDaemon - DEAD_ZONE_TRACE: checking local balance / peer state cache
Apr 15 03:43:36 kibot-kotlin-1 kidax-engine[1117785]: 03:43:36.634 INFO  com.kibot.macengine.runtime.MacEngineDaemon - DEAD_ZONE_TRACE: fetching local bot state snapshot
Apr 15 03:43:36 kibot-kotlin-1 kidax-engine[1117785]: 03:43:36.683 INFO  com.kibot.macengine.runtime.MacEngineDaemon - DEAD_ZONE_TRACE: fetching lease snapshot
Apr 15 03:43:36 kibot-kotlin-1 kidax-engine[1117785]: 03:43:36.773 INFO  com.kibot.macengine.runtime.MacEngineDaemon - DEAD_ZONE_TRACE: refreshing devices / risk / equity / commands / weekly review
Apr 15 03:43:36 kibot-kotlin-1 kidax-engine[1117785]: 03:43:36.818 INFO  com.kibot.macengine.runtime.MacEngineDaemon - DEAD_ZONE_TRACE: probing market reachability and orderbook cache
Apr 15 03:43:37 kibot-kotlin-1 kidax-engine[1117785]: 03:43:37.523 INFO  io.ktor.server.Application - 200 OK: GET - /api/state in 18ms
Apr 15 03:43:37 kibot-kotlin-1 kidax-engine[1117785]: 03:43:37.937 WARN  com.kibot.macengine.runtime.MacEngineDaemon - [EXCHANGE_PROBE] FAILED - Exchange unreachable (failure count: 10)
Apr 15 03:43:37 kibot-kotlin-1 kidax-engine[1117785]: 03:43:37.937 INFO  com.kibot.macengine.runtime.MacEngineDaemon - DEAD_ZONE_TRACE: applying pending commands / sync processing
Apr 15 03:43:37 kibot-kotlin-1 kidax-engine[1117785]: 03:43:37.937 INFO  com.kibot.macengine.runtime.MacEngineDaemon - DEAD_ZONE_TRACE: building local health / syncing flags
Apr 15 03:43:37 kibot-kotlin-1 kidax-engine[1117785]: 03:43:37.937 INFO  com.kibot.macengine.runtime.MacEngineDaemon - DEAD_ZONE_TRACE: takeover / release gate evaluation
Apr 15 03:43:37 kibot-kotlin-1 kidax-engine[1117785]: 03:43:37.937 INFO  com.kibot.macengine.runtime.MacEngineDaemon - DEAD_ZONE_TRACE: re-reading canonical bot/lease snapshots
Apr 15 03:43:39 kibot-kotlin-1 kidax-engine[1117785]: 03:43:39.512 INFO  io.ktor.server.Application - 200 OK: GET - /api/state in 6ms
Apr 15 03:43:40 kibot-kotlin-1 kidax-engine[1117785]: 03:43:40.480 INFO  com.kibot.macengine.runtime.MacEngineDaemon - DEAD_ZONE_TRACE: preparing exchange fetches
Apr 15 03:43:40 kibot-kotlin-1 kidax-engine[1117785]: 03:43:40.480 INFO  com.kibot.macengine.runtime.MacEngineDaemon - DEAD_ZONE_TRACE: awaiting balances / open orders / market quotes
Apr 15 03:43:40 kibot-kotlin-1 kidax-engine[1117785]: 03:43:40.480 INFO  com.kibot.macengine.runtime.MacEngineDaemon - DEAD_ZONE_TRACE: enriching runtime market quotes
Apr 15 03:43:40 kibot-kotlin-1 kidax-engine[1117785]: 03:43:40.480 INFO  com.kibot.macengine.runtime.MacEngineDaemon - DEAD_ZONE_TRACE: market health resolved feedHealthy=false exchangeReachable=false warnings=2
Apr 15 03:43:40 kibot-kotlin-1 kidax-engine[1117785]: 03:43:40.480 INFO  com.kibot.macengine.runtime.MacEngineDaemon - DEAD_ZONE_TRACE: reached holdings evaluation handoff
Apr 15 03:43:40 kibot-kotlin-1 kidax-engine[1117785]: 03:43:40.480 INFO  com.kibot.macengine.runtime.MacEngineDaemon - [PORTFOLIO_CALC] referenceQuoteAsset=idr rate_to_idr=1
Apr 15 03:43:40 kibot-kotlin-1 kidax-engine[1117785]: 03:43:40.480 INFO  com.kibot.macengine.runtime.MacEngineDaemon - [PORTFOLIO_CALC] total_equity=65201 IDR from 4 balances, 0 quotes
Apr 15 03:43:40 kibot-kotlin-1 kidax-engine[1117785]: 03:43:40.480 INFO  com.kibot.macengine.runtime.MacEngineDaemon - [CAPITAL_REBALANCE] stable_available=25058 aggressive_available=10739 stable_deployed=0 aggressive_deployed=0
Apr 15 03:43:40 kibot-kotlin-1 kidax-engine[1117785]: 03:43:40.482 INFO  com.kibot.macengine.runtime.MacEngineDaemon - SIDE_EFFECTS_GATE: isMaster=true forceMomentumSideEffects=false strategyCyclePresent=false runtimeLeasePresent=true
Apr 15 03:43:40 kibot-kotlin-1 kidax-engine[1117785]: 03:43:40.482 INFO  com.kibot.macengine.runtime.MacEngineDaemon - [PORTFOLIO_CALC] referenceQuoteAsset=idr rate_to_idr=1
Apr 15 03:43:40 kibot-kotlin-1 kidax-engine[1117785]: 03:43:40.482 INFO  com.kibot.macengine.runtime.MacEngineDaemon - [PORTFOLIO_CALC] total_equity=65201 IDR from 4 balances, 0 quotes
Apr 15 03:43:41 kibot-kotlin-1 kidax-engine[1117785]: 03:43:41.512 INFO  io.ktor.server.Application - 200 OK: GET - /api/state in 7ms
Apr 15 03:43:43 kibot-kotlin-1 kidax-engine[1117785]: 03:43:43.513 INFO  io.ktor.server.Application - 200 OK: GET - /api/state in 7ms
Apr 15 03:43:45 kibot-kotlin-1 kidax-engine[1117785]: 03:43:45.053 ERROR com.kibot.macengine.runtime.MacEngineDaemon - LIFECYCLE_BLOCK: Cannot start sync cycle because state is DEGRADED
Apr 15 03:43:45 kibot-kotlin-1 kidax-engine[1117785]: 03:43:45.054 INFO  com.kibot.macengine.runtime.MacEngineDaemon - DEAD_ZONE_TRACE: entering dead zone after control-plane setup
Apr 15 03:43:45 kibot-kotlin-1 kidax-engine[1117785]: 03:43:45.054 INFO  com.kibot.macengine.runtime.MacEngineDaemon - DEAD_ZONE_TRACE: checking local balance / peer state cache
Apr 15 03:43:45 kibot-kotlin-1 kidax-engine[1117785]: 03:43:45.523 INFO  io.ktor.server.Application - 200 OK: GET - /api/state in 7ms
Apr 15 03:43:47 kibot-kotlin-1 kidax-engine[1117785]: 03:43:47.512 INFO  io.ktor.server.Application - 200 OK: GET - /api/state in 7ms
Apr 15 03:43:48 kibot-kotlin-1 kidax-engine[1117785]: 03:43:48.451 INFO  com.kibot.macengine.runtime.MacEngineDaemon - DEAD_ZONE_TRACE: fetching local bot state snapshot
Apr 15 03:43:49 kibot-kotlin-1 kidax-engine[1117785]: 03:43:49.513 INFO  io.ktor.server.Application - 200 OK: GET - /api/state in 7ms
Apr 15 03:43:49 kibot-kotlin-1 kidax-engine[1117785]: 03:43:49.514 INFO  com.kibot.macengine.runtime.MacEngineDaemon - DEAD_ZONE_TRACE: fetching lease snapshot
Apr 15 03:43:50 kibot-kotlin-1 kidax-engine[1117785]: 03:43:50.297 INFO  io.ktor.server.Application - 200 OK: GET - /api/state in 8ms
Apr 15 03:43:51 kibot-kotlin-1 kidax-engine[1117785]: 03:43:51.516 INFO  io.ktor.server.Application - 200 OK: GET - /api/state in 8ms
Apr 15 03:43:51 kibot-kotlin-1 kidax-engine[1117785]: 03:43:51.604 INFO  com.kibot.macengine.runtime.MacEngineDaemon - DEAD_ZONE_TRACE: refreshing devices / risk / equity / commands / weekly review
Apr 15 03:43:53 kibot-kotlin-1 kidax-engine[1117785]: 03:43:53.512 INFO  io.ktor.server.Application - 200 OK: GET - /api/state in 7ms
Apr 15 03:43:53 kibot-kotlin-1 kidax-engine[1117785]: 03:43:53.811 INFO  com.kibot.macengine.runtime.MacEngineDaemon - DEAD_ZONE_TRACE: probing market reachability and orderbook cache
Apr 15 03:43:53 kibot-kotlin-1 kidax-engine[1117785]: 03:43:53.871 WARN  com.kibot.macengine.runtime.MacEngineDaemon - [EXCHANGE_PROBE] FAILED - Exchange unreachable (failure count: 10)
Apr 15 03:43:53 kibot-kotlin-1 kidax-engine[1117785]: 03:43:53.871 INFO  com.kibot.macengine.runtime.MacEngineDaemon - DEAD_ZONE_TRACE: applying pending commands / sync processing
Apr 15 03:43:53 kibot-kotlin-1 kidax-engine[1117785]: 03:43:53.871 INFO  com.kibot.macengine.runtime.MacEngineDaemon - DEAD_ZONE_TRACE: building local health / syncing flags
Apr 15 03:43:53 kibot-kotlin-1 kidax-engine[1117785]: 03:43:53.871 INFO  com.kibot.macengine.runtime.MacEngineDaemon - DEAD_ZONE_TRACE: takeover / release gate evaluation
Apr 15 03:43:53 kibot-kotlin-1 kidax-engine[1117785]: 03:43:53.871 INFO  com.kibot.macengine.runtime.MacEngineDaemon - DEAD_ZONE_TRACE: re-reading canonical bot/lease snapshots
Apr 15 03:43:54 kibot-kotlin-1 kidax-engine[1117785]: 03:43:54.005 INFO  com.kibot.macengine.runtime.MacEngineDaemon - DEAD_ZONE_TRACE: preparing exchange fetches
Apr 15 03:43:54 kibot-kotlin-1 kidax-engine[1117785]: 03:43:54.005 INFO  com.kibot.macengine.runtime.MacEngineDaemon - DEAD_ZONE_TRACE: awaiting balances / open orders / market quotes
Apr 15 03:43:54 kibot-kotlin-1 kidax-engine[1117785]: 03:43:54.005 INFO  com.kibot.macengine.runtime.MacEngineDaemon - DEAD_ZONE_TRACE: enriching runtime market quotes
Apr 15 03:43:54 kibot-kotlin-1 kidax-engine[1117785]: 03:43:54.005 INFO  com.kibot.macengine.runtime.MacEngineDaemon - DEAD_ZONE_TRACE: market health resolved feedHealthy=false exchangeReachable=false warnings=2
Apr 15 03:43:54 kibot-kotlin-1 kidax-engine[1117785]: 03:43:54.005 INFO  com.kibot.macengine.runtime.MacEngineDaemon - DEAD_ZONE_TRACE: reached holdings evaluation handoff
Apr 15 03:43:54 kibot-kotlin-1 kidax-engine[1117785]: 03:43:54.005 INFO  com.kibot.macengine.runtime.MacEngineDaemon - [PORTFOLIO_CALC] referenceQuoteAsset=idr rate_to_idr=1
Apr 15 03:43:54 kibot-kotlin-1 kidax-engine[1117785]: 03:43:54.005 INFO  com.kibot.macengine.runtime.MacEngineDaemon - [PORTFOLIO_CALC] total_equity=65201 IDR from 4 balances, 0 quotes
Apr 15 03:43:54 kibot-kotlin-1 kidax-engine[1117785]: 03:43:54.005 INFO  com.kibot.macengine.runtime.MacEngineDaemon - [CAPITAL_REBALANCE] stable_available=25058 aggressive_available=10739 stable_deployed=0 aggressive_deployed=0
Apr 15 03:43:54 kibot-kotlin-1 kidax-engine[1117785]: 03:43:54.007 INFO  com.kibot.macengine.runtime.MacEngineDaemon - SIDE_EFFECTS_GATE: isMaster=true forceMomentumSideEffects=false strategyCyclePresent=false runtimeLeasePresent=true
Apr 15 03:43:54 kibot-kotlin-1 kidax-engine[1117785]: 03:43:54.007 INFO  com.kibot.macengine.runtime.MacEngineDaemon - [PORTFOLIO_CALC] referenceQuoteAsset=idr rate_to_idr=1
Apr 15 03:43:54 kibot-kotlin-1 kidax-engine[1117785]: 03:43:54.007 INFO  com.kibot.macengine.runtime.MacEngineDaemon - [PORTFOLIO_CALC] total_equity=65201 IDR from 4 balances, 0 quotes
Apr 15 03:43:55 kibot-kotlin-1 kidax-engine[1117785]: 03:43:55.513 INFO  io.ktor.server.Application - 200 OK: GET - /api/state in 7ms
Apr 15 03:43:56 kibot-kotlin-1 kidax-engine[1117785]: 03:43:56.011 ERROR com.kibot.macengine.runtime.MacEngineDaemon - LIFECYCLE_BLOCK: Cannot start sync cycle because state is DEGRADED
Apr 15 03:43:56 kibot-kotlin-1 kidax-engine[1117785]: 03:43:56.012 INFO  com.kibot.macengine.runtime.MacEngineDaemon - DEAD_ZONE_TRACE: entering dead zone after control-plane setup
Apr 15 03:43:56 kibot-kotlin-1 kidax-engine[1117785]: 03:43:56.012 INFO  com.kibot.macengine.runtime.MacEngineDaemon - DEAD_ZONE_TRACE: checking local balance / peer state cache
Apr 15 03:43:56 kibot-kotlin-1 kidax-engine[1117785]: 03:43:56.353 INFO  com.kibot.macengine.runtime.MacEngineDaemon - DEAD_ZONE_TRACE: fetching local bot state snapshot
Apr 15 03:43:56 kibot-kotlin-1 kidax-engine[1117785]: 03:43:56.497 INFO  com.kibot.macengine.runtime.MacEngineDaemon - DEAD_ZONE_TRACE: fetching lease snapshot
Apr 15 03:43:57 kibot-kotlin-1 kidax-engine[1117785]: 03:43:57.072 INFO  com.kibot.macengine.runtime.MacEngineDaemon - DEAD_ZONE_TRACE: refreshing devices / risk / equity / commands / weekly review
Apr 15 03:43:57 kibot-kotlin-1 kidax-engine[1117785]: 03:43:57.510 INFO  io.ktor.server.Application - 200 OK: GET - /api/state in 7ms
Apr 15 03:43:58 kibot-kotlin-1 kidax-engine[1117785]: 03:43:58.001 INFO  com.kibot.macengine.runtime.MacEngineDaemon - DEAD_ZONE_TRACE: probing market reachability and orderbook cache
Apr 15 03:43:58 kibot-kotlin-1 kidax-engine[1117785]: 03:43:58.083 WARN  com.kibot.macengine.runtime.MacEngineDaemon - [EXCHANGE_PROBE] FAILED - Exchange unreachable (failure count: 10)
Apr 15 03:43:58 kibot-kotlin-1 kidax-engine[1117785]: 03:43:58.083 INFO  com.kibot.macengine.runtime.MacEngineDaemon - DEAD_ZONE_TRACE: applying pending commands / sync processing
Apr 15 03:43:58 kibot-kotlin-1 kidax-engine[1117785]: 03:43:58.083 INFO  com.kibot.macengine.runtime.MacEngineDaemon - DEAD_ZONE_TRACE: building local health / syncing flags
Apr 15 03:43:58 kibot-kotlin-1 kidax-engine[1117785]: 03:43:58.083 INFO  com.kibot.macengine.runtime.MacEngineDaemon - DEAD_ZONE_TRACE: takeover / release gate evaluation
Apr 15 03:43:58 kibot-kotlin-1 kidax-engine[1117785]: 03:43:58.083 INFO  com.kibot.macengine.runtime.MacEngineDaemon - DEAD_ZONE_TRACE: re-reading canonical bot/lease snapshots
Apr 15 03:43:59 kibot-kotlin-1 kidax-engine[1117785]: 03:43:59.512 INFO  io.ktor.server.Application - 200 OK: GET - /api/state in 8ms
Apr 15 03:44:01 kibot-kotlin-1 kidax-engine[1117785]: 03:44:01.091 INFO  com.kibot.macengine.runtime.MacEngineDaemon - DEAD_ZONE_TRACE: preparing exchange fetches
Apr 15 03:44:01 kibot-kotlin-1 kidax-engine[1117785]: 03:44:01.091 INFO  com.kibot.macengine.runtime.MacEngineDaemon - DEAD_ZONE_TRACE: awaiting balances / open orders / market quotes
Apr 15 03:44:01 kibot-kotlin-1 kidax-engine[1117785]: 03:44:01.091 INFO  com.kibot.macengine.runtime.MacEngineDaemon - DEAD_ZONE_TRACE: enriching runtime market quotes
Apr 15 03:44:01 kibot-kotlin-1 kidax-engine[1117785]: 03:44:01.091 INFO  com.kibot.macengine.runtime.MacEngineDaemon - DEAD_ZONE_TRACE: market health resolved feedHealthy=false exchangeReachable=false warnings=2
Apr 15 03:44:01 kibot-kotlin-1 kidax-engine[1117785]: 03:44:01.091 INFO  com.kibot.macengine.runtime.MacEngineDaemon - DEAD_ZONE_TRACE: reached holdings evaluation handoff
Apr 15 03:44:01 kibot-kotlin-1 kidax-engine[1117785]: 03:44:01.094 INFO  com.kibot.macengine.runtime.MacEngineDaemon - [PORTFOLIO_CALC] referenceQuoteAsset=idr rate_to_idr=1
Apr 15 03:44:01 kibot-kotlin-1 kidax-engine[1117785]: 03:44:01.094 INFO  com.kibot.macengine.runtime.MacEngineDaemon - [PORTFOLIO_CALC] total_equity=65201 IDR from 4 balances, 0 quotes
Apr 15 03:44:01 kibot-kotlin-1 kidax-engine[1117785]: 03:44:01.094 INFO  com.kibot.macengine.runtime.MacEngineDaemon - [CAPITAL_REBALANCE] stable_available=25058 aggressive_available=10739 stable_deployed=0 aggressive_deployed=0
Apr 15 03:44:01 kibot-kotlin-1 kidax-engine[1117785]: 03:44:01.095 INFO  com.kibot.macengine.runtime.MacEngineDaemon - SIDE_EFFECTS_GATE: isMaster=true forceMomentumSideEffects=false strategyCyclePresent=false runtimeLeasePresent=true
Apr 15 03:44:01 kibot-kotlin-1 kidax-engine[1117785]: 03:44:01.095 INFO  com.kibot.macengine.runtime.MacEngineDaemon - [PORTFOLIO_CALC] referenceQuoteAsset=idr rate_to_idr=1
Apr 15 03:44:01 kibot-kotlin-1 kidax-engine[1117785]: 03:44:01.095 INFO  com.kibot.macengine.runtime.MacEngineDaemon - [PORTFOLIO_CALC] total_equity=65201 IDR from 4 balances, 0 quotes
Apr 15 03:44:01 kibot-kotlin-1 kidax-engine[1117785]: 03:44:01.514 INFO  io.ktor.server.Application - 200 OK: GET - /api/state in 10ms
Apr 15 03:44:03 kibot-kotlin-1 kidax-engine[1117785]: 03:44:03.511 INFO  io.ktor.server.Application - 200 OK: GET - /api/state in 7ms
Apr 15 03:44:03 kibot-kotlin-1 kidax-engine[1117785]: 03:44:03.709 INFO  io.ktor.server.Application - 200 OK: GET - /api/state in 8ms
Apr 15 03:44:05 kibot-kotlin-1 kidax-engine[1117785]: 03:44:05.391 INFO  io.ktor.server.Application - 200 OK: GET - /api/state in 83ms
Apr 15 03:44:05 kibot-kotlin-1 kidax-engine[1117785]: 03:44:05.513 INFO  io.ktor.server.Application - 200 OK: GET - /api/state in 6ms
Apr 15 03:44:06 kibot-kotlin-1 kidax-engine[1117785]: 03:44:06.283 ERROR com.kibot.macengine.runtime.MacEngineDaemon - LIFECYCLE_BLOCK: Cannot start sync cycle because state is DEGRADED
Apr 15 03:44:06 kibot-kotlin-1 kidax-engine[1117785]: 03:44:06.284 INFO  com.kibot.macengine.runtime.MacEngineDaemon - DEAD_ZONE_TRACE: entering dead zone after control-plane setup
Apr 15 03:44:06 kibot-kotlin-1 kidax-engine[1117785]: 03:44:06.284 INFO  com.kibot.macengine.runtime.MacEngineDaemon - DEAD_ZONE_TRACE: checking local balance / peer state cache
Apr 15 03:44:07 kibot-kotlin-1 kidax-engine[1117785]: 03:44:07.515 INFO  io.ktor.server.Application - 200 OK: GET - /api/state in 9ms
Apr 15 03:44:09 kibot-kotlin-1 kidax-engine[1117785]: 03:44:09.505 INFO  com.kibot.macengine.runtime.MacEngineDaemon - DEAD_ZONE_TRACE: fetching local bot state snapshot
Apr 15 03:44:10 kibot-kotlin-1 kidax-engine[1117785]: 03:44:10.013 INFO  io.ktor.server.Application - 200 OK: GET - /api/state in 7ms
Apr 15 03:44:10 kibot-kotlin-1 kidax-engine[1117785]: 03:44:10.059 INFO  com.kibot.macengine.runtime.MacEngineDaemon - DEAD_ZONE_TRACE: fetching lease snapshot
Apr 15 03:44:11 kibot-kotlin-1 kidax-engine[1117785]: 03:44:11.521 INFO  io.ktor.server.Application - 200 OK: GET - /api/state in 7ms
Apr 15 03:44:11 kibot-kotlin-1 systemd[1]: Stopping kidax-engine.service - KiDax Indodax Trading Engine...
Apr 15 03:44:11 kibot-kotlin-1 kidax-engine[1117785]: 03:44:11.838 INFO  KiBotMac - Shutting down KiBot mac engine.
Apr 15 03:44:11 kibot-kotlin-1 kidax-engine[1117785]: Exception in thread "KtorShutdownHook" Exception in thread "Thread-3" java.lang.NoClassDefFoundError: io/ktor/server/cio/CIOApplicationEngine$stop$1
Apr 15 03:44:11 kibot-kotlin-1 kidax-engine[1117785]:         at io.ktor.server.cio.CIOApplicationEngine.stop(CIOApplicationEngine.kt:107)
Apr 15 03:44:11 kibot-kotlin-1 kidax-engine[1117785]:         at io.ktor.server.engine.EmbeddedServer.stop(EmbeddedServerJvm.kt:333)
Apr 15 03:44:11 kibot-kotlin-1 kidax-engine[1117785]:         at io.ktor.server.engine.EmbeddedServer.stop(EmbeddedServerJvm.kt:346)
Apr 15 03:44:11 kibot-kotlin-1 kidax-engine[1117785]:         at io.ktor.server.engine.EmbeddedServer.stop$default(EmbeddedServerJvm.kt:345)
Apr 15 03:44:11 kibot-kotlin-1 kidax-engine[1117785]:         at io.ktor.server.engine.EmbeddedServer.start$lambda$21(EmbeddedServerJvm.kt:297)
Apr 15 03:44:11 kibot-kotlin-1 kidax-engine[1117785]:         at io.ktor.server.engine.ShutdownHook.run(ShutdownHookJvm.kt:38)
Apr 15 03:44:11 kibot-kotlin-1 kidax-engine[1117785]: Caused by: java.lang.ClassNotFoundException: io.ktor.server.cio.CIOApplicationEngine$stop$1
Apr 15 03:44:11 kibot-kotlin-1 kidax-engine[1117785]:         at java.base/jdk.internal.loader.BuiltinClassLoader.loadClass(BuiltinClassLoader.java:641)
Apr 15 03:44:11 kibot-kotlin-1 kidax-engine[1117785]:         at java.base/jdk.internal.loader.ClassLoaders$AppClassLoader.loadClass(ClassLoaders.java:188)
Apr 15 03:44:11 kibot-kotlin-1 kidax-engine[1117785]:         at java.base/java.lang.ClassLoader.loadClass(ClassLoader.java:526)
Apr 15 03:44:11 kibot-kotlin-1 kidax-engine[1117785]:         ... 6 more
Apr 15 03:44:11 kibot-kotlin-1 kidax-engine[1117785]: java.lang.NoClassDefFoundError: com/kibot/macengine/MainKt$main$1$1
Apr 15 03:44:11 kibot-kotlin-1 kidax-engine[1117785]:         at com.kibot.macengine.MainKt.main$lambda$5(Main.kt:81)
Apr 15 03:44:11 kibot-kotlin-1 kidax-engine[1117785]:         at java.base/java.lang.Thread.run(Thread.java:1583)
Apr 15 03:44:11 kibot-kotlin-1 kidax-engine[1117785]: Caused by: java.lang.ClassNotFoundException: com.kibot.macengine.MainKt$main$1$1
Apr 15 03:44:11 kibot-kotlin-1 kidax-engine[1117785]:         at java.base/jdk.internal.loader.BuiltinClassLoader.loadClass(BuiltinClassLoader.java:641)
Apr 15 03:44:11 kibot-kotlin-1 kidax-engine[1117785]:         at java.base/jdk.internal.loader.ClassLoaders$AppClassLoader.loadClass(ClassLoaders.java:188)
Apr 15 03:44:11 kibot-kotlin-1 kidax-engine[1117785]:         at java.base/java.lang.ClassLoader.loadClass(ClassLoader.java:526)
Apr 15 03:44:11 kibot-kotlin-1 kidax-engine[1117785]:         ... 2 more
Apr 15 03:44:12 kibot-kotlin-1 systemd[1]: kidax-engine.service: Deactivated successfully.
Apr 15 03:44:12 kibot-kotlin-1 systemd[1]: Stopped kidax-engine.service - KiDax Indodax Trading Engine.
Apr 15 03:44:12 kibot-kotlin-1 systemd[1]: kidax-engine.service: Consumed 11min 2.536s CPU time, 333.8M memory peak, 283.7M memory swap peak.
Apr 15 03:44:12 kibot-kotlin-1 systemd[1]: Started kidax-engine.service - KiDax Indodax Trading Engine.
Apr 15 03:44:15 kibot-kotlin-1 kidax-engine[1232118]: 03:44:15.507 INFO  io.ktor.server.Application - Autoreload is disabled because the development mode is off.
Apr 15 03:44:15 kibot-kotlin-1 kidax-engine[1232118]: 03:44:15.710 INFO  io.ktor.server.Application - Application started in 0.214 seconds.
Apr 15 03:44:15 kibot-kotlin-1 kidax-engine[1232118]: 03:44:15.803 INFO  io.ktor.server.Application - Responding at http://127.0.0.1:8788
Apr 15 03:44:17 kibot-kotlin-1 kidax-engine[1232118]: 03:44:17.193 INFO  com.kibot.macengine.runtime.MacEngineDaemon - Mac engine daemon loop started.
Apr 15 03:44:17 kibot-kotlin-1 kidax-engine[1232118]: 03:44:17.207 ERROR com.kibot.macengine.runtime.MacEngineDaemon - LIFECYCLE_BLOCK: Cannot start sync cycle because state is STOPPED
Apr 15 03:44:19 kibot-kotlin-1 kidax-engine[1232118]: 03:44:19.586 INFO  io.ktor.server.Application - 200 OK: GET - /api/state in 1383ms
Apr 15 03:44:20 kibot-kotlin-1 kidax-engine[1232118]: 03:44:20.083 INFO  io.ktor.server.Application - 200 OK: GET - /api/state in 493ms
Apr 15 03:44:20 kibot-kotlin-1 kidax-engine[1232118]: 03:44:20.390 INFO  io.ktor.server.Application - 200 OK: GET - /api/state in 106ms
Apr 15 03:44:20 kibot-kotlin-1 kidax-engine[1232118]: 03:44:20.585 INFO  io.ktor.server.Application - 200 OK: GET - /api/state in 181ms
Apr 15 03:44:20 kibot-kotlin-1 kidax-engine[1232118]: 03:44:20.590 INFO  io.ktor.server.Application - 200 OK: GET - / in 185ms
Apr 15 03:44:21 kibot-kotlin-1 kidax-engine[1232118]: 03:44:21.103 INFO  com.kibot.macengine.runtime.MacEngineDaemon - DEAD_ZONE_TRACE: entering dead zone after control-plane setup
Apr 15 03:44:21 kibot-kotlin-1 kidax-engine[1232118]: 03:44:21.184 INFO  com.kibot.macengine.runtime.MacEngineDaemon - DEAD_ZONE_TRACE: checking local balance / peer state cache
Apr 15 03:44:21 kibot-kotlin-1 kidax-engine[1232118]: 03:44:21.289 INFO  io.ktor.server.Application - 200 OK: GET - /api/state in 97ms
Apr 15 03:44:21 kibot-kotlin-1 kidax-engine[1232118]: 03:44:21.383 INFO  io.ktor.server.Application - 200 OK: GET - / in 78ms
Apr 15 03:44:21 kibot-kotlin-1 kidax-engine[1232118]: 03:44:21.702 INFO  io.ktor.server.Application - 200 OK: GET - /api/state in 109ms
Apr 15 03:44:22 kibot-kotlin-1 kidax-engine[1232118]: 03:44:22.109 INFO  com.kibot.macengine.runtime.MacEngineDaemon - DEAD_ZONE_TRACE: fetching local bot state snapshot
Apr 15 03:44:22 kibot-kotlin-1 kidax-engine[1232118]: 03:44:22.221 INFO  com.kibot.macengine.runtime.MacEngineDaemon - DEAD_ZONE_TRACE: fetching lease snapshot
Apr 15 03:44:22 kibot-kotlin-1 kidax-engine[1232118]: 03:44:22.484 INFO  com.kibot.macengine.runtime.MacEngineDaemon - DEAD_ZONE_TRACE: refreshing devices / risk / equity / commands / weekly review
Apr 15 03:44:23 kibot-kotlin-1 kidax-engine[1232118]: 03:44:23.142 INFO  com.kibot.macengine.runtime.MacEngineDaemon - DEAD_ZONE_TRACE: probing market reachability and orderbook cache
Apr 15 03:44:23 kibot-kotlin-1 kidax-engine[1232118]: 03:44:23.690 INFO  io.ktor.server.Application - 200 OK: GET - /api/state in 183ms
Apr 15 03:44:24 kibot-kotlin-1 kidax-engine[1232118]: 03:44:24.084 WARN  com.kibot.macengine.runtime.MacEngineDaemon - [EXCHANGE_PROBE] FAILED - Exchange unreachable (failure count: 1)
Apr 15 03:44:24 kibot-kotlin-1 kidax-engine[1232118]: 03:44:24.085 INFO  com.kibot.macengine.runtime.MacEngineDaemon - DEAD_ZONE_TRACE: applying pending commands / sync processing
Apr 15 03:44:24 kibot-kotlin-1 kidax-engine[1232118]: 03:44:24.085 INFO  com.kibot.macengine.runtime.MacEngineDaemon - DEAD_ZONE_TRACE: building local health / syncing flags
Apr 15 03:44:24 kibot-kotlin-1 kidax-engine[1232118]: 03:44:24.087 INFO  com.kibot.macengine.runtime.MacEngineDaemon - DEAD_ZONE_TRACE: takeover / release gate evaluation
Apr 15 03:44:24 kibot-kotlin-1 kidax-engine[1232118]: 03:44:24.087 INFO  com.kibot.macengine.runtime.MacEngineDaemon - DEAD_ZONE_TRACE: re-reading canonical bot/lease snapshots
Apr 15 03:44:25 kibot-kotlin-1 kidax-engine[1232118]: 03:44:25.534 INFO  io.ktor.server.Application - 200 OK: GET - /api/state in 16ms
Apr 15 03:44:26 kibot-kotlin-1 kidax-engine[1232118]: 03:44:26.306 INFO  com.kibot.macengine.runtime.MacEngineDaemon - [PORTFOLIO_CALC] referenceQuoteAsset=idr rate_to_idr=1
Apr 15 03:44:26 kibot-kotlin-1 kidax-engine[1232118]: 03:44:26.789 INFO  com.kibot.macengine.runtime.MacEngineDaemon - DEAD_ZONE_TRACE: preparing exchange fetches
Apr 15 03:44:26 kibot-kotlin-1 kidax-engine[1232118]: 03:44:26.789 INFO  com.kibot.macengine.runtime.MacEngineDaemon - DEAD_ZONE_TRACE: awaiting balances / open orders / market quotes
Apr 15 03:44:26 kibot-kotlin-1 kidax-engine[1232118]: 03:44:26.790 INFO  com.kibot.macengine.runtime.MacEngineDaemon - DEAD_ZONE_TRACE: enriching runtime market quotes
Apr 15 03:44:26 kibot-kotlin-1 kidax-engine[1232118]: 03:44:26.790 INFO  com.kibot.macengine.runtime.MacEngineDaemon - DEAD_ZONE_TRACE: market health resolved feedHealthy=false exchangeReachable=false warnings=2
Apr 15 03:44:26 kibot-kotlin-1 kidax-engine[1232118]: 03:44:26.790 INFO  com.kibot.macengine.runtime.MacEngineDaemon - DEAD_ZONE_TRACE: reached holdings evaluation handoff
Apr 15 03:44:26 kibot-kotlin-1 kidax-engine[1232118]: 03:44:26.889 INFO  com.kibot.macengine.runtime.MacEngineDaemon - [PORTFOLIO_CALC] referenceQuoteAsset=idr rate_to_idr=1
Apr 15 03:44:26 kibot-kotlin-1 kidax-engine[1232118]: 03:44:26.984 INFO  com.kibot.macengine.runtime.MacEngineDaemon - SIDE_EFFECTS_GATE: isMaster=true forceMomentumSideEffects=false strategyCyclePresent=false runtimeLeasePresent=true
Apr 15 03:44:26 kibot-kotlin-1 kidax-engine[1232118]: 03:44:26.984 INFO  com.kibot.macengine.runtime.MacEngineDaemon - [PORTFOLIO_CALC] referenceQuoteAsset=idr rate_to_idr=1
Apr 15 03:44:27 kibot-kotlin-1 kidax-engine[1232118]: 03:44:27.682 INFO  io.ktor.server.Application - 200 OK: GET - /api/state in 176ms
Apr 15 03:44:28 kibot-kotlin-1 kidax-engine[1232118]: 03:44:28.203 INFO  io.ktor.server.Application - 200 OK: GET - /api/state in 109ms
Apr 15 03:44:28 kibot-kotlin-1 kidax-engine[1232118]: 03:44:28.988 INFO  io.ktor.server.Application - 200 OK: GET - /api/state in 382ms
Apr 15 03:44:29 kibot-kotlin-1 kidax-engine[1232118]: 03:44:29.292 INFO  io.ktor.server.Application - 200 OK: GET - /api/state in 300ms
Apr 15 03:44:29 kibot-kotlin-1 kidax-engine[1232118]: 03:44:29.797 INFO  io.ktor.server.Application - 200 OK: GET - /api/state in 198ms
Apr 15 03:44:31 kibot-kotlin-1 kidax-engine[1232118]: 03:44:31.516 INFO  io.ktor.server.Application - 200 OK: GET - /api/state in 11ms
Apr 15 03:44:32 kibot-kotlin-1 kidax-engine[1232118]: 03:44:32.693 ERROR com.kibot.macengine.runtime.MacEngineDaemon - LIFECYCLE_BLOCK: Cannot start sync cycle because state is DEGRADED
Apr 15 03:44:32 kibot-kotlin-1 kidax-engine[1232118]: 03:44:32.746 INFO  com.kibot.macengine.runtime.MacEngineDaemon - DEAD_ZONE_TRACE: entering dead zone after control-plane setup
Apr 15 03:44:32 kibot-kotlin-1 kidax-engine[1232118]: 03:44:32.747 INFO  com.kibot.macengine.runtime.MacEngineDaemon - DEAD_ZONE_TRACE: checking local balance / peer state cache
Apr 15 03:44:33 kibot-kotlin-1 kidax-engine[1232118]: 03:44:33.517 INFO  io.ktor.server.Application - 200 OK: GET - /api/state in 12ms
Apr 15 03:44:35 kibot-kotlin-1 kidax-engine[1232118]: 03:44:35.023 INFO  com.kibot.macengine.runtime.MacEngineDaemon - DEAD_ZONE_TRACE: fetching local bot state snapshot
Apr 15 03:44:35 kibot-kotlin-1 kidax-engine[1232118]: 03:44:35.519 INFO  io.ktor.server.Application - 200 OK: GET - /api/state in 14ms
Apr 15 03:44:36 kibot-kotlin-1 kidax-engine[1232118]: 03:44:36.022 INFO  com.kibot.macengine.runtime.MacEngineDaemon - DEAD_ZONE_TRACE: fetching lease snapshot
Apr 15 03:44:37 kibot-kotlin-1 kidax-engine[1232118]: 03:44:37.518 INFO  io.ktor.server.Application - 200 OK: GET - /api/state in 10ms
Apr 15 03:44:38 kibot-kotlin-1 kidax-engine[1232118]: 03:44:38.253 INFO  com.kibot.macengine.runtime.MacEngineDaemon - DEAD_ZONE_TRACE: refreshing devices / risk / equity / commands / weekly review
Apr 15 03:44:39 kibot-kotlin-1 kidax-engine[1232118]: 03:44:39.523 INFO  io.ktor.server.Application - 200 OK: GET - /api/state in 9ms
Apr 15 03:44:40 kibot-kotlin-1 kidax-engine[1232118]: 03:44:40.527 INFO  com.kibot.macengine.runtime.MacEngineDaemon - DEAD_ZONE_TRACE: probing market reachability and orderbook cache
Apr 15 03:44:40 kibot-kotlin-1 kidax-engine[1232118]: 03:44:40.599 WARN  com.kibot.macengine.runtime.MacEngineDaemon - [EXCHANGE_PROBE] FAILED - Exchange unreachable (failure count: 2)
Apr 15 03:44:40 kibot-kotlin-1 kidax-engine[1232118]: 03:44:40.600 INFO  com.kibot.macengine.runtime.MacEngineDaemon - DEAD_ZONE_TRACE: applying pending commands / sync processing
Apr 15 03:44:40 kibot-kotlin-1 kidax-engine[1232118]: 03:44:40.600 INFO  com.kibot.macengine.runtime.MacEngineDaemon - DEAD_ZONE_TRACE: building local health / syncing flags
Apr 15 03:44:40 kibot-kotlin-1 kidax-engine[1232118]: 03:44:40.600 INFO  com.kibot.macengine.runtime.MacEngineDaemon - DEAD_ZONE_TRACE: takeover / release gate evaluation
Apr 15 03:44:40 kibot-kotlin-1 kidax-engine[1232118]: 03:44:40.600 INFO  com.kibot.macengine.runtime.MacEngineDaemon - DEAD_ZONE_TRACE: re-reading canonical bot/lease snapshots
Apr 15 03:44:41 kibot-kotlin-1 kidax-engine[1232118]: 03:44:41.516 INFO  io.ktor.server.Application - 200 OK: GET - /api/state in 9ms
Apr 15 03:44:43 kibot-kotlin-1 kidax-engine[1232118]: 03:44:43.518 INFO  io.ktor.server.Application - 200 OK: GET - /api/state in 12ms
Apr 15 03:44:44 kibot-kotlin-1 kidax-engine[1232118]: 03:44:44.026 INFO  com.kibot.macengine.runtime.MacEngineDaemon - [PORTFOLIO_CALC] referenceQuoteAsset=idr rate_to_idr=1
Apr 15 03:44:44 kibot-kotlin-1 kidax-engine[1232118]: 03:44:44.034 INFO  com.kibot.macengine.runtime.MacEngineDaemon - DEAD_ZONE_TRACE: preparing exchange fetches
Apr 15 03:44:44 kibot-kotlin-1 kidax-engine[1232118]: 03:44:44.035 INFO  com.kibot.macengine.runtime.MacEngineDaemon - DEAD_ZONE_TRACE: awaiting balances / open orders / market quotes
Apr 15 03:44:44 kibot-kotlin-1 kidax-engine[1232118]: 03:44:44.035 INFO  com.kibot.macengine.runtime.MacEngineDaemon - DEAD_ZONE_TRACE: enriching runtime market quotes
Apr 15 03:44:44 kibot-kotlin-1 kidax-engine[1232118]: 03:44:44.035 INFO  com.kibot.macengine.runtime.MacEngineDaemon - DEAD_ZONE_TRACE: market health resolved feedHealthy=false exchangeReachable=false warnings=2
Apr 15 03:44:44 kibot-kotlin-1 kidax-engine[1232118]: 03:44:44.035 INFO  com.kibot.macengine.runtime.MacEngineDaemon - DEAD_ZONE_TRACE: reached holdings evaluation handoff
Apr 15 03:44:44 kibot-kotlin-1 kidax-engine[1232118]: 03:44:44.035 INFO  com.kibot.macengine.runtime.MacEngineDaemon - [PORTFOLIO_CALC] referenceQuoteAsset=idr rate_to_idr=1
Apr 15 03:44:44 kibot-kotlin-1 kidax-engine[1232118]: 03:44:44.037 INFO  com.kibot.macengine.runtime.MacEngineDaemon - SIDE_EFFECTS_GATE: isMaster=true forceMomentumSideEffects=false strategyCyclePresent=false runtimeLeasePresent=true
Apr 15 03:44:44 kibot-kotlin-1 kidax-engine[1232118]: 03:44:44.037 INFO  com.kibot.macengine.runtime.MacEngineDaemon - [PORTFOLIO_CALC] referenceQuoteAsset=idr rate_to_idr=1
Apr 15 03:44:45 kibot-kotlin-1 kidax-engine[1232118]: 03:44:45.302 INFO  io.ktor.server.Application - 200 OK: GET - /api/state in 13ms
Apr 15 03:44:45 kibot-kotlin-1 kidax-engine[1232118]: 03:44:45.514 INFO  io.ktor.server.Application - 200 OK: GET - /api/state in 10ms
Apr 15 03:44:47 kibot-kotlin-1 kidax-engine[1232118]: 03:44:47.517 INFO  io.ktor.server.Application - 200 OK: GET - /api/state in 12ms
Apr 15 03:44:49 kibot-kotlin-1 kidax-engine[1232118]: 03:44:49.020 ERROR com.kibot.macengine.runtime.MacEngineDaemon - LIFECYCLE_BLOCK: Cannot start sync cycle because state is DEGRADED
Apr 15 03:44:49 kibot-kotlin-1 kidax-engine[1232118]: 03:44:49.073 INFO  com.kibot.macengine.runtime.MacEngineDaemon - DEAD_ZONE_TRACE: entering dead zone after control-plane setup
Apr 15 03:44:49 kibot-kotlin-1 kidax-engine[1232118]: 03:44:49.073 INFO  com.kibot.macengine.runtime.MacEngineDaemon - DEAD_ZONE_TRACE: checking local balance / peer state cache
Apr 15 03:44:49 kibot-kotlin-1 kidax-engine[1232118]: 03:44:49.520 INFO  io.ktor.server.Application - 200 OK: GET - /api/state in 9ms
Apr 15 03:44:51 kibot-kotlin-1 kidax-engine[1232118]: 03:44:51.516 INFO  io.ktor.server.Application - 200 OK: GET - /api/state in 9ms
Apr 15 03:44:52 kibot-kotlin-1 kidax-engine[1232118]: 03:44:52.674 INFO  com.kibot.macengine.runtime.MacEngineDaemon - DEAD_ZONE_TRACE: fetching local bot state snapshot
Apr 15 03:44:53 kibot-kotlin-1 kidax-engine[1232118]: 03:44:53.514 INFO  io.ktor.server.Application - 200 OK: GET - /api/state in 9ms
Apr 15 03:44:53 kibot-kotlin-1 kidax-engine[1232118]: 03:44:53.720 INFO  com.kibot.macengine.runtime.MacEngineDaemon - DEAD_ZONE_TRACE: fetching lease snapshot
Apr 15 03:44:55 kibot-kotlin-1 kidax-engine[1232118]: 03:44:55.519 INFO  io.ktor.server.Application - 200 OK: GET - /api/state in 14ms
Apr 15 03:44:55 kibot-kotlin-1 kidax-engine[1232118]: 03:44:55.671 INFO  com.kibot.macengine.runtime.MacEngineDaemon - DEAD_ZONE_TRACE: refreshing devices / risk / equity / commands / weekly review
Apr 15 03:44:57 kibot-kotlin-1 kidax-engine[1232118]: 03:44:57.513 INFO  io.ktor.server.Application - 200 OK: GET - /api/state in 9ms
Apr 15 03:44:57 kibot-kotlin-1 kidax-engine[1232118]: 03:44:57.563 INFO  com.kibot.macengine.runtime.MacEngineDaemon - DEAD_ZONE_TRACE: probing market reachability and orderbook cache
Apr 15 03:44:59 kibot-kotlin-1 kidax-engine[1232118]: 03:44:59.016 WARN  com.kibot.macengine.runtime.MacEngineDaemon - [EXCHANGE_PROBE] FAILED - Exchange unreachable (failure count: 3)
Apr 15 03:44:59 kibot-kotlin-1 kidax-engine[1232118]: 03:44:59.017 INFO  com.kibot.macengine.runtime.MacEngineDaemon - DEAD_ZONE_TRACE: applying pending commands / sync processing
Apr 15 03:44:59 kibot-kotlin-1 kidax-engine[1232118]: 03:44:59.017 INFO  com.kibot.macengine.runtime.MacEngineDaemon - DEAD_ZONE_TRACE: building local health / syncing flags
Apr 15 03:44:59 kibot-kotlin-1 kidax-engine[1232118]: 03:44:59.017 INFO  com.kibot.macengine.runtime.MacEngineDaemon - DEAD_ZONE_TRACE: takeover / release gate evaluation
Apr 15 03:44:59 kibot-kotlin-1 kidax-engine[1232118]: 03:44:59.017 INFO  com.kibot.macengine.runtime.MacEngineDaemon - DEAD_ZONE_TRACE: re-reading canonical bot/lease snapshots
Apr 15 03:44:59 kibot-kotlin-1 kidax-engine[1232118]: 03:44:59.515 INFO  io.ktor.server.Application - 200 OK: GET - /api/state in 9ms
Apr 15 03:44:59 kibot-kotlin-1 kidax-engine[1232118]: 03:44:59.643 INFO  com.kibot.macengine.runtime.MacEngineDaemon - [PORTFOLIO_CALC] referenceQuoteAsset=idr rate_to_idr=1
Apr 15 03:44:59 kibot-kotlin-1 kidax-engine[1232118]: 03:44:59.653 INFO  com.kibot.macengine.runtime.MacEngineDaemon - DEAD_ZONE_TRACE: preparing exchange fetches
Apr 15 03:44:59 kibot-kotlin-1 kidax-engine[1232118]: 03:44:59.653 INFO  com.kibot.macengine.runtime.MacEngineDaemon - DEAD_ZONE_TRACE: awaiting balances / open orders / market quotes
Apr 15 03:44:59 kibot-kotlin-1 kidax-engine[1232118]: 03:44:59.653 INFO  com.kibot.macengine.runtime.MacEngineDaemon - DEAD_ZONE_TRACE: enriching runtime market quotes
Apr 15 03:44:59 kibot-kotlin-1 kidax-engine[1232118]: 03:44:59.653 INFO  com.kibot.macengine.runtime.MacEngineDaemon - DEAD_ZONE_TRACE: market health resolved feedHealthy=false exchangeReachable=false warnings=2
Apr 15 03:44:59 kibot-kotlin-1 kidax-engine[1232118]: 03:44:59.653 INFO  com.kibot.macengine.runtime.MacEngineDaemon - DEAD_ZONE_TRACE: reached holdings evaluation handoff
Apr 15 03:44:59 kibot-kotlin-1 kidax-engine[1232118]: 03:44:59.653 INFO  com.kibot.macengine.runtime.MacEngineDaemon - [PORTFOLIO_CALC] referenceQuoteAsset=idr rate_to_idr=1
Apr 15 03:44:59 kibot-kotlin-1 kidax-engine[1232118]: 03:44:59.654 INFO  com.kibot.macengine.runtime.MacEngineDaemon - SIDE_EFFECTS_GATE: isMaster=true forceMomentumSideEffects=false strategyCyclePresent=false runtimeLeasePresent=true
Apr 15 03:44:59 kibot-kotlin-1 kidax-engine[1232118]: 03:44:59.654 INFO  com.kibot.macengine.runtime.MacEngineDaemon - [PORTFOLIO_CALC] referenceQuoteAsset=idr rate_to_idr=1
Apr 15 03:44:59 kibot-kotlin-1 kidax-engine[1232118]: 03:44:59.797 INFO  io.ktor.server.Application - 200 OK: GET - /api/state in 10ms
Apr 15 03:45:00 kibot-kotlin-1 kidax-engine[1232118]: 03:45:00.396 INFO  io.ktor.server.Application - 200 OK: GET - /api/state in 12ms
Apr 15 03:45:01 kibot-kotlin-1 kidax-engine[1232118]: 03:45:01.515 INFO  io.ktor.server.Application - 200 OK: GET - /api/state in 9ms
Apr 15 03:45:01 kibot-kotlin-1 kidax-engine[1232118]: 03:45:01.921 ERROR com.kibot.macengine.runtime.MacEngineDaemon - LIFECYCLE_BLOCK: Cannot start sync cycle because state is DEGRADED
Apr 15 03:45:01 kibot-kotlin-1 kidax-engine[1232118]: 03:45:01.973 INFO  com.kibot.macengine.runtime.MacEngineDaemon - DEAD_ZONE_TRACE: entering dead zone after control-plane setup
Apr 15 03:45:01 kibot-kotlin-1 kidax-engine[1232118]: 03:45:01.974 INFO  com.kibot.macengine.runtime.MacEngineDaemon - DEAD_ZONE_TRACE: checking local balance / peer state cache
Apr 15 03:45:02 kibot-kotlin-1 kidax-engine[1232118]: 03:45:02.165 INFO  com.kibot.macengine.runtime.MacEngineDaemon - DEAD_ZONE_TRACE: fetching local bot state snapshot
Apr 15 03:45:02 kibot-kotlin-1 kidax-engine[1232118]: 03:45:02.217 INFO  com.kibot.macengine.runtime.MacEngineDaemon - DEAD_ZONE_TRACE: fetching lease snapshot
Apr 15 03:45:02 kibot-kotlin-1 kidax-engine[1232118]: 03:45:02.320 INFO  com.kibot.macengine.runtime.MacEngineDaemon - DEAD_ZONE_TRACE: refreshing devices / risk / equity / commands / weekly review
Apr 15 03:45:02 kibot-kotlin-1 kidax-engine[1232118]: 03:45:02.489 INFO  com.kibot.macengine.runtime.MacEngineDaemon - DEAD_ZONE_TRACE: probing market reachability and orderbook cache
Apr 15 03:45:03 kibot-kotlin-1 kidax-engine[1232118]: 03:45:03.515 INFO  io.ktor.server.Application - 200 OK: GET - /api/state in 10ms
Apr 15 03:45:03 kibot-kotlin-1 kidax-engine[1232118]: 03:45:03.554 WARN  com.kibot.macengine.runtime.MacEngineDaemon - [EXCHANGE_PROBE] FAILED - Exchange unreachable (failure count: 4)
Apr 15 03:45:03 kibot-kotlin-1 kidax-engine[1232118]: 03:45:03.554 INFO  com.kibot.macengine.runtime.MacEngineDaemon - DEAD_ZONE_TRACE: applying pending commands / sync processing
Apr 15 03:45:03 kibot-kotlin-1 kidax-engine[1232118]: 03:45:03.555 INFO  com.kibot.macengine.runtime.MacEngineDaemon - DEAD_ZONE_TRACE: building local health / syncing flags
Apr 15 03:45:03 kibot-kotlin-1 kidax-engine[1232118]: 03:45:03.555 INFO  com.kibot.macengine.runtime.MacEngineDaemon - DEAD_ZONE_TRACE: takeover / release gate evaluation
Apr 15 03:45:03 kibot-kotlin-1 kidax-engine[1232118]: 03:45:03.555 INFO  com.kibot.macengine.runtime.MacEngineDaemon - DEAD_ZONE_TRACE: re-reading canonical bot/lease snapshots
Apr 15 03:45:05 kibot-kotlin-1 kidax-engine[1232118]: 03:45:05.598 INFO  io.ktor.server.Application - 200 OK: GET - /api/state in 90ms
Apr 15 03:45:05 kibot-kotlin-1 kidax-engine[1232118]: 03:45:05.687 INFO  io.ktor.server.Application - 200 OK: GET - /api/state in 88ms
Apr 15 03:45:05 kibot-kotlin-1 kidax-engine[1232118]: 03:45:05.797 INFO  io.ktor.server.Application - 200 OK: GET - / in 4ms
Apr 15 03:45:06 kibot-kotlin-1 kidax-engine[1232118]: 03:45:06.386 INFO  com.kibot.macengine.runtime.MacEngineDaemon - [PORTFOLIO_CALC] referenceQuoteAsset=idr rate_to_idr=1
Apr 15 03:45:06 kibot-kotlin-1 kidax-engine[1232118]: 03:45:06.401 INFO  com.kibot.macengine.runtime.MacEngineDaemon - DEAD_ZONE_TRACE: preparing exchange fetches
Apr 15 03:45:06 kibot-kotlin-1 kidax-engine[1232118]: 03:45:06.401 INFO  com.kibot.macengine.runtime.MacEngineDaemon - DEAD_ZONE_TRACE: awaiting balances / open orders / market quotes
Apr 15 03:45:06 kibot-kotlin-1 kidax-engine[1232118]: 03:45:06.401 INFO  com.kibot.macengine.runtime.MacEngineDaemon - DEAD_ZONE_TRACE: enriching runtime market quotes
Apr 15 03:45:06 kibot-kotlin-1 kidax-engine[1232118]: 03:45:06.401 INFO  com.kibot.macengine.runtime.MacEngineDaemon - DEAD_ZONE_TRACE: market health resolved feedHealthy=false exchangeReachable=false warnings=2
Apr 15 03:45:06 kibot-kotlin-1 kidax-engine[1232118]: 03:45:06.401 INFO  com.kibot.macengine.runtime.MacEngineDaemon - DEAD_ZONE_TRACE: reached holdings evaluation handoff
Apr 15 03:45:06 kibot-kotlin-1 kidax-engine[1232118]: 03:45:06.401 INFO  com.kibot.macengine.runtime.MacEngineDaemon - [PORTFOLIO_CALC] referenceQuoteAsset=idr rate_to_idr=1
Apr 15 03:45:06 kibot-kotlin-1 kidax-engine[1232118]: 03:45:06.488 INFO  com.kibot.macengine.runtime.MacEngineDaemon - SIDE_EFFECTS_GATE: isMaster=true forceMomentumSideEffects=false strategyCyclePresent=false runtimeLeasePresent=true
Apr 15 03:45:06 kibot-kotlin-1 kidax-engine[1232118]: 03:45:06.488 INFO  com.kibot.macengine.runtime.MacEngineDaemon - [PORTFOLIO_CALC] referenceQuoteAsset=idr rate_to_idr=1
Apr 15 03:45:06 kibot-kotlin-1 kidax-engine[1232118]: 03:45:06.706 INFO  io.ktor.server.Application - 200 OK: GET - /api/state in 116ms
Apr 15 03:45:06 kibot-kotlin-1 kidax-engine[1232118]: 03:45:06.803 INFO  io.ktor.server.Application - 200 OK: GET - / in 4ms
Apr 15 03:45:07 kibot-kotlin-1 kidax-engine[1232118]: 03:45:07.516 INFO  io.ktor.server.Application - 200 OK: GET - /api/state in 10ms
Apr 15 03:45:09 kibot-kotlin-1 kidax-engine[1232118]: 03:45:09.586 INFO  io.ktor.server.Application - 200 OK: GET - /api/state in 81ms
Apr 15 03:45:10 kibot-kotlin-1 kidax-engine[1232118]: 03:45:10.631 ERROR com.kibot.macengine.runtime.MacEngineDaemon - LIFECYCLE_BLOCK: Cannot start sync cycle because state is DEGRADED
Apr 15 03:45:10 kibot-kotlin-1 kidax-engine[1232118]: 03:45:10.683 INFO  com.kibot.macengine.runtime.MacEngineDaemon - DEAD_ZONE_TRACE: entering dead zone after control-plane setup
Apr 15 03:45:10 kibot-kotlin-1 kidax-engine[1232118]: 03:45:10.683 INFO  com.kibot.macengine.runtime.MacEngineDaemon - DEAD_ZONE_TRACE: checking local balance / peer state cache
Apr 15 03:45:11 kibot-kotlin-1 kidax-engine[1232118]: 03:45:11.520 INFO  io.ktor.server.Application - 200 OK: GET - /api/state in 9ms
Apr 15 03:45:13 kibot-kotlin-1 kidax-engine[1232118]: 03:45:13.529 INFO  io.ktor.server.Application - 200 OK: GET - /api/state in 24ms
Apr 15 03:45:13 kibot-kotlin-1 kidax-engine[1232118]: 03:45:13.531 INFO  com.kibot.macengine.runtime.MacEngineDaemon - DEAD_ZONE_TRACE: fetching local bot state snapshot
Apr 15 03:45:14 kibot-kotlin-1 kidax-engine[1232118]: 03:45:14.597 INFO  com.kibot.macengine.runtime.MacEngineDaemon - DEAD_ZONE_TRACE: fetching lease snapshot
Apr 15 03:45:15 kibot-kotlin-1 kidax-engine[1232118]: 03:45:15.415 INFO  io.ktor.server.Application - 200 OK: GET - /api/state in 9ms
Apr 15 03:45:15 kibot-kotlin-1 kidax-engine[1232118]: 03:45:15.524 INFO  io.ktor.server.Application - 200 OK: GET - /api/state in 11ms
Apr 15 03:45:17 kibot-kotlin-1 kidax-engine[1232118]: 03:45:17.524 INFO  io.ktor.server.Application - 200 OK: GET - /api/state in 10ms
Apr 15 03:45:17 kibot-kotlin-1 kidax-engine[1232118]: 03:45:17.578 INFO  com.kibot.macengine.runtime.MacEngineDaemon - DEAD_ZONE_TRACE: refreshing devices / risk / equity / commands / weekly review
Apr 15 03:45:18 kibot-kotlin-1 kidax-engine[1232118]: 03:45:18.673 INFO  com.kibot.macengine.runtime.MacEngineDaemon - DEAD_ZONE_TRACE: probing market reachability and orderbook cache
Apr 15 03:45:19 kibot-kotlin-1 kidax-engine[1232118]: 03:45:19.519 INFO  io.ktor.server.Application - 200 OK: GET - /api/state in 12ms
Apr 15 03:45:20 kibot-kotlin-1 kidax-engine[1232118]: 03:45:20.033 WARN  com.kibot.macengine.runtime.MacEngineDaemon - [EXCHANGE_PROBE] FAILED - Exchange unreachable (failure count: 5)
Apr 15 03:45:20 kibot-kotlin-1 kidax-engine[1232118]: 03:45:20.033 INFO  com.kibot.macengine.runtime.MacEngineDaemon - DEAD_ZONE_TRACE: applying pending commands / sync processing
Apr 15 03:45:20 kibot-kotlin-1 kidax-engine[1232118]: 03:45:20.034 INFO  com.kibot.macengine.runtime.MacEngineDaemon - DEAD_ZONE_TRACE: building local health / syncing flags
Apr 15 03:45:20 kibot-kotlin-1 kidax-engine[1232118]: 03:45:20.034 INFO  com.kibot.macengine.runtime.MacEngineDaemon - DEAD_ZONE_TRACE: takeover / release gate evaluation
Apr 15 03:45:20 kibot-kotlin-1 kidax-engine[1232118]: 03:45:20.034 INFO  com.kibot.macengine.runtime.MacEngineDaemon - DEAD_ZONE_TRACE: re-reading canonical bot/lease snapshots
Apr 15 03:45:21 kibot-kotlin-1 kidax-engine[1232118]: 03:45:21.522 INFO  io.ktor.server.Application - 200 OK: GET - /api/state in 14ms
Apr 15 03:45:23 kibot-kotlin-1 kidax-engine[1232118]: 03:45:23.519 INFO  io.ktor.server.Application - 200 OK: GET - /api/state in 10ms
Apr 15 03:45:23 kibot-kotlin-1 kidax-engine[1232118]: 03:45:23.520 INFO  com.kibot.macengine.runtime.MacEngineDaemon - [PORTFOLIO_CALC] referenceQuoteAsset=idr rate_to_idr=1
Apr 15 03:45:23 kibot-kotlin-1 kidax-engine[1232118]: 03:45:23.526 INFO  com.kibot.macengine.runtime.MacEngineDaemon - DEAD_ZONE_TRACE: preparing exchange fetches
Apr 15 03:45:23 kibot-kotlin-1 kidax-engine[1232118]: 03:45:23.526 INFO  com.kibot.macengine.runtime.MacEngineDaemon - DEAD_ZONE_TRACE: awaiting balances / open orders / market quotes
Apr 15 03:45:23 kibot-kotlin-1 kidax-engine[1232118]: 03:45:23.526 INFO  com.kibot.macengine.runtime.MacEngineDaemon - DEAD_ZONE_TRACE: enriching runtime market quotes
Apr 15 03:45:23 kibot-kotlin-1 kidax-engine[1232118]: 03:45:23.526 INFO  com.kibot.macengine.runtime.MacEngineDaemon - DEAD_ZONE_TRACE: market health resolved feedHealthy=false exchangeReachable=false warnings=2
Apr 15 03:45:23 kibot-kotlin-1 kidax-engine[1232118]: 03:45:23.526 INFO  com.kibot.macengine.runtime.MacEngineDaemon - DEAD_ZONE_TRACE: reached holdings evaluation handoff
Apr 15 03:45:23 kibot-kotlin-1 kidax-engine[1232118]: 03:45:23.526 INFO  com.kibot.macengine.runtime.MacEngineDaemon - [PORTFOLIO_CALC] referenceQuoteAsset=idr rate_to_idr=1
Apr 15 03:45:23 kibot-kotlin-1 kidax-engine[1232118]: 03:45:23.528 INFO  com.kibot.macengine.runtime.MacEngineDaemon - SIDE_EFFECTS_GATE: isMaster=true forceMomentumSideEffects=false strategyCyclePresent=false runtimeLeasePresent=true
Apr 15 03:45:23 kibot-kotlin-1 kidax-engine[1232118]: 03:45:23.529 INFO  com.kibot.macengine.runtime.MacEngineDaemon - [PORTFOLIO_CALC] referenceQuoteAsset=idr rate_to_idr=1
Apr 15 03:45:25 kibot-kotlin-1 kidax-engine[1232118]: 03:45:25.514 INFO  io.ktor.server.Application - 200 OK: GET - /api/state in 9ms
Apr 15 03:45:25 kibot-kotlin-1 kidax-engine[1232118]: 03:45:25.535 ERROR com.kibot.macengine.runtime.MacEngineDaemon - LIFECYCLE_BLOCK: Cannot start sync cycle because state is DEGRADED
Apr 15 03:45:25 kibot-kotlin-1 kidax-engine[1232118]: 03:45:25.586 INFO  com.kibot.macengine.runtime.MacEngineDaemon - DEAD_ZONE_TRACE: entering dead zone after control-plane setup
Apr 15 03:45:25 kibot-kotlin-1 kidax-engine[1232118]: 03:45:25.587 INFO  com.kibot.macengine.runtime.MacEngineDaemon - DEAD_ZONE_TRACE: checking local balance / peer state cache
Apr 15 03:45:27 kibot-kotlin-1 kidax-engine[1232118]: 03:45:27.249 INFO  com.kibot.macengine.runtime.MacEngineDaemon - DEAD_ZONE_TRACE: fetching local bot state snapshot
Apr 15 03:45:27 kibot-kotlin-1 kidax-engine[1232118]: 03:45:27.513 INFO  io.ktor.server.Application - 200 OK: GET - /api/state in 10ms
Apr 15 03:45:27 kibot-kotlin-1 kidax-engine[1232118]: 03:45:27.795 INFO  com.kibot.macengine.runtime.MacEngineDaemon - DEAD_ZONE_TRACE: fetching lease snapshot
Apr 15 03:45:29 kibot-kotlin-1 kidax-engine[1232118]: 03:45:29.514 INFO  io.ktor.server.Application - 200 OK: GET - /api/state in 11ms
Apr 15 03:45:29 kibot-kotlin-1 kidax-engine[1232118]: 03:45:29.559 INFO  com.kibot.macengine.runtime.MacEngineDaemon - DEAD_ZONE_TRACE: refreshing devices / risk / equity / commands / weekly review
Apr 15 03:45:29 kibot-kotlin-1 kidax-engine[1232118]: 03:45:29.817 INFO  io.ktor.server.Application - 200 OK: GET - /api/state in 9ms
Apr 15 03:45:30 kibot-kotlin-1 kidax-engine[1232118]: 03:45:30.434 INFO  io.ktor.server.Application - 200 OK: GET - /api/state in 9ms
Apr 15 03:45:31 kibot-kotlin-1 kidax-engine[1232118]: 03:45:31.513 INFO  io.ktor.server.Application - 200 OK: GET - /api/state in 9ms
Apr 15 03:45:33 kibot-kotlin-1 kidax-engine[1232118]: 03:45:33.188 INFO  com.kibot.macengine.runtime.MacEngineDaemon - DEAD_ZONE_TRACE: probing market reachability and orderbook cache
Apr 15 03:45:33 kibot-kotlin-1 kidax-engine[1232118]: 03:45:33.247 WARN  com.kibot.macengine.runtime.MacEngineDaemon - [EXCHANGE_PROBE] FAILED - Exchange unreachable (failure count: 6)
Apr 15 03:45:33 kibot-kotlin-1 kidax-engine[1232118]: 03:45:33.247 INFO  com.kibot.macengine.runtime.MacEngineDaemon - DEAD_ZONE_TRACE: applying pending commands / sync processing
Apr 15 03:45:33 kibot-kotlin-1 kidax-engine[1232118]: 03:45:33.247 INFO  com.kibot.macengine.runtime.MacEngineDaemon - DEAD_ZONE_TRACE: building local health / syncing flags
Apr 15 03:45:33 kibot-kotlin-1 kidax-engine[1232118]: 03:45:33.247 INFO  com.kibot.macengine.runtime.MacEngineDaemon - DEAD_ZONE_TRACE: takeover / release gate evaluation
Apr 15 03:45:33 kibot-kotlin-1 kidax-engine[1232118]: 03:45:33.247 INFO  com.kibot.macengine.runtime.MacEngineDaemon - DEAD_ZONE_TRACE: re-reading canonical bot/lease snapshots
Apr 15 03:45:33 kibot-kotlin-1 kidax-engine[1232118]: 03:45:33.417 INFO  com.kibot.macengine.runtime.MacEngineDaemon - [PORTFOLIO_CALC] referenceQuoteAsset=idr rate_to_idr=1
Apr 15 03:45:33 kibot-kotlin-1 kidax-engine[1232118]: 03:45:33.421 INFO  com.kibot.macengine.runtime.MacEngineDaemon - DEAD_ZONE_TRACE: preparing exchange fetches
Apr 15 03:45:33 kibot-kotlin-1 kidax-engine[1232118]: 03:45:33.421 INFO  com.kibot.macengine.runtime.MacEngineDaemon - DEAD_ZONE_TRACE: awaiting balances / open orders / market quotes
Apr 15 03:45:33 kibot-kotlin-1 kidax-engine[1232118]: 03:45:33.421 INFO  com.kibot.macengine.runtime.MacEngineDaemon - DEAD_ZONE_TRACE: enriching runtime market quotes
Apr 15 03:45:33 kibot-kotlin-1 kidax-engine[1232118]: 03:45:33.421 INFO  com.kibot.macengine.runtime.MacEngineDaemon - DEAD_ZONE_TRACE: market health resolved feedHealthy=false exchangeReachable=false warnings=2
Apr 15 03:45:33 kibot-kotlin-1 kidax-engine[1232118]: 03:45:33.421 INFO  com.kibot.macengine.runtime.MacEngineDaemon - DEAD_ZONE_TRACE: reached holdings evaluation handoff
Apr 15 03:45:33 kibot-kotlin-1 kidax-engine[1232118]: 03:45:33.422 INFO  com.kibot.macengine.runtime.MacEngineDaemon - [PORTFOLIO_CALC] referenceQuoteAsset=idr rate_to_idr=1
Apr 15 03:45:33 kibot-kotlin-1 kidax-engine[1232118]: 03:45:33.424 INFO  com.kibot.macengine.runtime.MacEngineDaemon - SIDE_EFFECTS_GATE: isMaster=true forceMomentumSideEffects=false strategyCyclePresent=false runtimeLeasePresent=true
Apr 15 03:45:33 kibot-kotlin-1 kidax-engine[1232118]: 03:45:33.424 INFO  com.kibot.macengine.runtime.MacEngineDaemon - [PORTFOLIO_CALC] referenceQuoteAsset=idr rate_to_idr=1
Apr 15 03:45:33 kibot-kotlin-1 kidax-engine[1232118]: 03:45:33.586 INFO  io.ktor.server.Application - 200 OK: GET - /api/state in 71ms
Apr 15 03:45:35 kibot-kotlin-1 kidax-engine[1232118]: 03:45:35.514 INFO  io.ktor.server.Application - 200 OK: GET - /api/state in 9ms
Apr 15 03:45:35 kibot-kotlin-1 kidax-engine[1232118]: 03:45:35.695 ERROR com.kibot.macengine.runtime.MacEngineDaemon - LIFECYCLE_BLOCK: Cannot start sync cycle because state is DEGRADED
Apr 15 03:45:35 kibot-kotlin-1 kidax-engine[1232118]: 03:45:35.747 INFO  com.kibot.macengine.runtime.MacEngineDaemon - DEAD_ZONE_TRACE: entering dead zone after control-plane setup
Apr 15 03:45:35 kibot-kotlin-1 kidax-engine[1232118]: 03:45:35.747 INFO  com.kibot.macengine.runtime.MacEngineDaemon - DEAD_ZONE_TRACE: checking local balance / peer state cache
Apr 15 03:45:35 kibot-kotlin-1 kidax-engine[1232118]: 03:45:35.935 INFO  com.kibot.macengine.runtime.MacEngineDaemon - DEAD_ZONE_TRACE: fetching local bot state snapshot
Apr 15 03:45:35 kibot-kotlin-1 kidax-engine[1232118]: 03:45:35.973 INFO  com.kibot.macengine.runtime.MacEngineDaemon - DEAD_ZONE_TRACE: fetching lease snapshot
Apr 15 03:45:36 kibot-kotlin-1 kidax-engine[1232118]: 03:45:36.072 INFO  com.kibot.macengine.runtime.MacEngineDaemon - DEAD_ZONE_TRACE: refreshing devices / risk / equity / commands / weekly review
Apr 15 03:45:36 kibot-kotlin-1 kidax-engine[1232118]: 03:45:36.219 INFO  com.kibot.macengine.runtime.MacEngineDaemon - DEAD_ZONE_TRACE: probing market reachability and orderbook cache
Apr 15 03:45:36 kibot-kotlin-1 kidax-engine[1232118]: 03:45:36.300 WARN  com.kibot.macengine.runtime.MacEngineDaemon - [EXCHANGE_PROBE] FAILED - Exchange unreachable (failure count: 7)
Apr 15 03:45:36 kibot-kotlin-1 kidax-engine[1232118]: 03:45:36.300 INFO  com.kibot.macengine.runtime.MacEngineDaemon - DEAD_ZONE_TRACE: applying pending commands / sync processing
Apr 15 03:45:36 kibot-kotlin-1 kidax-engine[1232118]: 03:45:36.300 INFO  com.kibot.macengine.runtime.MacEngineDaemon - DEAD_ZONE_TRACE: building local health / syncing flags
Apr 15 03:45:36 kibot-kotlin-1 kidax-engine[1232118]: 03:45:36.300 INFO  com.kibot.macengine.runtime.MacEngineDaemon - DEAD_ZONE_TRACE: takeover / release gate evaluation
Apr 15 03:45:36 kibot-kotlin-1 kidax-engine[1232118]: 03:45:36.300 INFO  com.kibot.macengine.runtime.MacEngineDaemon - DEAD_ZONE_TRACE: re-reading canonical bot/lease snapshots
Apr 15 03:45:36 kibot-kotlin-1 kidax-engine[1232118]: 03:45:36.521 INFO  com.kibot.macengine.runtime.MacEngineDaemon - [PORTFOLIO_CALC] referenceQuoteAsset=idr rate_to_idr=1
Apr 15 03:45:36 kibot-kotlin-1 kidax-engine[1232118]: 03:45:36.528 INFO  com.kibot.macengine.runtime.MacEngineDaemon - DEAD_ZONE_TRACE: preparing exchange fetches
Apr 15 03:45:36 kibot-kotlin-1 kidax-engine[1232118]: 03:45:36.528 INFO  com.kibot.macengine.runtime.MacEngineDaemon - DEAD_ZONE_TRACE: awaiting balances / open orders / market quotes
Apr 15 03:45:36 kibot-kotlin-1 kidax-engine[1232118]: 03:45:36.528 INFO  com.kibot.macengine.runtime.MacEngineDaemon - DEAD_ZONE_TRACE: enriching runtime market quotes
Apr 15 03:45:36 kibot-kotlin-1 kidax-engine[1232118]: 03:45:36.528 INFO  com.kibot.macengine.runtime.MacEngineDaemon - DEAD_ZONE_TRACE: market health resolved feedHealthy=false exchangeReachable=false warnings=2
Apr 15 03:45:36 kibot-kotlin-1 kidax-engine[1232118]: 03:45:36.528 INFO  com.kibot.macengine.runtime.MacEngineDaemon - DEAD_ZONE_TRACE: reached holdings evaluation handoff
Apr 15 03:45:36 kibot-kotlin-1 kidax-engine[1232118]: 03:45:36.528 INFO  com.kibot.macengine.runtime.MacEngineDaemon - [PORTFOLIO_CALC] referenceQuoteAsset=idr rate_to_idr=1
Apr 15 03:45:36 kibot-kotlin-1 kidax-engine[1232118]: 03:45:36.529 INFO  com.kibot.macengine.runtime.MacEngineDaemon - SIDE_EFFECTS_GATE: isMaster=true forceMomentumSideEffects=false strategyCyclePresent=false runtimeLeasePresent=true
Apr 15 03:45:36 kibot-kotlin-1 kidax-engine[1232118]: 03:45:36.530 INFO  com.kibot.macengine.runtime.MacEngineDaemon - [PORTFOLIO_CALC] referenceQuoteAsset=idr rate_to_idr=1
Apr 15 03:45:37 kibot-kotlin-1 kidax-engine[1232118]: 03:45:37.514 INFO  io.ktor.server.Application - 200 OK: GET - /api/state in 10ms
Apr 15 03:45:38 kibot-kotlin-1 kidax-engine[1232118]: 03:45:38.766 ERROR com.kibot.macengine.runtime.MacEngineDaemon - LIFECYCLE_BLOCK: Cannot start sync cycle because state is DEGRADED
Apr 15 03:45:38 kibot-kotlin-1 kidax-engine[1232118]: 03:45:38.817 INFO  com.kibot.macengine.runtime.MacEngineDaemon - DEAD_ZONE_TRACE: entering dead zone after control-plane setup
Apr 15 03:45:38 kibot-kotlin-1 kidax-engine[1232118]: 03:45:38.818 INFO  com.kibot.macengine.runtime.MacEngineDaemon - DEAD_ZONE_TRACE: checking local balance / peer state cache
Apr 15 03:45:38 kibot-kotlin-1 kidax-engine[1232118]: 03:45:38.982 INFO  com.kibot.macengine.runtime.MacEngineDaemon - DEAD_ZONE_TRACE: fetching local bot state snapshot
Apr 15 03:45:39 kibot-kotlin-1 kidax-engine[1232118]: 03:45:39.037 INFO  com.kibot.macengine.runtime.MacEngineDaemon - DEAD_ZONE_TRACE: fetching lease snapshot
Apr 15 03:45:39 kibot-kotlin-1 kidax-engine[1232118]: 03:45:39.184 INFO  com.kibot.macengine.runtime.MacEngineDaemon - DEAD_ZONE_TRACE: refreshing devices / risk / equity / commands / weekly review
Apr 15 03:45:39 kibot-kotlin-1 kidax-engine[1232118]: 03:45:39.225 INFO  com.kibot.macengine.runtime.MacEngineDaemon - DEAD_ZONE_TRACE: probing market reachability and orderbook cache
Apr 15 03:45:39 kibot-kotlin-1 kidax-engine[1232118]: 03:45:39.400 WARN  com.kibot.macengine.runtime.MacEngineDaemon - [EXCHANGE_PROBE] FAILED - Exchange unreachable (failure count: 8)
Apr 15 03:45:39 kibot-kotlin-1 kidax-engine[1232118]: 03:45:39.400 INFO  com.kibot.macengine.runtime.MacEngineDaemon - DEAD_ZONE_TRACE: applying pending commands / sync processing
Apr 15 03:45:39 kibot-kotlin-1 kidax-engine[1232118]: 03:45:39.400 INFO  com.kibot.macengine.runtime.MacEngineDaemon - DEAD_ZONE_TRACE: building local health / syncing flags
Apr 15 03:45:39 kibot-kotlin-1 kidax-engine[1232118]: 03:45:39.400 INFO  com.kibot.macengine.runtime.MacEngineDaemon - DEAD_ZONE_TRACE: takeover / release gate evaluation
Apr 15 03:45:39 kibot-kotlin-1 kidax-engine[1232118]: 03:45:39.400 INFO  com.kibot.macengine.runtime.MacEngineDaemon - DEAD_ZONE_TRACE: re-reading canonical bot/lease snapshots
Apr 15 03:45:39 kibot-kotlin-1 kidax-engine[1232118]: 03:45:39.527 INFO  io.ktor.server.Application - 200 OK: GET - /api/state in 9ms
Apr 15 03:45:42 kibot-kotlin-1 kidax-engine[1232118]: 03:45:42.023 INFO  io.ktor.server.Application - 200 OK: GET - /api/state in 9ms
Apr 15 03:45:42 kibot-kotlin-1 kidax-engine[1232118]: 03:45:42.074 INFO  com.kibot.macengine.runtime.MacEngineDaemon - [PORTFOLIO_CALC] referenceQuoteAsset=idr rate_to_idr=1
Apr 15 03:45:42 kibot-kotlin-1 kidax-engine[1232118]: 03:45:42.077 INFO  com.kibot.macengine.runtime.MacEngineDaemon - DEAD_ZONE_TRACE: preparing exchange fetches
Apr 15 03:45:42 kibot-kotlin-1 kidax-engine[1232118]: 03:45:42.077 INFO  com.kibot.macengine.runtime.MacEngineDaemon - DEAD_ZONE_TRACE: awaiting balances / open orders / market quotes
Apr 15 03:45:42 kibot-kotlin-1 kidax-engine[1232118]: 03:45:42.077 INFO  com.kibot.macengine.runtime.MacEngineDaemon - DEAD_ZONE_TRACE: enriching runtime market quotes
Apr 15 03:45:42 kibot-kotlin-1 kidax-engine[1232118]: 03:45:42.078 INFO  com.kibot.macengine.runtime.MacEngineDaemon - DEAD_ZONE_TRACE: market health resolved feedHealthy=false exchangeReachable=false warnings=2
Apr 15 03:45:42 kibot-kotlin-1 kidax-engine[1232118]: 03:45:42.078 INFO  com.kibot.macengine.runtime.MacEngineDaemon - DEAD_ZONE_TRACE: reached holdings evaluation handoff
Apr 15 03:45:42 kibot-kotlin-1 kidax-engine[1232118]: 03:45:42.078 INFO  com.kibot.macengine.runtime.MacEngineDaemon - [PORTFOLIO_CALC] referenceQuoteAsset=idr rate_to_idr=1
Apr 15 03:45:42 kibot-kotlin-1 kidax-engine[1232118]: 03:45:42.079 INFO  com.kibot.macengine.runtime.MacEngineDaemon - SIDE_EFFECTS_GATE: isMaster=true forceMomentumSideEffects=false strategyCyclePresent=false runtimeLeasePresent=true
Apr 15 03:45:42 kibot-kotlin-1 kidax-engine[1232118]: 03:45:42.079 INFO  com.kibot.macengine.runtime.MacEngineDaemon - [PORTFOLIO_CALC] referenceQuoteAsset=idr rate_to_idr=1
Apr 15 03:45:43 kibot-kotlin-1 kidax-engine[1232118]: 03:45:43.516 INFO  io.ktor.server.Application - 200 OK: GET - /api/state in 12ms
Apr 15 03:45:44 kibot-kotlin-1 kidax-engine[1232118]: 03:45:44.409 ERROR com.kibot.macengine.runtime.MacEngineDaemon - LIFECYCLE_BLOCK: Cannot start sync cycle because state is DEGRADED
Apr 15 03:45:44 kibot-kotlin-1 kidax-engine[1232118]: 03:45:44.460 INFO  com.kibot.macengine.runtime.MacEngineDaemon - DEAD_ZONE_TRACE: entering dead zone after control-plane setup
Apr 15 03:45:44 kibot-kotlin-1 kidax-engine[1232118]: 03:45:44.460 INFO  com.kibot.macengine.runtime.MacEngineDaemon - DEAD_ZONE_TRACE: checking local balance / peer state cache
Apr 15 03:45:45 kibot-kotlin-1 kidax-engine[1232118]: 03:45:45.454 INFO  io.ktor.server.Application - 200 OK: GET - /api/state in 9ms
Apr 15 03:45:45 kibot-kotlin-1 kidax-engine[1232118]: 03:45:45.516 INFO  io.ktor.server.Application - 200 OK: GET - /api/state in 9ms
Apr 15 03:45:47 kibot-kotlin-1 kidax-engine[1232118]: 03:45:47.469 INFO  com.kibot.macengine.runtime.MacEngineDaemon - DEAD_ZONE_TRACE: fetching local bot state snapshot
Apr 15 03:45:47 kibot-kotlin-1 kidax-engine[1232118]: 03:45:47.512 INFO  io.ktor.server.Application - 200 OK: GET - /api/state in 9ms
Apr 15 03:45:48 kibot-kotlin-1 kidax-engine[1232118]: 03:45:48.976 INFO  com.kibot.macengine.runtime.MacEngineDaemon - DEAD_ZONE_TRACE: fetching lease snapshot
Apr 15 03:45:49 kibot-kotlin-1 kidax-engine[1232118]: 03:45:49.512 INFO  io.ktor.server.Application - 200 OK: GET - /api/state in 9ms
Apr 15 03:45:50 kibot-kotlin-1 kidax-engine[1232118]: 03:45:50.981 INFO  com.kibot.macengine.runtime.MacEngineDaemon - DEAD_ZONE_TRACE: refreshing devices / risk / equity / commands / weekly review
Apr 15 03:45:51 kibot-kotlin-1 kidax-engine[1232118]: 03:45:51.515 INFO  io.ktor.server.Application - 200 OK: GET - /api/state in 9ms
Apr 15 03:45:53 kibot-kotlin-1 kidax-engine[1232118]: 03:45:53.517 INFO  io.ktor.server.Application - 200 OK: GET - /api/state in 11ms
Apr 15 03:45:53 kibot-kotlin-1 kidax-engine[1232118]: 03:45:53.687 INFO  com.kibot.macengine.runtime.MacEngineDaemon - DEAD_ZONE_TRACE: probing market reachability and orderbook cache
Apr 15 03:45:54 kibot-kotlin-1 kidax-engine[1232118]: 03:45:54.794 INFO  io.ktor.server.Application - 200 OK: GET - /api/state in 90ms
Apr 15 03:45:55 kibot-kotlin-1 kidax-engine[1232118]: 03:45:55.310 INFO  io.ktor.server.Application - 200 OK: GET - / in 2ms
Apr 15 03:45:55 kibot-kotlin-1 kidax-engine[1232118]: 03:45:55.316 WARN  com.kibot.macengine.runtime.MacEngineDaemon - [EXCHANGE_PROBE] FAILED - Exchange unreachable (failure count: 9)
Apr 15 03:45:55 kibot-kotlin-1 kidax-engine[1232118]: 03:45:55.316 INFO  com.kibot.macengine.runtime.MacEngineDaemon - DEAD_ZONE_TRACE: applying pending commands / sync processing
Apr 15 03:45:55 kibot-kotlin-1 kidax-engine[1232118]: 03:45:55.316 INFO  com.kibot.macengine.runtime.MacEngineDaemon - DEAD_ZONE_TRACE: building local health / syncing flags
Apr 15 03:45:55 kibot-kotlin-1 kidax-engine[1232118]: 03:45:55.316 INFO  com.kibot.macengine.runtime.MacEngineDaemon - DEAD_ZONE_TRACE: takeover / release gate evaluation
Apr 15 03:45:55 kibot-kotlin-1 kidax-engine[1232118]: 03:45:55.316 INFO  com.kibot.macengine.runtime.MacEngineDaemon - DEAD_ZONE_TRACE: re-reading canonical bot/lease snapshots
Apr 15 03:45:55 kibot-kotlin-1 kidax-engine[1232118]: 03:45:55.516 INFO  io.ktor.server.Application - 200 OK: GET - /api/state in 9ms
Apr 15 03:45:55 kibot-kotlin-1 kidax-engine[1232118]: 03:45:55.605 INFO  io.ktor.server.Application - 200 OK: GET - /api/state in 9ms
Apr 15 03:45:55 kibot-kotlin-1 kidax-engine[1232118]: 03:45:55.616 INFO  io.ktor.server.Application - 200 OK: GET - / in 1ms
Apr 15 03:45:57 kibot-kotlin-1 kidax-engine[1232118]: 03:45:57.511 INFO  io.ktor.server.Application - 200 OK: GET - /api/state in 9ms
Apr 15 03:45:57 kibot-kotlin-1 kidax-engine[1232118]: 03:45:57.935 INFO  com.kibot.macengine.runtime.MacEngineDaemon - [PORTFOLIO_CALC] referenceQuoteAsset=idr rate_to_idr=1
Apr 15 03:45:57 kibot-kotlin-1 kidax-engine[1232118]: 03:45:57.938 INFO  com.kibot.macengine.runtime.MacEngineDaemon - DEAD_ZONE_TRACE: preparing exchange fetches
Apr 15 03:45:57 kibot-kotlin-1 kidax-engine[1232118]: 03:45:57.938 INFO  com.kibot.macengine.runtime.MacEngineDaemon - DEAD_ZONE_TRACE: awaiting balances / open orders / market quotes
Apr 15 03:45:57 kibot-kotlin-1 kidax-engine[1232118]: 03:45:57.938 INFO  com.kibot.macengine.runtime.MacEngineDaemon - DEAD_ZONE_TRACE: enriching runtime market quotes
Apr 15 03:45:57 kibot-kotlin-1 kidax-engine[1232118]: 03:45:57.938 INFO  com.kibot.macengine.runtime.MacEngineDaemon - DEAD_ZONE_TRACE: market health resolved feedHealthy=false exchangeReachable=false warnings=2
Apr 15 03:45:57 kibot-kotlin-1 kidax-engine[1232118]: 03:45:57.938 INFO  com.kibot.macengine.runtime.MacEngineDaemon - DEAD_ZONE_TRACE: reached holdings evaluation handoff
Apr 15 03:45:57 kibot-kotlin-1 kidax-engine[1232118]: 03:45:57.939 INFO  com.kibot.macengine.runtime.MacEngineDaemon - [PORTFOLIO_CALC] referenceQuoteAsset=idr rate_to_idr=1
Apr 15 03:45:57 kibot-kotlin-1 kidax-engine[1232118]: 03:45:57.940 INFO  com.kibot.macengine.runtime.MacEngineDaemon - SIDE_EFFECTS_GATE: isMaster=true forceMomentumSideEffects=false strategyCyclePresent=false runtimeLeasePresent=true
Apr 15 03:45:57 kibot-kotlin-1 kidax-engine[1232118]: 03:45:57.940 INFO  com.kibot.macengine.runtime.MacEngineDaemon - [PORTFOLIO_CALC] referenceQuoteAsset=idr rate_to_idr=1
Apr 15 03:45:59 kibot-kotlin-1 kidax-engine[1232118]: 03:45:59.524 INFO  io.ktor.server.Application - 200 OK: GET - /api/state in 14ms
Apr 15 03:45:59 kibot-kotlin-1 kidax-engine[1232118]: 03:45:59.837 INFO  io.ktor.server.Application - 200 OK: GET - /api/state in 9ms
Apr 15 03:45:59 kibot-kotlin-1 kidax-engine[1232118]: 03:45:59.944 ERROR com.kibot.macengine.runtime.MacEngineDaemon - LIFECYCLE_BLOCK: Cannot start sync cycle because state is DEGRADED
Apr 15 03:45:59 kibot-kotlin-1 kidax-engine[1232118]: 03:45:59.995 INFO  com.kibot.macengine.runtime.MacEngineDaemon - DEAD_ZONE_TRACE: entering dead zone after control-plane setup
Apr 15 03:45:59 kibot-kotlin-1 kidax-engine[1232118]: 03:45:59.995 INFO  com.kibot.macengine.runtime.MacEngineDaemon - DEAD_ZONE_TRACE: checking local balance / peer state cache
Apr 15 03:46:00 kibot-kotlin-1 kidax-engine[1232118]: 03:46:00.473 INFO  io.ktor.server.Application - 200 OK: GET - /api/state in 9ms
Apr 15 03:46:01 kibot-kotlin-1 kidax-engine[1232118]: 03:46:01.513 INFO  io.ktor.server.Application - 200 OK: GET - /api/state in 9ms
Apr 15 03:46:02 kibot-kotlin-1 kidax-engine[1232118]: 03:46:02.905 INFO  com.kibot.macengine.runtime.MacEngineDaemon - DEAD_ZONE_TRACE: fetching local bot state snapshot
Apr 15 03:46:03 kibot-kotlin-1 kidax-engine[1232118]: 03:46:03.520 INFO  io.ktor.server.Application - 200 OK: GET - /api/state in 14ms
Apr 15 03:46:04 kibot-kotlin-1 kidax-engine[1232118]: 03:46:04.410 INFO  com.kibot.macengine.runtime.MacEngineDaemon - DEAD_ZONE_TRACE: fetching lease snapshot
Apr 15 03:46:05 kibot-kotlin-1 kidax-engine[1232118]: 03:46:05.514 INFO  io.ktor.server.Application - 200 OK: GET - /api/state in 9ms
Apr 15 03:46:06 kibot-kotlin-1 kidax-engine[1232118]: 03:46:06.517 INFO  com.kibot.macengine.runtime.MacEngineDaemon - DEAD_ZONE_TRACE: refreshing devices / risk / equity / commands / weekly review
Apr 15 03:46:07 kibot-kotlin-1 kidax-engine[1232118]: 03:46:07.511 INFO  io.ktor.server.Application - 200 OK: GET - /api/state in 9ms
Apr 15 03:46:08 kibot-kotlin-1 kidax-engine[1232118]: 03:46:08.622 INFO  com.kibot.macengine.runtime.MacEngineDaemon - DEAD_ZONE_TRACE: probing market reachability and orderbook cache
Apr 15 03:46:08 kibot-kotlin-1 kidax-engine[1232118]: 03:46:08.645 INFO  com.kibot.macengine.runtime.MacEngineDaemon - [EXCHANGE_PROBE] SUCCESS after 1+ attempts
Apr 15 03:46:08 kibot-kotlin-1 kidax-engine[1232118]: 03:46:08.645 INFO  com.kibot.macengine.runtime.MacEngineDaemon - DEAD_ZONE_TRACE: applying pending commands / sync processing
Apr 15 03:46:08 kibot-kotlin-1 kidax-engine[1232118]: 03:46:08.645 INFO  com.kibot.macengine.runtime.MacEngineDaemon - DEAD_ZONE_TRACE: building local health / syncing flags
Apr 15 03:46:08 kibot-kotlin-1 kidax-engine[1232118]: 03:46:08.645 INFO  com.kibot.macengine.runtime.MacEngineDaemon - DEAD_ZONE_TRACE: takeover / release gate evaluation
Apr 15 03:46:08 kibot-kotlin-1 kidax-engine[1232118]: 03:46:08.645 INFO  com.kibot.macengine.runtime.MacEngineDaemon - DEAD_ZONE_TRACE: re-reading canonical bot/lease snapshots
Apr 15 03:46:09 kibot-kotlin-1 kidax-engine[1232118]: 03:46:09.512 INFO  io.ktor.server.Application - 200 OK: GET - /api/state in 9ms
Apr 15 03:46:11 kibot-kotlin-1 kidax-engine[1232118]: 03:46:11.423 INFO  com.kibot.macengine.runtime.MacEngineDaemon - [PORTFOLIO_CALC] referenceQuoteAsset=idr rate_to_idr=1
Apr 15 03:46:11 kibot-kotlin-1 kidax-engine[1232118]: 03:46:11.432 INFO  com.kibot.macengine.runtime.MacEngineDaemon - DEAD_ZONE_TRACE: preparing exchange fetches
Apr 15 03:46:11 kibot-kotlin-1 kidax-engine[1232118]: 03:46:11.436 INFO  com.kibot.macengine.runtime.MacEngineDaemon - DEAD_ZONE_TRACE: awaiting balances / open orders / market quotes
Apr 15 03:46:11 kibot-kotlin-1 kidax-engine[1232118]: 03:46:11.594 INFO  io.ktor.server.Application - 200 OK: GET - /api/state in 91ms
Apr 15 03:46:12 kibot-kotlin-1 kidax-engine[1232118]: 03:46:12.600 INFO  com.kibot.macengine.runtime.MacEngineDaemon - DEAD_ZONE_TRACE: enriching runtime market quotes
Apr 15 03:46:12 kibot-kotlin-1 kidax-engine[1232118]: 03:46:12.689 INFO  com.kibot.macengine.runtime.MacEngineDaemon - DEAD_ZONE_TRACE: market health resolved feedHealthy=true exchangeReachable=true warnings=1
Apr 15 03:46:12 kibot-kotlin-1 kidax-engine[1232118]: 03:46:12.690 INFO  com.kibot.macengine.runtime.MacEngineDaemon - DEAD_ZONE_TRACE: reached holdings evaluation handoff
Apr 15 03:46:13 kibot-kotlin-1 kidax-engine[1232118]: 03:46:13.800 INFO  io.ktor.server.Application - 200 OK: GET - /api/state in 196ms
Apr 15 03:46:15 kibot-kotlin-1 kidax-engine[1232118]: 03:46:15.392 INFO  com.kibot.macengine.runtime.MacEngineDaemon - [PORTFOLIO_CALC] referenceQuoteAsset=idr rate_to_idr=1
Apr 15 03:46:15 kibot-kotlin-1 kidax-engine[1232118]: 03:46:15.394 INFO  com.kibot.macengine.runtime.MacEngineDaemon - [PORTFOLIO_CALC] total_equity=65001 IDR from 4 balances, 513 quotes
Apr 15 03:46:15 kibot-kotlin-1 kidax-engine[1232118]: 03:46:15.399 INFO  com.kibot.macengine.runtime.MacEngineDaemon - [CAPITAL_REBALANCE] stable_available=45499 aggressive_available=19499 stable_deployed=0 aggressive_deployed=0
Apr 15 03:46:15 kibot-kotlin-1 kidax-engine[1232118]: 03:46:15.592 INFO  io.ktor.server.Application - 200 OK: GET - /api/state in 108ms
Apr 15 03:46:15 kibot-kotlin-1 kidax-engine[1232118]: 03:46:15.693 INFO  io.ktor.server.Application - 200 OK: GET - /api/state in 95ms
Apr 15 03:46:16 kibot-kotlin-1 kidax-engine[1232118]: 03:46:16.012 INFO  io.ktor.server.Application - 101 Switching Protocols: GET - /ws in 63298ms
Apr 15 03:46:17 kibot-kotlin-1 kidax-engine[1232118]: 03:46:17.526 INFO  io.ktor.server.Application - 200 OK: GET - /api/state in 22ms
Apr 15 03:46:20 kibot-kotlin-1 kidax-engine[1232118]: 03:46:20.027 INFO  io.ktor.server.Application - 200 OK: GET - /api/state in 16ms
Apr 15 03:46:21 kibot-kotlin-1 kidax-engine[1232118]: 03:46:21.513 INFO  io.ktor.server.Application - 200 OK: GET - /api/state in 9ms
Apr 15 03:46:23 kibot-kotlin-1 kidax-engine[1232118]: 03:46:23.521 INFO  io.ktor.server.Application - 200 OK: GET - /api/state in 9ms
Apr 15 03:46:25 kibot-kotlin-1 kidax-engine[1232118]: 03:46:25.512 INFO  io.ktor.server.Application - 200 OK: GET - /api/state in 9ms
Apr 15 03:46:27 kibot-kotlin-1 kidax-engine[1232118]: 03:46:27.512 INFO  io.ktor.server.Application - 200 OK: GET - /api/state in 9ms
Apr 15 03:46:29 kibot-kotlin-1 kidax-engine[1232118]: 03:46:29.513 INFO  io.ktor.server.Application - 200 OK: GET - /api/state in 9ms
Apr 15 03:46:29 kibot-kotlin-1 kidax-engine[1232118]: 03:46:29.855 INFO  io.ktor.server.Application - 200 OK: GET - /api/state in 9ms
Apr 15 03:46:30 kibot-kotlin-1 kidax-engine[1232118]: 03:46:30.619 INFO  io.ktor.server.Application - 200 OK: GET - /api/state in 9ms
Apr 15 03:46:31 kibot-kotlin-1 kidax-engine[1232118]: 03:46:31.512 INFO  io.ktor.server.Application - 200 OK: GET - /api/state in 9ms
Apr 15 03:46:33 kibot-kotlin-1 kidax-engine[1232118]: 03:46:33.016 INFO  com.kibot.macengine.runtime.MacEngineDaemon - SIDE_EFFECTS_GATE: isMaster=true forceMomentumSideEffects=true strategyCyclePresent=true runtimeLeasePresent=true
Apr 15 03:46:33 kibot-kotlin-1 kidax-engine[1232118]: 03:46:33.016 INFO  com.kibot.macengine.runtime.MacEngineDaemon - SIDE_EFFECTS_TIMEOUT: forceMomentumSideEffects=true timeoutMs=180000
Apr 15 03:46:33 kibot-kotlin-1 kidax-engine[1232118]: 03:46:33.017 INFO  com.kibot.macengine.runtime.MacEngineDaemon - OWNERSHIP_AUDIT: Current BotID=main, isOwner=true, activeIDs=[main, kidax, kibot]
Apr 15 03:46:33 kibot-kotlin-1 kidax-engine[1232118]: 03:46:33.017 INFO  com.kibot.macengine.runtime.MacEngineDaemon - OWNERSHIP_DECISION: botId=main ownerByList=true ownerByLease=false finalOwner=true
Apr 15 03:46:33 kibot-kotlin-1 kidax-engine[1232118]: 03:46:33.515 INFO  io.ktor.server.Application - 200 OK: GET - /api/state in 9ms
Apr 15 03:46:35 kibot-kotlin-1 kidax-engine[1232118]: 03:46:35.512 INFO  io.ktor.server.Application - 200 OK: GET - /api/state in 9ms
Apr 15 03:46:37 kibot-kotlin-1 kidax-engine[1232118]: 03:46:37.514 INFO  io.ktor.server.Application - 200 OK: GET - /api/state in 10ms
Apr 15 03:46:39 kibot-kotlin-1 kidax-engine[1232118]: 03:46:39.516 INFO  io.ktor.server.Application - 200 OK: GET - /api/state in 14ms
Apr 15 03:46:41 kibot-kotlin-1 kidax-engine[1232118]: 03:46:41.400 INFO  io.ktor.server.Application - 200 OK: GET - /api/state in 12ms
Apr 15 03:46:41 kibot-kotlin-1 kidax-engine[1232118]: 03:46:41.498 INFO  io.ktor.server.Application - 200 OK: GET - / in 2ms
Apr 15 03:46:41 kibot-kotlin-1 kidax-engine[1232118]: 03:46:41.595 INFO  io.ktor.server.Application - 200 OK: GET - /api/state in 90ms
Apr 15 03:46:41 kibot-kotlin-1 kidax-engine[1232118]: 03:46:41.897 INFO  io.ktor.server.Application - 200 OK: GET - /api/state in 9ms
Apr 15 03:46:41 kibot-kotlin-1 kidax-engine[1232118]: 03:46:41.909 INFO  io.ktor.server.Application - 200 OK: GET - / in 1ms
Apr 15 03:46:43 kibot-kotlin-1 kidax-engine[1232118]: 03:46:43.511 INFO  io.ktor.server.Application - 200 OK: GET - /api/state in 9ms
Apr 15 03:46:45 kibot-kotlin-1 kidax-engine[1232118]: 03:46:45.788 INFO  io.ktor.server.Application - 200 OK: GET - /api/state in 97ms
Apr 15 03:46:45 kibot-kotlin-1 kidax-engine[1232118]: 03:46:45.799 INFO  io.ktor.server.Application - 200 OK: GET - /api/state in 9ms
Apr 15 03:46:47 kibot-kotlin-1 kidax-engine[1232118]: 03:46:47.593 INFO  io.ktor.server.Application - 200 OK: GET - /api/state in 10ms
Apr 15 03:46:49 kibot-kotlin-1 kidax-engine[1232118]: 03:46:49.511 INFO  io.ktor.server.Application - 200 OK: GET - /api/state in 9ms
Apr 15 03:46:51 kibot-kotlin-1 kidax-engine[1232118]: 03:46:51.514 INFO  io.ktor.server.Application - 200 OK: GET - /api/state in 10ms
Apr 15 03:46:53 kibot-kotlin-1 kidax-engine[1232118]: 03:46:53.511 INFO  io.ktor.server.Application - 200 OK: GET - /api/state in 9ms
Apr 15 03:46:55 kibot-kotlin-1 kidax-engine[1232118]: 03:46:55.512 INFO  io.ktor.server.Application - 200 OK: GET - /api/state in 9ms
Apr 15 03:46:57 kibot-kotlin-1 kidax-engine[1232118]: 03:46:57.514 INFO  io.ktor.server.Application - 200 OK: GET - /api/state in 9ms
Apr 15 03:46:59 kibot-kotlin-1 kidax-engine[1232118]: 03:46:59.553 INFO  io.ktor.server.Application - 200 OK: GET - /api/state in 13ms
Apr 15 03:46:59 kibot-kotlin-1 kidax-engine[1232118]: 03:46:59.874 INFO  io.ktor.server.Application - 200 OK: GET - /api/state in 9ms
Apr 15 03:47:00 kibot-kotlin-1 kidax-engine[1232118]: 03:47:00.902 INFO  io.ktor.server.Application - 200 OK: GET - /api/state in 9ms
Apr 15 03:47:01 kibot-kotlin-1 kidax-engine[1232118]: 03:47:01.521 INFO  io.ktor.server.Application - 200 OK: GET - /api/state in 9ms
Apr 15 03:47:03 kibot-kotlin-1 kidax-engine[1232118]: 03:47:03.523 INFO  io.ktor.server.Application - 200 OK: GET - /api/state in 13ms
Apr 15 03:47:05 kibot-kotlin-1 kidax-engine[1232118]: 03:47:05.511 INFO  io.ktor.server.Application - 200 OK: GET - /api/state in 8ms
Apr 15 03:47:07 kibot-kotlin-1 kidax-engine[1232118]: 03:47:07.512 INFO  io.ktor.server.Application - 200 OK: GET - /api/state in 9ms
Apr 15 03:47:09 kibot-kotlin-1 kidax-engine[1232118]: 03:47:09.517 INFO  io.ktor.server.Application - 200 OK: GET - /api/state in 9ms
Apr 15 03:47:11 kibot-kotlin-1 kidax-engine[1232118]: 03:47:11.512 INFO  io.ktor.server.Application - 200 OK: GET - /api/state in 9ms
Apr 15 03:47:13 kibot-kotlin-1 kidax-engine[1232118]: 03:47:13.517 INFO  io.ktor.server.Application - 200 OK: GET - /api/state in 15ms
Apr 15 03:47:15 kibot-kotlin-1 kidax-engine[1232118]: 03:47:15.513 INFO  io.ktor.server.Application - 200 OK: GET - /api/state in 11ms
Apr 15 03:47:15 kibot-kotlin-1 kidax-engine[1232118]: 03:47:15.998 INFO  io.ktor.server.Application - 200 OK: GET - /api/state in 15ms
Apr 15 03:47:17 kibot-kotlin-1 kidax-engine[1232118]: 03:47:17.511 INFO  io.ktor.server.Application - 200 OK: GET - /api/state in 10ms
