[2026-04-02 13:52:01] === Lazarus Protocol Boot ===
[2026-04-02 13:52:01] Target OCID: ocid1.instance.oc1.ap-singapore-1.anzwsljrjnctqdycjnedjgrwqodx3amfb7bf6vinqc5faebrftwmdzgi7nga
[2026-04-02 13:52:01] Log file: /Users/kiki/Documents/Web Develop/KiBot/logs/lazarus.log
[2026-04-02 13:52:01] SSH key: /Users/kiki/Documents/Web Develop/KiBot/SSH_BINANCE/ssh-key-2026-03-27.key
[2026-04-02 13:52:01] OCI config: /Users/kiki/.oci/config
[2026-04-02 13:52:03] [Lazarus] Check state #1: unknown
[2026-04-02 13:52:03] [Lazarus] START attempt #1 for ocid1.instance.oc1.ap-singapore-1.anzwsljrjnctqdycjnedjgrwqodx3amfb7bf6vinqc5faebrftwmdzgi7nga
/usr/local/Cellar/python@3.14/3.14.3_1/Frameworks/Python.framework/Versions/3.14/lib/python3.14/getpass.py:99: GetPassWarning: Can not control echo on the terminal.
  passwd = fallback_getpass(prompt, stream)
Warning: Password input may be echoed.
Private key passphrase:EOFError: 
[2026-04-02 13:52:04] [Lazarus] Start command failed (rc=1). Retrying in 30s...
[2026-04-02 13:52:04] [Lazarus] OCI response: /usr/local/Cellar/python@3.14/3.14.3_1/Frameworks/Python.framework/Versions/3.14/lib/python3.14/getpass.py:99: GetPassWarning: Can not control echo on the terminal.
  passwd = fallback_getpass(prompt, stream)
Warning: Password input may be echoed.
Private key passphrase:EOFError: 
[2026-04-02 13:52:36] [Lazarus] Check state #2: unknown
[2026-04-02 13:52:36] [Lazarus] START attempt #2 for ocid1.instance.oc1.ap-singapore-1.anzwsljrjnctqdycjnedjgrwqodx3amfb7bf6vinqc5faebrftwmdzgi7nga
/usr/local/Cellar/python@3.14/3.14.3_1/Frameworks/Python.framework/Versions/3.14/lib/python3.14/getpass.py:99: GetPassWarning: Can not control echo on the terminal.
  passwd = fallback_getpass(prompt, stream)
Warning: Password input may be echoed.
Private key passphrase:EOFError: 
[2026-04-02 13:52:37] [Lazarus] Start command failed (rc=1). Retrying in 30s...
[2026-04-02 13:52:37] [Lazarus] OCI response: /usr/local/Cellar/python@3.14/3.14.3_1/Frameworks/Python.framework/Versions/3.14/lib/python3.14/getpass.py:99: GetPassWarning: Can not control echo on the terminal.
  passwd = fallback_getpass(prompt, stream)
Warning: Password input may be echoed.
Private key passphrase:EOFError: 
[2026-04-02 13:53:08] [Lazarus] Check state #3: unknown
[2026-04-02 13:53:08] [Lazarus] START attempt #3 for ocid1.instance.oc1.ap-singapore-1.anzwsljrjnctqdycjnedjgrwqodx3amfb7bf6vinqc5faebrftwmdzgi7nga
/usr/local/Cellar/python@3.14/3.14.3_1/Frameworks/Python.framework/Versions/3.14/lib/python3.14/getpass.py:99: GetPassWarning: Can not control echo on the terminal.
  passwd = fallback_getpass(prompt, stream)
Warning: Password input may be echoed.
Private key passphrase:EOFError: 
[2026-04-02 13:53:10] [Lazarus] Start command failed (rc=1). Retrying in 30s...
[2026-04-02 13:53:10] [Lazarus] OCI response: /usr/local/Cellar/python@3.14/3.14.3_1/Frameworks/Python.framework/Versions/3.14/lib/python3.14/getpass.py:99: GetPassWarning: Can not control echo on the terminal.
  passwd = fallback_getpass(prompt, stream)
Warning: Password input may be echoed.
Private key passphrase:EOFError: 
[2026-04-02 13:53:41] [Lazarus] Check state #4: unknown
[2026-04-02 13:53:41] [Lazarus] START attempt #4 for ocid1.instance.oc1.ap-singapore-1.anzwsljrjnctqdycjnedjgrwqodx3amfb7bf6vinqc5faebrftwmdzgi7nga
/usr/local/Cellar/python@3.14/3.14.3_1/Frameworks/Python.framework/Versions/3.14/lib/python3.14/getpass.py:99: GetPassWarning: Can not control echo on the terminal.
  passwd = fallback_getpass(prompt, stream)
Warning: Password input may be echoed.
Private key passphrase:EOFError: 
[2026-04-02 13:53:42] [Lazarus] Start command failed (rc=1). Retrying in 30s...
[2026-04-02 13:53:42] [Lazarus] OCI response: /usr/local/Cellar/python@3.14/3.14.3_1/Frameworks/Python.framework/Versions/3.14/lib/python3.14/getpass.py:99: GetPassWarning: Can not control echo on the terminal.
  passwd = fallback_getpass(prompt, stream)
Warning: Password input may be echoed.
Private key passphrase:EOFError: 
[2026-04-02 13:54:14] [Lazarus] Check state #5: unknown
[2026-04-02 13:54:14] [Lazarus] START attempt #5 for ocid1.instance.oc1.ap-singapore-1.anzwsljrjnctqdycjnedjgrwqodx3amfb7bf6vinqc5faebrftwmdzgi7nga
/usr/local/Cellar/python@3.14/3.14.3_1/Frameworks/Python.framework/Versions/3.14/lib/python3.14/getpass.py:99: GetPassWarning: Can not control echo on the terminal.
  passwd = fallback_getpass(prompt, stream)
Warning: Password input may be echoed.
Private key passphrase:EOFError: 
[2026-04-02 13:54:16] [Lazarus] Start command failed (rc=1). Retrying in 30s...
[2026-04-02 13:54:16] [Lazarus] OCI response: /usr/local/Cellar/python@3.14/3.14.3_1/Frameworks/Python.framework/Versions/3.14/lib/python3.14/getpass.py:99: GetPassWarning: Can not control echo on the terminal.
  passwd = fallback_getpass(prompt, stream)
Warning: Password input may be echoed.
Private key passphrase:EOFError: 
[2026-04-02 13:54:47] [Lazarus] Check state #6: unknown
[2026-04-02 13:54:47] [Lazarus] START attempt #6 for ocid1.instance.oc1.ap-singapore-1.anzwsljrjnctqdycjnedjgrwqodx3amfb7bf6vinqc5faebrftwmdzgi7nga
/usr/local/Cellar/python@3.14/3.14.3_1/Frameworks/Python.framework/Versions/3.14/lib/python3.14/getpass.py:99: GetPassWarning: Can not control echo on the terminal.
  passwd = fallback_getpass(prompt, stream)
Warning: Password input may be echoed.
Private key passphrase:EOFError: 
[2026-04-02 13:54:48] [Lazarus] Start command failed (rc=1). Retrying in 30s...
[2026-04-02 13:54:48] [Lazarus] OCI response: /usr/local/Cellar/python@3.14/3.14.3_1/Frameworks/Python.framework/Versions/3.14/lib/python3.14/getpass.py:99: GetPassWarning: Can not control echo on the terminal.
  passwd = fallback_getpass(prompt, stream)
Warning: Password input may be echoed.
Private key passphrase:EOFError: 
[2026-04-02 13:55:21] [Lazarus] Check state #7: unknown
[2026-04-02 13:55:21] [Lazarus] START attempt #7 for ocid1.instance.oc1.ap-singapore-1.anzwsljrjnctqdycjnedjgrwqodx3amfb7bf6vinqc5faebrftwmdzgi7nga
/usr/local/Cellar/python@3.14/3.14.3_1/Frameworks/Python.framework/Versions/3.14/lib/python3.14/getpass.py:99: GetPassWarning: Can not control echo on the terminal.
  passwd = fallback_getpass(prompt, stream)
Warning: Password input may be echoed.
Private key passphrase:EOFError: 
[2026-04-02 13:55:24] [Lazarus] Start command failed (rc=1). Retrying in 30s...
[2026-04-02 13:55:24] [Lazarus] OCI response: /usr/local/Cellar/python@3.14/3.14.3_1/Frameworks/Python.framework/Versions/3.14/lib/python3.14/getpass.py:99: GetPassWarning: Can not control echo on the terminal.
  passwd = fallback_getpass(prompt, stream)
Warning: Password input may be echoed.
Private key passphrase:EOFError: 
[2026-04-02 13:55:55] [Lazarus] Check state #8: unknown
[2026-04-02 13:55:55] [Lazarus] START attempt #8 for ocid1.instance.oc1.ap-singapore-1.anzwsljrjnctqdycjnedjgrwqodx3amfb7bf6vinqc5faebrftwmdzgi7nga
/usr/local/Cellar/python@3.14/3.14.3_1/Frameworks/Python.framework/Versions/3.14/lib/python3.14/getpass.py:99: GetPassWarning: Can not control echo on the terminal.
  passwd = fallback_getpass(prompt, stream)
Warning: Password input may be echoed.
Private key passphrase:EOFError: 
[2026-04-02 13:55:57] [Lazarus] Start command failed (rc=1). Retrying in 30s...
[2026-04-02 13:55:57] [Lazarus] OCI response: /usr/local/Cellar/python@3.14/3.14.3_1/Frameworks/Python.framework/Versions/3.14/lib/python3.14/getpass.py:99: GetPassWarning: Can not control echo on the terminal.
  passwd = fallback_getpass(prompt, stream)
Warning: Password input may be echoed.
Private key passphrase:EOFError: 
[2026-04-02 13:56:30] [Lazarus] Check state #9: unknown
[2026-04-02 13:56:30] [Lazarus] START attempt #9 for ocid1.instance.oc1.ap-singapore-1.anzwsljrjnctqdycjnedjgrwqodx3amfb7bf6vinqc5faebrftwmdzgi7nga
/usr/local/Cellar/python@3.14/3.14.3_1/Frameworks/Python.framework/Versions/3.14/lib/python3.14/getpass.py:99: GetPassWarning: Can not control echo on the terminal.
  passwd = fallback_getpass(prompt, stream)
Warning: Password input may be echoed.
Private key passphrase:EOFError: 
[2026-04-02 13:56:32] [Lazarus] Start command failed (rc=1). Retrying in 30s...
[2026-04-02 13:56:32] [Lazarus] OCI response: /usr/local/Cellar/python@3.14/3.14.3_1/Frameworks/Python.framework/Versions/3.14/lib/python3.14/getpass.py:99: GetPassWarning: Can not control echo on the terminal.
  passwd = fallback_getpass(prompt, stream)
Warning: Password input may be echoed.
Private key passphrase:EOFError: 
[2026-04-02 13:57:05] [Lazarus] Check state #10: unknown
[2026-04-02 13:57:05] [Lazarus] START attempt #10 for ocid1.instance.oc1.ap-singapore-1.anzwsljrjnctqdycjnedjgrwqodx3amfb7bf6vinqc5faebrftwmdzgi7nga
/usr/local/Cellar/python@3.14/3.14.3_1/Frameworks/Python.framework/Versions/3.14/lib/python3.14/getpass.py:99: GetPassWarning: Can not control echo on the terminal.
  passwd = fallback_getpass(prompt, stream)
Warning: Password input may be echoed.
Private key passphrase:EOFError: 
[2026-04-02 13:57:07] [Lazarus] Start command failed (rc=1). Retrying in 30s...
[2026-04-02 13:57:07] [Lazarus] OCI response: /usr/local/Cellar/python@3.14/3.14.3_1/Frameworks/Python.framework/Versions/3.14/lib/python3.14/getpass.py:99: GetPassWarning: Can not control echo on the terminal.
  passwd = fallback_getpass(prompt, stream)
Warning: Password input may be echoed.
Private key passphrase:EOFError: 
[2026-04-02 13:57:39] [Lazarus] Check state #11: unknown
[2026-04-02 13:57:39] [Lazarus] START attempt #11 for ocid1.instance.oc1.ap-singapore-1.anzwsljrjnctqdycjnedjgrwqodx3amfb7bf6vinqc5faebrftwmdzgi7nga
/usr/local/Cellar/python@3.14/3.14.3_1/Frameworks/Python.framework/Versions/3.14/lib/python3.14/getpass.py:99: GetPassWarning: Can not control echo on the terminal.
  passwd = fallback_getpass(prompt, stream)
Warning: Password input may be echoed.
Private key passphrase:EOFError: 
[2026-04-02 13:57:41] [Lazarus] Start command failed (rc=1). Retrying in 30s...
[2026-04-02 13:57:41] [Lazarus] OCI response: /usr/local/Cellar/python@3.14/3.14.3_1/Frameworks/Python.framework/Versions/3.14/lib/python3.14/getpass.py:99: GetPassWarning: Can not control echo on the terminal.
  passwd = fallback_getpass(prompt, stream)
Warning: Password input may be echoed.
Private key passphrase:EOFError: 
[2026-04-02 13:58:13] [Lazarus] Check state #12: unknown
[2026-04-02 13:58:13] [Lazarus] START attempt #12 for ocid1.instance.oc1.ap-singapore-1.anzwsljrjnctqdycjnedjgrwqodx3amfb7bf6vinqc5faebrftwmdzgi7nga
/usr/local/Cellar/python@3.14/3.14.3_1/Frameworks/Python.framework/Versions/3.14/lib/python3.14/getpass.py:99: GetPassWarning: Can not control echo on the terminal.
  passwd = fallback_getpass(prompt, stream)
Warning: Password input may be echoed.
Private key passphrase:EOFError: 
[2026-04-02 13:58:15] [Lazarus] Start command failed (rc=1). Retrying in 30s...
[2026-04-02 13:58:15] [Lazarus] OCI response: /usr/local/Cellar/python@3.14/3.14.3_1/Frameworks/Python.framework/Versions/3.14/lib/python3.14/getpass.py:99: GetPassWarning: Can not control echo on the terminal.
  passwd = fallback_getpass(prompt, stream)
Warning: Password input may be echoed.
Private key passphrase:EOFError: 
[2026-04-02 13:58:47] [Lazarus] Check state #13: unknown
[2026-04-02 13:58:47] [Lazarus] START attempt #13 for ocid1.instance.oc1.ap-singapore-1.anzwsljrjnctqdycjnedjgrwqodx3amfb7bf6vinqc5faebrftwmdzgi7nga
/usr/local/Cellar/python@3.14/3.14.3_1/Frameworks/Python.framework/Versions/3.14/lib/python3.14/getpass.py:99: GetPassWarning: Can not control echo on the terminal.
  passwd = fallback_getpass(prompt, stream)
Warning: Password input may be echoed.
Private key passphrase:EOFError: 
[2026-04-02 13:58:49] [Lazarus] Start command failed (rc=1). Retrying in 30s...
[2026-04-02 13:58:49] [Lazarus] OCI response: /usr/local/Cellar/python@3.14/3.14.3_1/Frameworks/Python.framework/Versions/3.14/lib/python3.14/getpass.py:99: GetPassWarning: Can not control echo on the terminal.
  passwd = fallback_getpass(prompt, stream)
Warning: Password input may be echoed.
Private key passphrase:EOFError: 
[2026-04-02 13:59:21] [Lazarus] Check state #14: unknown
[2026-04-02 13:59:21] [Lazarus] START attempt #14 for ocid1.instance.oc1.ap-singapore-1.anzwsljrjnctqdycjnedjgrwqodx3amfb7bf6vinqc5faebrftwmdzgi7nga
/usr/local/Cellar/python@3.14/3.14.3_1/Frameworks/Python.framework/Versions/3.14/lib/python3.14/getpass.py:99: GetPassWarning: Can not control echo on the terminal.
  passwd = fallback_getpass(prompt, stream)
Warning: Password input may be echoed.
Private key passphrase:EOFError: 
[2026-04-02 13:59:23] [Lazarus] Start command failed (rc=1). Retrying in 30s...
[2026-04-02 13:59:23] [Lazarus] OCI response: /usr/local/Cellar/python@3.14/3.14.3_1/Frameworks/Python.framework/Versions/3.14/lib/python3.14/getpass.py:99: GetPassWarning: Can not control echo on the terminal.
  passwd = fallback_getpass(prompt, stream)
Warning: Password input may be echoed.
Private key passphrase:EOFError: 
[2026-04-02 13:59:55] [Lazarus] Check state #15: unknown
[2026-04-02 13:59:55] [Lazarus] START attempt #15 for ocid1.instance.oc1.ap-singapore-1.anzwsljrjnctqdycjnedjgrwqodx3amfb7bf6vinqc5faebrftwmdzgi7nga
/usr/local/Cellar/python@3.14/3.14.3_1/Frameworks/Python.framework/Versions/3.14/lib/python3.14/getpass.py:99: GetPassWarning: Can not control echo on the terminal.
  passwd = fallback_getpass(prompt, stream)
Warning: Password input may be echoed.
Private key passphrase:EOFError: 
[2026-04-02 13:59:57] [Lazarus] Start command failed (rc=1). Retrying in 30s...
[2026-04-02 13:59:57] [Lazarus] OCI response: /usr/local/Cellar/python@3.14/3.14.3_1/Frameworks/Python.framework/Versions/3.14/lib/python3.14/getpass.py:99: GetPassWarning: Can not control echo on the terminal.
  passwd = fallback_getpass(prompt, stream)
Warning: Password input may be echoed.
Private key passphrase:EOFError: 
[2026-04-02 14:00:29] [Lazarus] Check state #16: unknown
[2026-04-02 14:00:29] [Lazarus] START attempt #16 for ocid1.instance.oc1.ap-singapore-1.anzwsljrjnctqdycjnedjgrwqodx3amfb7bf6vinqc5faebrftwmdzgi7nga
/usr/local/Cellar/python@3.14/3.14.3_1/Frameworks/Python.framework/Versions/3.14/lib/python3.14/getpass.py:99: GetPassWarning: Can not control echo on the terminal.
  passwd = fallback_getpass(prompt, stream)
Warning: Password input may be echoed.
Private key passphrase:EOFError: 
[2026-04-02 14:00:31] [Lazarus] Start command failed (rc=1). Retrying in 30s...
[2026-04-02 14:00:31] [Lazarus] OCI response: /usr/local/Cellar/python@3.14/3.14.3_1/Frameworks/Python.framework/Versions/3.14/lib/python3.14/getpass.py:99: GetPassWarning: Can not control echo on the terminal.
  passwd = fallback_getpass(prompt, stream)
Warning: Password input may be echoed.
Private key passphrase:EOFError: 
[2026-04-02 14:01:03] [Lazarus] Check state #17: unknown
[2026-04-02 14:01:03] [Lazarus] START attempt #17 for ocid1.instance.oc1.ap-singapore-1.anzwsljrjnctqdycjnedjgrwqodx3amfb7bf6vinqc5faebrftwmdzgi7nga
/usr/local/Cellar/python@3.14/3.14.3_1/Frameworks/Python.framework/Versions/3.14/lib/python3.14/getpass.py:99: GetPassWarning: Can not control echo on the terminal.
  passwd = fallback_getpass(prompt, stream)
Warning: Password input may be echoed.
Private key passphrase:EOFError: 
[2026-04-02 14:01:05] [Lazarus] Start command failed (rc=1). Retrying in 30s...
[2026-04-02 14:01:05] [Lazarus] OCI response: /usr/local/Cellar/python@3.14/3.14.3_1/Frameworks/Python.framework/Versions/3.14/lib/python3.14/getpass.py:99: GetPassWarning: Can not control echo on the terminal.
  passwd = fallback_getpass(prompt, stream)
Warning: Password input may be echoed.
Private key passphrase:EOFError: 
[2026-04-02 14:01:36] [Lazarus] Check state #18: unknown
[2026-04-02 14:01:36] [Lazarus] START attempt #18 for ocid1.instance.oc1.ap-singapore-1.anzwsljrjnctqdycjnedjgrwqodx3amfb7bf6vinqc5faebrftwmdzgi7nga
/usr/local/Cellar/python@3.14/3.14.3_1/Frameworks/Python.framework/Versions/3.14/lib/python3.14/getpass.py:99: GetPassWarning: Can not control echo on the terminal.
  passwd = fallback_getpass(prompt, stream)
Warning: Password input may be echoed.
Private key passphrase:EOFError: 
[2026-04-02 14:01:38] [Lazarus] Start command failed (rc=1). Retrying in 30s...
[2026-04-02 14:01:38] [Lazarus] OCI response: /usr/local/Cellar/python@3.14/3.14.3_1/Frameworks/Python.framework/Versions/3.14/lib/python3.14/getpass.py:99: GetPassWarning: Can not control echo on the terminal.
  passwd = fallback_getpass(prompt, stream)
Warning: Password input may be echoed.
Private key passphrase:EOFError: 
[2026-04-02 14:02:09] [Lazarus] Check state #19: unknown
[2026-04-02 14:02:09] [Lazarus] START attempt #19 for ocid1.instance.oc1.ap-singapore-1.anzwsljrjnctqdycjnedjgrwqodx3amfb7bf6vinqc5faebrftwmdzgi7nga
/usr/local/Cellar/python@3.14/3.14.3_1/Frameworks/Python.framework/Versions/3.14/lib/python3.14/getpass.py:99: GetPassWarning: Can not control echo on the terminal.
  passwd = fallback_getpass(prompt, stream)
Warning: Password input may be echoed.
Private key passphrase:EOFError: 
[2026-04-02 14:02:11] [Lazarus] Start command failed (rc=1). Retrying in 30s...
[2026-04-02 14:02:11] [Lazarus] OCI response: /usr/local/Cellar/python@3.14/3.14.3_1/Frameworks/Python.framework/Versions/3.14/lib/python3.14/getpass.py:99: GetPassWarning: Can not control echo on the terminal.
  passwd = fallback_getpass(prompt, stream)
Warning: Password input may be echoed.
Private key passphrase:EOFError: 
[2026-04-02 14:02:42] [Lazarus] Check state #20: unknown
[2026-04-02 14:02:42] [Lazarus] START attempt #20 for ocid1.instance.oc1.ap-singapore-1.anzwsljrjnctqdycjnedjgrwqodx3amfb7bf6vinqc5faebrftwmdzgi7nga
/usr/local/Cellar/python@3.14/3.14.3_1/Frameworks/Python.framework/Versions/3.14/lib/python3.14/getpass.py:99: GetPassWarning: Can not control echo on the terminal.
  passwd = fallback_getpass(prompt, stream)
Warning: Password input may be echoed.
Private key passphrase:EOFError: 
[2026-04-02 14:02:44] [Lazarus] Start command failed (rc=1). Retrying in 30s...
[2026-04-02 14:02:44] [Lazarus] OCI response: /usr/local/Cellar/python@3.14/3.14.3_1/Frameworks/Python.framework/Versions/3.14/lib/python3.14/getpass.py:99: GetPassWarning: Can not control echo on the terminal.
  passwd = fallback_getpass(prompt, stream)
Warning: Password input may be echoed.
Private key passphrase:EOFError: 
[2026-04-02 14:03:16] [Lazarus] Check state #21: unknown
[2026-04-02 14:03:16] [Lazarus] START attempt #21 for ocid1.instance.oc1.ap-singapore-1.anzwsljrjnctqdycjnedjgrwqodx3amfb7bf6vinqc5faebrftwmdzgi7nga
/usr/local/Cellar/python@3.14/3.14.3_1/Frameworks/Python.framework/Versions/3.14/lib/python3.14/getpass.py:99: GetPassWarning: Can not control echo on the terminal.
  passwd = fallback_getpass(prompt, stream)
Warning: Password input may be echoed.
Private key passphrase:EOFError: 
[2026-04-02 14:03:18] [Lazarus] Start command failed (rc=1). Retrying in 30s...
[2026-04-02 14:03:18] [Lazarus] OCI response: /usr/local/Cellar/python@3.14/3.14.3_1/Frameworks/Python.framework/Versions/3.14/lib/python3.14/getpass.py:99: GetPassWarning: Can not control echo on the terminal.
  passwd = fallback_getpass(prompt, stream)
Warning: Password input may be echoed.
Private key passphrase:EOFError: 
[2026-04-02 14:03:50] [Lazarus] Check state #22: unknown
[2026-04-02 14:03:50] [Lazarus] START attempt #22 for ocid1.instance.oc1.ap-singapore-1.anzwsljrjnctqdycjnedjgrwqodx3amfb7bf6vinqc5faebrftwmdzgi7nga
/usr/local/Cellar/python@3.14/3.14.3_1/Frameworks/Python.framework/Versions/3.14/lib/python3.14/getpass.py:99: GetPassWarning: Can not control echo on the terminal.
  passwd = fallback_getpass(prompt, stream)
Warning: Password input may be echoed.
Private key passphrase:EOFError: 
[2026-04-02 14:03:52] [Lazarus] Start command failed (rc=1). Retrying in 30s...
[2026-04-02 14:03:52] [Lazarus] OCI response: /usr/local/Cellar/python@3.14/3.14.3_1/Frameworks/Python.framework/Versions/3.14/lib/python3.14/getpass.py:99: GetPassWarning: Can not control echo on the terminal.
  passwd = fallback_getpass(prompt, stream)
Warning: Password input may be echoed.
Private key passphrase:EOFError: 
[2026-04-02 14:04:24] [Lazarus] Check state #23: unknown
[2026-04-02 14:04:24] [Lazarus] START attempt #23 for ocid1.instance.oc1.ap-singapore-1.anzwsljrjnctqdycjnedjgrwqodx3amfb7bf6vinqc5faebrftwmdzgi7nga
/usr/local/Cellar/python@3.14/3.14.3_1/Frameworks/Python.framework/Versions/3.14/lib/python3.14/getpass.py:99: GetPassWarning: Can not control echo on the terminal.
  passwd = fallback_getpass(prompt, stream)
Warning: Password input may be echoed.
Private key passphrase:EOFError: 
[2026-04-02 14:04:26] [Lazarus] Start command failed (rc=1). Retrying in 30s...
[2026-04-02 14:04:26] [Lazarus] OCI response: /usr/local/Cellar/python@3.14/3.14.3_1/Frameworks/Python.framework/Versions/3.14/lib/python3.14/getpass.py:99: GetPassWarning: Can not control echo on the terminal.
  passwd = fallback_getpass(prompt, stream)
Warning: Password input may be echoed.
Private key passphrase:EOFError: 
[2026-04-02 14:04:58] [Lazarus] Check state #24: unknown
[2026-04-02 14:04:58] [Lazarus] START attempt #24 for ocid1.instance.oc1.ap-singapore-1.anzwsljrjnctqdycjnedjgrwqodx3amfb7bf6vinqc5faebrftwmdzgi7nga
/usr/local/Cellar/python@3.14/3.14.3_1/Frameworks/Python.framework/Versions/3.14/lib/python3.14/getpass.py:99: GetPassWarning: Can not control echo on the terminal.
  passwd = fallback_getpass(prompt, stream)
Warning: Password input may be echoed.
Private key passphrase:EOFError: 
[2026-04-02 14:05:00] [Lazarus] Start command failed (rc=1). Retrying in 30s...
[2026-04-02 14:05:00] [Lazarus] OCI response: /usr/local/Cellar/python@3.14/3.14.3_1/Frameworks/Python.framework/Versions/3.14/lib/python3.14/getpass.py:99: GetPassWarning: Can not control echo on the terminal.
  passwd = fallback_getpass(prompt, stream)
Warning: Password input may be echoed.
Private key passphrase:EOFError: 
[2026-04-02 14:05:32] [Lazarus] Check state #25: unknown
[2026-04-02 14:05:32] [Lazarus] START attempt #25 for ocid1.instance.oc1.ap-singapore-1.anzwsljrjnctqdycjnedjgrwqodx3amfb7bf6vinqc5faebrftwmdzgi7nga
/usr/local/Cellar/python@3.14/3.14.3_1/Frameworks/Python.framework/Versions/3.14/lib/python3.14/getpass.py:99: GetPassWarning: Can not control echo on the terminal.
  passwd = fallback_getpass(prompt, stream)
Warning: Password input may be echoed.
Private key passphrase:EOFError: 
[2026-04-02 14:05:35] [Lazarus] Start command failed (rc=1). Retrying in 30s...
[2026-04-02 14:05:35] [Lazarus] OCI response: /usr/local/Cellar/python@3.14/3.14.3_1/Frameworks/Python.framework/Versions/3.14/lib/python3.14/getpass.py:99: GetPassWarning: Can not control echo on the terminal.
  passwd = fallback_getpass(prompt, stream)
Warning: Password input may be echoed.
Private key passphrase:EOFError: 
[2026-04-02 14:06:06] [Lazarus] Check state #26: unknown
[2026-04-02 14:06:06] [Lazarus] START attempt #26 for ocid1.instance.oc1.ap-singapore-1.anzwsljrjnctqdycjnedjgrwqodx3amfb7bf6vinqc5faebrftwmdzgi7nga
/usr/local/Cellar/python@3.14/3.14.3_1/Frameworks/Python.framework/Versions/3.14/lib/python3.14/getpass.py:99: GetPassWarning: Can not control echo on the terminal.
  passwd = fallback_getpass(prompt, stream)
Warning: Password input may be echoed.
Private key passphrase:EOFError: 
[2026-04-02 14:06:08] [Lazarus] Start command failed (rc=1). Retrying in 30s...
[2026-04-02 14:06:08] [Lazarus] OCI response: /usr/local/Cellar/python@3.14/3.14.3_1/Frameworks/Python.framework/Versions/3.14/lib/python3.14/getpass.py:99: GetPassWarning: Can not control echo on the terminal.
  passwd = fallback_getpass(prompt, stream)
Warning: Password input may be echoed.
Private key passphrase:EOFError: 
[2026-04-02 14:06:40] [Lazarus] Check state #27: unknown
[2026-04-02 14:06:40] [Lazarus] START attempt #27 for ocid1.instance.oc1.ap-singapore-1.anzwsljrjnctqdycjnedjgrwqodx3amfb7bf6vinqc5faebrftwmdzgi7nga
/usr/local/Cellar/python@3.14/3.14.3_1/Frameworks/Python.framework/Versions/3.14/lib/python3.14/getpass.py:99: GetPassWarning: Can not control echo on the terminal.
  passwd = fallback_getpass(prompt, stream)
Warning: Password input may be echoed.
Private key passphrase:EOFError: 
[2026-04-02 14:06:42] [Lazarus] Start command failed (rc=1). Retrying in 30s...
[2026-04-02 14:06:42] [Lazarus] OCI response: /usr/local/Cellar/python@3.14/3.14.3_1/Frameworks/Python.framework/Versions/3.14/lib/python3.14/getpass.py:99: GetPassWarning: Can not control echo on the terminal.
  passwd = fallback_getpass(prompt, stream)
Warning: Password input may be echoed.
Private key passphrase:EOFError: 
[2026-04-02 14:07:15] [Lazarus] Check state #28: unknown
[2026-04-02 14:07:15] [Lazarus] START attempt #28 for ocid1.instance.oc1.ap-singapore-1.anzwsljrjnctqdycjnedjgrwqodx3amfb7bf6vinqc5faebrftwmdzgi7nga
/usr/local/Cellar/python@3.14/3.14.3_1/Frameworks/Python.framework/Versions/3.14/lib/python3.14/getpass.py:99: GetPassWarning: Can not control echo on the terminal.
  passwd = fallback_getpass(prompt, stream)
Warning: Password input may be echoed.
Private key passphrase:EOFError: 
[2026-04-02 14:07:17] [Lazarus] Start command failed (rc=1). Retrying in 30s...
[2026-04-02 14:07:17] [Lazarus] OCI response: /usr/local/Cellar/python@3.14/3.14.3_1/Frameworks/Python.framework/Versions/3.14/lib/python3.14/getpass.py:99: GetPassWarning: Can not control echo on the terminal.
  passwd = fallback_getpass(prompt, stream)
Warning: Password input may be echoed.
Private key passphrase:EOFError: 
[2026-04-02 14:07:49] [Lazarus] Check state #29: unknown
[2026-04-02 14:07:49] [Lazarus] START attempt #29 for ocid1.instance.oc1.ap-singapore-1.anzwsljrjnctqdycjnedjgrwqodx3amfb7bf6vinqc5faebrftwmdzgi7nga
/usr/local/Cellar/python@3.14/3.14.3_1/Frameworks/Python.framework/Versions/3.14/lib/python3.14/getpass.py:99: GetPassWarning: Can not control echo on the terminal.
  passwd = fallback_getpass(prompt, stream)
Warning: Password input may be echoed.
Private key passphrase:EOFError: 
[2026-04-02 14:07:51] [Lazarus] Start command failed (rc=1). Retrying in 30s...
[2026-04-02 14:07:51] [Lazarus] OCI response: /usr/local/Cellar/python@3.14/3.14.3_1/Frameworks/Python.framework/Versions/3.14/lib/python3.14/getpass.py:99: GetPassWarning: Can not control echo on the terminal.
  passwd = fallback_getpass(prompt, stream)
Warning: Password input may be echoed.
Private key passphrase:EOFError: 
[2026-04-02 14:08:23] [Lazarus] Check state #30: unknown
[2026-04-02 14:08:23] [Lazarus] START attempt #30 for ocid1.instance.oc1.ap-singapore-1.anzwsljrjnctqdycjnedjgrwqodx3amfb7bf6vinqc5faebrftwmdzgi7nga
/usr/local/Cellar/python@3.14/3.14.3_1/Frameworks/Python.framework/Versions/3.14/lib/python3.14/getpass.py:99: GetPassWarning: Can not control echo on the terminal.
  passwd = fallback_getpass(prompt, stream)
Warning: Password input may be echoed.
Private key passphrase:EOFError: 
[2026-04-02 14:08:25] [Lazarus] Start command failed (rc=1). Retrying in 30s...
[2026-04-02 14:08:25] [Lazarus] OCI response: /usr/local/Cellar/python@3.14/3.14.3_1/Frameworks/Python.framework/Versions/3.14/lib/python3.14/getpass.py:99: GetPassWarning: Can not control echo on the terminal.
  passwd = fallback_getpass(prompt, stream)
Warning: Password input may be echoed.
Private key passphrase:EOFError: 
[2026-04-02 14:08:58] [Lazarus] Check state #31: unknown
[2026-04-02 14:08:58] [Lazarus] START attempt #31 for ocid1.instance.oc1.ap-singapore-1.anzwsljrjnctqdycjnedjgrwqodx3amfb7bf6vinqc5faebrftwmdzgi7nga
/usr/local/Cellar/python@3.14/3.14.3_1/Frameworks/Python.framework/Versions/3.14/lib/python3.14/getpass.py:99: GetPassWarning: Can not control echo on the terminal.
  passwd = fallback_getpass(prompt, stream)
Warning: Password input may be echoed.
Private key passphrase:EOFError: 
[2026-04-02 14:09:00] [Lazarus] Start command failed (rc=1). Retrying in 30s...
[2026-04-02 14:09:00] [Lazarus] OCI response: /usr/local/Cellar/python@3.14/3.14.3_1/Frameworks/Python.framework/Versions/3.14/lib/python3.14/getpass.py:99: GetPassWarning: Can not control echo on the terminal.
  passwd = fallback_getpass(prompt, stream)
Warning: Password input may be echoed.
Private key passphrase:EOFError: 
[2026-04-02 14:09:34] [Lazarus] Check state #32: unknown
[2026-04-02 14:09:34] [Lazarus] START attempt #32 for ocid1.instance.oc1.ap-singapore-1.anzwsljrjnctqdycjnedjgrwqodx3amfb7bf6vinqc5faebrftwmdzgi7nga
/usr/local/Cellar/python@3.14/3.14.3_1/Frameworks/Python.framework/Versions/3.14/lib/python3.14/getpass.py:99: GetPassWarning: Can not control echo on the terminal.
  passwd = fallback_getpass(prompt, stream)
Warning: Password input may be echoed.
Private key passphrase:EOFError: 
[2026-04-02 14:09:36] [Lazarus] Start command failed (rc=1). Retrying in 30s...
[2026-04-02 14:09:36] [Lazarus] OCI response: /usr/local/Cellar/python@3.14/3.14.3_1/Frameworks/Python.framework/Versions/3.14/lib/python3.14/getpass.py:99: GetPassWarning: Can not control echo on the terminal.
  passwd = fallback_getpass(prompt, stream)
Warning: Password input may be echoed.
Private key passphrase:EOFError: 
[2026-04-02 14:10:10] [Lazarus] Check state #33: unknown
[2026-04-02 14:10:10] [Lazarus] START attempt #33 for ocid1.instance.oc1.ap-singapore-1.anzwsljrjnctqdycjnedjgrwqodx3amfb7bf6vinqc5faebrftwmdzgi7nga
/usr/local/Cellar/python@3.14/3.14.3_1/Frameworks/Python.framework/Versions/3.14/lib/python3.14/getpass.py:99: GetPassWarning: Can not control echo on the terminal.
  passwd = fallback_getpass(prompt, stream)
Warning: Password input may be echoed.
Private key passphrase:EOFError: 
[2026-04-02 14:10:11] [Lazarus] Start command failed (rc=1). Retrying in 30s...
[2026-04-02 14:10:11] [Lazarus] OCI response: /usr/local/Cellar/python@3.14/3.14.3_1/Frameworks/Python.framework/Versions/3.14/lib/python3.14/getpass.py:99: GetPassWarning: Can not control echo on the terminal.
  passwd = fallback_getpass(prompt, stream)
Warning: Password input may be echoed.
Private key passphrase:EOFError: 
[2026-04-02 14:10:42] [Lazarus] Check state #34: unknown
[2026-04-02 14:10:42] [Lazarus] START attempt #34 for ocid1.instance.oc1.ap-singapore-1.anzwsljrjnctqdycjnedjgrwqodx3amfb7bf6vinqc5faebrftwmdzgi7nga
/usr/local/Cellar/python@3.14/3.14.3_1/Frameworks/Python.framework/Versions/3.14/lib/python3.14/getpass.py:99: GetPassWarning: Can not control echo on the terminal.
  passwd = fallback_getpass(prompt, stream)
Warning: Password input may be echoed.
Private key passphrase:EOFError: 
[2026-04-02 14:10:44] [Lazarus] Start command failed (rc=1). Retrying in 30s...
[2026-04-02 14:10:44] [Lazarus] OCI response: /usr/local/Cellar/python@3.14/3.14.3_1/Frameworks/Python.framework/Versions/3.14/lib/python3.14/getpass.py:99: GetPassWarning: Can not control echo on the terminal.
  passwd = fallback_getpass(prompt, stream)
Warning: Password input may be echoed.
Private key passphrase:EOFError: 
[2026-04-02 14:11:17] [Lazarus] Check state #35: unknown
[2026-04-02 14:11:17] [Lazarus] START attempt #35 for ocid1.instance.oc1.ap-singapore-1.anzwsljrjnctqdycjnedjgrwqodx3amfb7bf6vinqc5faebrftwmdzgi7nga
/usr/local/Cellar/python@3.14/3.14.3_1/Frameworks/Python.framework/Versions/3.14/lib/python3.14/getpass.py:99: GetPassWarning: Can not control echo on the terminal.
  passwd = fallback_getpass(prompt, stream)
Warning: Password input may be echoed.
Private key passphrase:EOFError: 
[2026-04-02 14:11:19] [Lazarus] Start command failed (rc=1). Retrying in 30s...
[2026-04-02 14:11:19] [Lazarus] OCI response: /usr/local/Cellar/python@3.14/3.14.3_1/Frameworks/Python.framework/Versions/3.14/lib/python3.14/getpass.py:99: GetPassWarning: Can not control echo on the terminal.
  passwd = fallback_getpass(prompt, stream)
Warning: Password input may be echoed.
Private key passphrase:EOFError: 
[2026-04-02 14:11:50] [Lazarus] Check state #36: unknown
[2026-04-02 14:11:50] [Lazarus] START attempt #36 for ocid1.instance.oc1.ap-singapore-1.anzwsljrjnctqdycjnedjgrwqodx3amfb7bf6vinqc5faebrftwmdzgi7nga
/usr/local/Cellar/python@3.14/3.14.3_1/Frameworks/Python.framework/Versions/3.14/lib/python3.14/getpass.py:99: GetPassWarning: Can not control echo on the terminal.
  passwd = fallback_getpass(prompt, stream)
Warning: Password input may be echoed.
Private key passphrase:EOFError: 
[2026-04-02 14:11:51] [Lazarus] Start command failed (rc=1). Retrying in 30s...
[2026-04-02 14:11:51] [Lazarus] OCI response: /usr/local/Cellar/python@3.14/3.14.3_1/Frameworks/Python.framework/Versions/3.14/lib/python3.14/getpass.py:99: GetPassWarning: Can not control echo on the terminal.
  passwd = fallback_getpass(prompt, stream)
Warning: Password input may be echoed.
Private key passphrase:EOFError: 
[2026-04-02 14:12:23] [Lazarus] Check state #37: unknown
[2026-04-02 14:12:23] [Lazarus] START attempt #37 for ocid1.instance.oc1.ap-singapore-1.anzwsljrjnctqdycjnedjgrwqodx3amfb7bf6vinqc5faebrftwmdzgi7nga
/usr/local/Cellar/python@3.14/3.14.3_1/Frameworks/Python.framework/Versions/3.14/lib/python3.14/getpass.py:99: GetPassWarning: Can not control echo on the terminal.
  passwd = fallback_getpass(prompt, stream)
Warning: Password input may be echoed.
Private key passphrase:EOFError: 
[2026-04-02 14:12:25] [Lazarus] Start command failed (rc=1). Retrying in 30s...
[2026-04-02 14:12:26] [Lazarus] OCI response: /usr/local/Cellar/python@3.14/3.14.3_1/Frameworks/Python.framework/Versions/3.14/lib/python3.14/getpass.py:99: GetPassWarning: Can not control echo on the terminal.
  passwd = fallback_getpass(prompt, stream)
Warning: Password input may be echoed.
Private key passphrase:EOFError: 
[2026-04-02 14:12:57] [Lazarus] Check state #38: unknown
[2026-04-02 14:12:57] [Lazarus] START attempt #38 for ocid1.instance.oc1.ap-singapore-1.anzwsljrjnctqdycjnedjgrwqodx3amfb7bf6vinqc5faebrftwmdzgi7nga
/usr/local/Cellar/python@3.14/3.14.3_1/Frameworks/Python.framework/Versions/3.14/lib/python3.14/getpass.py:99: GetPassWarning: Can not control echo on the terminal.
  passwd = fallback_getpass(prompt, stream)
Warning: Password input may be echoed.
Private key passphrase:EOFError: 
[2026-04-02 14:12:58] [Lazarus] Start command failed (rc=1). Retrying in 30s...
[2026-04-02 14:12:58] [Lazarus] OCI response: /usr/local/Cellar/python@3.14/3.14.3_1/Frameworks/Python.framework/Versions/3.14/lib/python3.14/getpass.py:99: GetPassWarning: Can not control echo on the terminal.
  passwd = fallback_getpass(prompt, stream)
Warning: Password input may be echoed.
Private key passphrase:EOFError: 
[2026-04-02 14:13:29] [Lazarus] Check state #39: unknown
[2026-04-02 14:13:29] [Lazarus] START attempt #39 for ocid1.instance.oc1.ap-singapore-1.anzwsljrjnctqdycjnedjgrwqodx3amfb7bf6vinqc5faebrftwmdzgi7nga
/usr/local/Cellar/python@3.14/3.14.3_1/Frameworks/Python.framework/Versions/3.14/lib/python3.14/getpass.py:99: GetPassWarning: Can not control echo on the terminal.
  passwd = fallback_getpass(prompt, stream)
Warning: Password input may be echoed.
Private key passphrase:EOFError: 
[2026-04-02 14:13:31] [Lazarus] Start command failed (rc=1). Retrying in 30s...
[2026-04-02 14:13:31] [Lazarus] OCI response: /usr/local/Cellar/python@3.14/3.14.3_1/Frameworks/Python.framework/Versions/3.14/lib/python3.14/getpass.py:99: GetPassWarning: Can not control echo on the terminal.
  passwd = fallback_getpass(prompt, stream)
Warning: Password input may be echoed.
Private key passphrase:EOFError: 
[2026-04-02 14:14:03] [Lazarus] Check state #40: unknown
[2026-04-02 14:14:03] [Lazarus] START attempt #40 for ocid1.instance.oc1.ap-singapore-1.anzwsljrjnctqdycjnedjgrwqodx3amfb7bf6vinqc5faebrftwmdzgi7nga
/usr/local/Cellar/python@3.14/3.14.3_1/Frameworks/Python.framework/Versions/3.14/lib/python3.14/getpass.py:99: GetPassWarning: Can not control echo on the terminal.
  passwd = fallback_getpass(prompt, stream)
Warning: Password input may be echoed.
Private key passphrase:EOFError: 
[2026-04-02 14:14:05] [Lazarus] Start command failed (rc=1). Retrying in 30s...
[2026-04-02 14:14:05] [Lazarus] OCI response: /usr/local/Cellar/python@3.14/3.14.3_1/Frameworks/Python.framework/Versions/3.14/lib/python3.14/getpass.py:99: GetPassWarning: Can not control echo on the terminal.
  passwd = fallback_getpass(prompt, stream)
Warning: Password input may be echoed.
Private key passphrase:EOFError: 
[2026-04-02 14:14:37] [Lazarus] Check state #41: unknown
[2026-04-02 14:14:37] [Lazarus] START attempt #41 for ocid1.instance.oc1.ap-singapore-1.anzwsljrjnctqdycjnedjgrwqodx3amfb7bf6vinqc5faebrftwmdzgi7nga
/usr/local/Cellar/python@3.14/3.14.3_1/Frameworks/Python.framework/Versions/3.14/lib/python3.14/getpass.py:99: GetPassWarning: Can not control echo on the terminal.
  passwd = fallback_getpass(prompt, stream)
Warning: Password input may be echoed.
Private key passphrase:EOFError: 
[2026-04-02 14:14:38] [Lazarus] Start command failed (rc=1). Retrying in 30s...
[2026-04-02 14:14:38] [Lazarus] OCI response: /usr/local/Cellar/python@3.14/3.14.3_1/Frameworks/Python.framework/Versions/3.14/lib/python3.14/getpass.py:99: GetPassWarning: Can not control echo on the terminal.
  passwd = fallback_getpass(prompt, stream)
Warning: Password input may be echoed.
Private key passphrase:EOFError: 
[2026-04-02 14:15:11] [Lazarus] Check state #42: unknown
[2026-04-02 14:15:11] [Lazarus] START attempt #42 for ocid1.instance.oc1.ap-singapore-1.anzwsljrjnctqdycjnedjgrwqodx3amfb7bf6vinqc5faebrftwmdzgi7nga
/usr/local/Cellar/python@3.14/3.14.3_1/Frameworks/Python.framework/Versions/3.14/lib/python3.14/getpass.py:99: GetPassWarning: Can not control echo on the terminal.
  passwd = fallback_getpass(prompt, stream)
Warning: Password input may be echoed.
Private key passphrase:EOFError: 
[2026-04-02 14:15:13] [Lazarus] Start command failed (rc=1). Retrying in 30s...
[2026-04-02 14:15:13] [Lazarus] OCI response: /usr/local/Cellar/python@3.14/3.14.3_1/Frameworks/Python.framework/Versions/3.14/lib/python3.14/getpass.py:99: GetPassWarning: Can not control echo on the terminal.
  passwd = fallback_getpass(prompt, stream)
Warning: Password input may be echoed.
Private key passphrase:EOFError: 
[2026-04-02 14:15:46] [Lazarus] Check state #43: unknown
[2026-04-02 14:15:46] [Lazarus] START attempt #43 for ocid1.instance.oc1.ap-singapore-1.anzwsljrjnctqdycjnedjgrwqodx3amfb7bf6vinqc5faebrftwmdzgi7nga
/usr/local/Cellar/python@3.14/3.14.3_1/Frameworks/Python.framework/Versions/3.14/lib/python3.14/getpass.py:99: GetPassWarning: Can not control echo on the terminal.
  passwd = fallback_getpass(prompt, stream)
Warning: Password input may be echoed.
Private key passphrase:EOFError: 
[2026-04-02 14:15:48] [Lazarus] Start command failed (rc=1). Retrying in 30s...
[2026-04-02 14:15:48] [Lazarus] OCI response: /usr/local/Cellar/python@3.14/3.14.3_1/Frameworks/Python.framework/Versions/3.14/lib/python3.14/getpass.py:99: GetPassWarning: Can not control echo on the terminal.
  passwd = fallback_getpass(prompt, stream)
Warning: Password input may be echoed.
Private key passphrase:EOFError: 
[2026-04-02 14:16:20] [Lazarus] Check state #44: unknown
[2026-04-02 14:16:20] [Lazarus] START attempt #44 for ocid1.instance.oc1.ap-singapore-1.anzwsljrjnctqdycjnedjgrwqodx3amfb7bf6vinqc5faebrftwmdzgi7nga
/usr/local/Cellar/python@3.14/3.14.3_1/Frameworks/Python.framework/Versions/3.14/lib/python3.14/getpass.py:99: GetPassWarning: Can not control echo on the terminal.
  passwd = fallback_getpass(prompt, stream)
Warning: Password input may be echoed.
Private key passphrase:EOFError: 
[2026-04-02 14:16:22] [Lazarus] Start command failed (rc=1). Retrying in 30s...
[2026-04-02 14:16:22] [Lazarus] OCI response: /usr/local/Cellar/python@3.14/3.14.3_1/Frameworks/Python.framework/Versions/3.14/lib/python3.14/getpass.py:99: GetPassWarning: Can not control echo on the terminal.
  passwd = fallback_getpass(prompt, stream)
Warning: Password input may be echoed.
Private key passphrase:EOFError: 
[2026-04-02 14:16:54] [Lazarus] Check state #45: unknown
[2026-04-02 14:16:54] [Lazarus] START attempt #45 for ocid1.instance.oc1.ap-singapore-1.anzwsljrjnctqdycjnedjgrwqodx3amfb7bf6vinqc5faebrftwmdzgi7nga
/usr/local/Cellar/python@3.14/3.14.3_1/Frameworks/Python.framework/Versions/3.14/lib/python3.14/getpass.py:99: GetPassWarning: Can not control echo on the terminal.
  passwd = fallback_getpass(prompt, stream)
Warning: Password input may be echoed.
Private key passphrase:EOFError: 
[2026-04-02 14:16:56] [Lazarus] Start command failed (rc=1). Retrying in 30s...
[2026-04-02 14:16:56] [Lazarus] OCI response: /usr/local/Cellar/python@3.14/3.14.3_1/Frameworks/Python.framework/Versions/3.14/lib/python3.14/getpass.py:99: GetPassWarning: Can not control echo on the terminal.
  passwd = fallback_getpass(prompt, stream)
Warning: Password input may be echoed.
Private key passphrase:EOFError: 
[2026-04-02 14:17:28] [Lazarus] Check state #46: unknown
[2026-04-02 14:17:28] [Lazarus] START attempt #46 for ocid1.instance.oc1.ap-singapore-1.anzwsljrjnctqdycjnedjgrwqodx3amfb7bf6vinqc5faebrftwmdzgi7nga
/usr/local/Cellar/python@3.14/3.14.3_1/Frameworks/Python.framework/Versions/3.14/lib/python3.14/getpass.py:99: GetPassWarning: Can not control echo on the terminal.
  passwd = fallback_getpass(prompt, stream)
Warning: Password input may be echoed.
Private key passphrase:EOFError: 
[2026-04-02 14:17:30] [Lazarus] Start command failed (rc=1). Retrying in 30s...
[2026-04-02 14:17:30] [Lazarus] OCI response: /usr/local/Cellar/python@3.14/3.14.3_1/Frameworks/Python.framework/Versions/3.14/lib/python3.14/getpass.py:99: GetPassWarning: Can not control echo on the terminal.
  passwd = fallback_getpass(prompt, stream)
Warning: Password input may be echoed.
Private key passphrase:EOFError: 
[2026-04-02 14:18:03] [Lazarus] Check state #47: unknown
[2026-04-02 14:18:03] [Lazarus] START attempt #47 for ocid1.instance.oc1.ap-singapore-1.anzwsljrjnctqdycjnedjgrwqodx3amfb7bf6vinqc5faebrftwmdzgi7nga
/usr/local/Cellar/python@3.14/3.14.3_1/Frameworks/Python.framework/Versions/3.14/lib/python3.14/getpass.py:99: GetPassWarning: Can not control echo on the terminal.
  passwd = fallback_getpass(prompt, stream)
Warning: Password input may be echoed.
Private key passphrase:EOFError: 
[2026-04-02 14:18:05] [Lazarus] Start command failed (rc=1). Retrying in 30s...
[2026-04-02 14:18:05] [Lazarus] OCI response: /usr/local/Cellar/python@3.14/3.14.3_1/Frameworks/Python.framework/Versions/3.14/lib/python3.14/getpass.py:99: GetPassWarning: Can not control echo on the terminal.
  passwd = fallback_getpass(prompt, stream)
Warning: Password input may be echoed.
Private key passphrase:EOFError: 
[2026-04-02 14:18:37] [Lazarus] Check state #48: unknown
[2026-04-02 14:18:37] [Lazarus] START attempt #48 for ocid1.instance.oc1.ap-singapore-1.anzwsljrjnctqdycjnedjgrwqodx3amfb7bf6vinqc5faebrftwmdzgi7nga
/usr/local/Cellar/python@3.14/3.14.3_1/Frameworks/Python.framework/Versions/3.14/lib/python3.14/getpass.py:99: GetPassWarning: Can not control echo on the terminal.
  passwd = fallback_getpass(prompt, stream)
Warning: Password input may be echoed.
Private key passphrase:EOFError: 
[2026-04-02 14:18:40] [Lazarus] Start command failed (rc=1). Retrying in 30s...
[2026-04-02 14:18:40] [Lazarus] OCI response: /usr/local/Cellar/python@3.14/3.14.3_1/Frameworks/Python.framework/Versions/3.14/lib/python3.14/getpass.py:99: GetPassWarning: Can not control echo on the terminal.
  passwd = fallback_getpass(prompt, stream)
Warning: Password input may be echoed.
Private key passphrase:EOFError: 
[2026-04-02 14:19:13] [Lazarus] Check state #49: unknown
[2026-04-02 14:19:13] [Lazarus] START attempt #49 for ocid1.instance.oc1.ap-singapore-1.anzwsljrjnctqdycjnedjgrwqodx3amfb7bf6vinqc5faebrftwmdzgi7nga
/usr/local/Cellar/python@3.14/3.14.3_1/Frameworks/Python.framework/Versions/3.14/lib/python3.14/getpass.py:99: GetPassWarning: Can not control echo on the terminal.
  passwd = fallback_getpass(prompt, stream)
Warning: Password input may be echoed.
Private key passphrase:EOFError: 
[2026-04-02 14:19:16] [Lazarus] Start command failed (rc=1). Retrying in 30s...
[2026-04-02 14:19:16] [Lazarus] OCI response: /usr/local/Cellar/python@3.14/3.14.3_1/Frameworks/Python.framework/Versions/3.14/lib/python3.14/getpass.py:99: GetPassWarning: Can not control echo on the terminal.
  passwd = fallback_getpass(prompt, stream)
Warning: Password input may be echoed.
Private key passphrase:EOFError: 
[2026-04-02 14:19:49] [Lazarus] Check state #50: unknown
[2026-04-02 14:19:49] [Lazarus] START attempt #50 for ocid1.instance.oc1.ap-singapore-1.anzwsljrjnctqdycjnedjgrwqodx3amfb7bf6vinqc5faebrftwmdzgi7nga
/usr/local/Cellar/python@3.14/3.14.3_1/Frameworks/Python.framework/Versions/3.14/lib/python3.14/getpass.py:99: GetPassWarning: Can not control echo on the terminal.
  passwd = fallback_getpass(prompt, stream)
Warning: Password input may be echoed.
Private key passphrase:EOFError: 
[2026-04-02 14:19:51] [Lazarus] Start command failed (rc=1). Retrying in 30s...
[2026-04-02 14:19:51] [Lazarus] OCI response: /usr/local/Cellar/python@3.14/3.14.3_1/Frameworks/Python.framework/Versions/3.14/lib/python3.14/getpass.py:99: GetPassWarning: Can not control echo on the terminal.
  passwd = fallback_getpass(prompt, stream)
Warning: Password input may be echoed.
Private key passphrase:EOFError: 
[2026-04-02 14:20:24] [Lazarus] Check state #51: unknown
[2026-04-02 14:20:24] [Lazarus] START attempt #51 for ocid1.instance.oc1.ap-singapore-1.anzwsljrjnctqdycjnedjgrwqodx3amfb7bf6vinqc5faebrftwmdzgi7nga
/usr/local/Cellar/python@3.14/3.14.3_1/Frameworks/Python.framework/Versions/3.14/lib/python3.14/getpass.py:99: GetPassWarning: Can not control echo on the terminal.
  passwd = fallback_getpass(prompt, stream)
Warning: Password input may be echoed.
Private key passphrase:EOFError: 
[2026-04-02 14:20:26] [Lazarus] Start command failed (rc=1). Retrying in 30s...
[2026-04-02 14:20:26] [Lazarus] OCI response: /usr/local/Cellar/python@3.14/3.14.3_1/Frameworks/Python.framework/Versions/3.14/lib/python3.14/getpass.py:99: GetPassWarning: Can not control echo on the terminal.
  passwd = fallback_getpass(prompt, stream)
Warning: Password input may be echoed.
Private key passphrase:EOFError: 
[2026-04-02 14:20:58] [Lazarus] Check state #52: unknown
[2026-04-02 14:20:58] [Lazarus] START attempt #52 for ocid1.instance.oc1.ap-singapore-1.anzwsljrjnctqdycjnedjgrwqodx3amfb7bf6vinqc5faebrftwmdzgi7nga
/usr/local/Cellar/python@3.14/3.14.3_1/Frameworks/Python.framework/Versions/3.14/lib/python3.14/getpass.py:99: GetPassWarning: Can not control echo on the terminal.
  passwd = fallback_getpass(prompt, stream)
Warning: Password input may be echoed.
Private key passphrase:EOFError: 
[2026-04-02 14:21:00] [Lazarus] Start command failed (rc=1). Retrying in 30s...
[2026-04-02 14:21:00] [Lazarus] OCI response: /usr/local/Cellar/python@3.14/3.14.3_1/Frameworks/Python.framework/Versions/3.14/lib/python3.14/getpass.py:99: GetPassWarning: Can not control echo on the terminal.
  passwd = fallback_getpass(prompt, stream)
Warning: Password input may be echoed.
Private key passphrase:EOFError: 
[2026-04-02 14:21:33] [Lazarus] Check state #53: unknown
[2026-04-02 14:21:33] [Lazarus] START attempt #53 for ocid1.instance.oc1.ap-singapore-1.anzwsljrjnctqdycjnedjgrwqodx3amfb7bf6vinqc5faebrftwmdzgi7nga
/usr/local/Cellar/python@3.14/3.14.3_1/Frameworks/Python.framework/Versions/3.14/lib/python3.14/getpass.py:99: GetPassWarning: Can not control echo on the terminal.
  passwd = fallback_getpass(prompt, stream)
Warning: Password input may be echoed.
Private key passphrase:EOFError: 
[2026-04-02 14:21:35] [Lazarus] Start command failed (rc=1). Retrying in 30s...
[2026-04-02 14:21:35] [Lazarus] OCI response: /usr/local/Cellar/python@3.14/3.14.3_1/Frameworks/Python.framework/Versions/3.14/lib/python3.14/getpass.py:99: GetPassWarning: Can not control echo on the terminal.
  passwd = fallback_getpass(prompt, stream)
Warning: Password input may be echoed.
Private key passphrase:EOFError: 
[2026-04-02 14:22:07] [Lazarus] Check state #54: unknown
[2026-04-02 14:22:07] [Lazarus] START attempt #54 for ocid1.instance.oc1.ap-singapore-1.anzwsljrjnctqdycjnedjgrwqodx3amfb7bf6vinqc5faebrftwmdzgi7nga
/usr/local/Cellar/python@3.14/3.14.3_1/Frameworks/Python.framework/Versions/3.14/lib/python3.14/getpass.py:99: GetPassWarning: Can not control echo on the terminal.
  passwd = fallback_getpass(prompt, stream)
Warning: Password input may be echoed.
Private key passphrase:EOFError: 
[2026-04-02 14:22:08] [Lazarus] Start command failed (rc=1). Retrying in 30s...
[2026-04-02 14:22:08] [Lazarus] OCI response: /usr/local/Cellar/python@3.14/3.14.3_1/Frameworks/Python.framework/Versions/3.14/lib/python3.14/getpass.py:99: GetPassWarning: Can not control echo on the terminal.
  passwd = fallback_getpass(prompt, stream)
Warning: Password input may be echoed.
Private key passphrase:EOFError: 
[2026-04-02 14:22:41] [Lazarus] Check state #55: unknown
[2026-04-02 14:22:41] [Lazarus] START attempt #55 for ocid1.instance.oc1.ap-singapore-1.anzwsljrjnctqdycjnedjgrwqodx3amfb7bf6vinqc5faebrftwmdzgi7nga
/usr/local/Cellar/python@3.14/3.14.3_1/Frameworks/Python.framework/Versions/3.14/lib/python3.14/getpass.py:99: GetPassWarning: Can not control echo on the terminal.
  passwd = fallback_getpass(prompt, stream)
Warning: Password input may be echoed.
Private key passphrase:EOFError: 
[2026-04-02 14:22:43] [Lazarus] Start command failed (rc=1). Retrying in 30s...
[2026-04-02 14:22:43] [Lazarus] OCI response: /usr/local/Cellar/python@3.14/3.14.3_1/Frameworks/Python.framework/Versions/3.14/lib/python3.14/getpass.py:99: GetPassWarning: Can not control echo on the terminal.
  passwd = fallback_getpass(prompt, stream)
Warning: Password input may be echoed.
Private key passphrase:EOFError: 
[2026-04-02 14:23:16] [Lazarus] Check state #56: unknown
[2026-04-02 14:23:16] [Lazarus] START attempt #56 for ocid1.instance.oc1.ap-singapore-1.anzwsljrjnctqdycjnedjgrwqodx3amfb7bf6vinqc5faebrftwmdzgi7nga
/usr/local/Cellar/python@3.14/3.14.3_1/Frameworks/Python.framework/Versions/3.14/lib/python3.14/getpass.py:99: GetPassWarning: Can not control echo on the terminal.
  passwd = fallback_getpass(prompt, stream)
Warning: Password input may be echoed.
Private key passphrase:EOFError: 
[2026-04-02 14:23:18] [Lazarus] Start command failed (rc=1). Retrying in 30s...
[2026-04-02 14:23:18] [Lazarus] OCI response: /usr/local/Cellar/python@3.14/3.14.3_1/Frameworks/Python.framework/Versions/3.14/lib/python3.14/getpass.py:99: GetPassWarning: Can not control echo on the terminal.
  passwd = fallback_getpass(prompt, stream)
Warning: Password input may be echoed.
Private key passphrase:EOFError: 
[2026-04-02 14:23:49] [Lazarus] Check state #57: unknown
[2026-04-02 14:23:49] [Lazarus] START attempt #57 for ocid1.instance.oc1.ap-singapore-1.anzwsljrjnctqdycjnedjgrwqodx3amfb7bf6vinqc5faebrftwmdzgi7nga
/usr/local/Cellar/python@3.14/3.14.3_1/Frameworks/Python.framework/Versions/3.14/lib/python3.14/getpass.py:99: GetPassWarning: Can not control echo on the terminal.
  passwd = fallback_getpass(prompt, stream)
Warning: Password input may be echoed.
Private key passphrase:EOFError: 
[2026-04-02 14:23:51] [Lazarus] Start command failed (rc=1). Retrying in 30s...
[2026-04-02 14:23:51] [Lazarus] OCI response: /usr/local/Cellar/python@3.14/3.14.3_1/Frameworks/Python.framework/Versions/3.14/lib/python3.14/getpass.py:99: GetPassWarning: Can not control echo on the terminal.
  passwd = fallback_getpass(prompt, stream)
Warning: Password input may be echoed.
Private key passphrase:EOFError: 
[2026-04-02 14:24:24] [Lazarus] Check state #58: unknown
[2026-04-02 14:24:24] [Lazarus] START attempt #58 for ocid1.instance.oc1.ap-singapore-1.anzwsljrjnctqdycjnedjgrwqodx3amfb7bf6vinqc5faebrftwmdzgi7nga
/usr/local/Cellar/python@3.14/3.14.3_1/Frameworks/Python.framework/Versions/3.14/lib/python3.14/getpass.py:99: GetPassWarning: Can not control echo on the terminal.
  passwd = fallback_getpass(prompt, stream)
Warning: Password input may be echoed.
Private key passphrase:EOFError: 
[2026-04-02 14:24:26] [Lazarus] Start command failed (rc=1). Retrying in 30s...
[2026-04-02 14:24:26] [Lazarus] OCI response: /usr/local/Cellar/python@3.14/3.14.3_1/Frameworks/Python.framework/Versions/3.14/lib/python3.14/getpass.py:99: GetPassWarning: Can not control echo on the terminal.
  passwd = fallback_getpass(prompt, stream)
Warning: Password input may be echoed.
Private key passphrase:EOFError: 
[2026-04-02 14:24:58] [Lazarus] Check state #59: unknown
[2026-04-02 14:24:58] [Lazarus] START attempt #59 for ocid1.instance.oc1.ap-singapore-1.anzwsljrjnctqdycjnedjgrwqodx3amfb7bf6vinqc5faebrftwmdzgi7nga
/usr/local/Cellar/python@3.14/3.14.3_1/Frameworks/Python.framework/Versions/3.14/lib/python3.14/getpass.py:99: GetPassWarning: Can not control echo on the terminal.
  passwd = fallback_getpass(prompt, stream)
Warning: Password input may be echoed.
Private key passphrase:EOFError: 
[2026-04-02 14:25:00] [Lazarus] Start command failed (rc=1). Retrying in 30s...
[2026-04-02 14:25:00] [Lazarus] OCI response: /usr/local/Cellar/python@3.14/3.14.3_1/Frameworks/Python.framework/Versions/3.14/lib/python3.14/getpass.py:99: GetPassWarning: Can not control echo on the terminal.
  passwd = fallback_getpass(prompt, stream)
Warning: Password input may be echoed.
Private key passphrase:EOFError: 
[2026-04-02 14:25:32] [Lazarus] Check state #60: unknown
[2026-04-02 14:25:32] [Lazarus] START attempt #60 for ocid1.instance.oc1.ap-singapore-1.anzwsljrjnctqdycjnedjgrwqodx3amfb7bf6vinqc5faebrftwmdzgi7nga
/usr/local/Cellar/python@3.14/3.14.3_1/Frameworks/Python.framework/Versions/3.14/lib/python3.14/getpass.py:99: GetPassWarning: Can not control echo on the terminal.
  passwd = fallback_getpass(prompt, stream)
Warning: Password input may be echoed.
Private key passphrase:EOFError: 
[2026-04-02 14:25:33] [Lazarus] Start command failed (rc=1). Retrying in 30s...
[2026-04-02 14:25:33] [Lazarus] OCI response: /usr/local/Cellar/python@3.14/3.14.3_1/Frameworks/Python.framework/Versions/3.14/lib/python3.14/getpass.py:99: GetPassWarning: Can not control echo on the terminal.
  passwd = fallback_getpass(prompt, stream)
Warning: Password input may be echoed.
Private key passphrase:EOFError: 
[2026-04-02 14:26:06] [Lazarus] Check state #61: unknown
[2026-04-02 14:26:06] [Lazarus] START attempt #61 for ocid1.instance.oc1.ap-singapore-1.anzwsljrjnctqdycjnedjgrwqodx3amfb7bf6vinqc5faebrftwmdzgi7nga
/usr/local/Cellar/python@3.14/3.14.3_1/Frameworks/Python.framework/Versions/3.14/lib/python3.14/getpass.py:99: GetPassWarning: Can not control echo on the terminal.
  passwd = fallback_getpass(prompt, stream)
Warning: Password input may be echoed.
Private key passphrase:EOFError: 
[2026-04-02 14:26:08] [Lazarus] Start command failed (rc=1). Retrying in 30s...
[2026-04-02 14:26:08] [Lazarus] OCI response: /usr/local/Cellar/python@3.14/3.14.3_1/Frameworks/Python.framework/Versions/3.14/lib/python3.14/getpass.py:99: GetPassWarning: Can not control echo on the terminal.
  passwd = fallback_getpass(prompt, stream)
Warning: Password input may be echoed.
Private key passphrase:EOFError: 
[2026-04-02 14:26:40] [Lazarus] Check state #62: unknown
[2026-04-02 14:26:40] [Lazarus] START attempt #62 for ocid1.instance.oc1.ap-singapore-1.anzwsljrjnctqdycjnedjgrwqodx3amfb7bf6vinqc5faebrftwmdzgi7nga
/usr/local/Cellar/python@3.14/3.14.3_1/Frameworks/Python.framework/Versions/3.14/lib/python3.14/getpass.py:99: GetPassWarning: Can not control echo on the terminal.
  passwd = fallback_getpass(prompt, stream)
Warning: Password input may be echoed.
Private key passphrase:EOFError: 
[2026-04-02 14:26:42] [Lazarus] Start command failed (rc=1). Retrying in 30s...
[2026-04-02 14:26:42] [Lazarus] OCI response: /usr/local/Cellar/python@3.14/3.14.3_1/Frameworks/Python.framework/Versions/3.14/lib/python3.14/getpass.py:99: GetPassWarning: Can not control echo on the terminal.
  passwd = fallback_getpass(prompt, stream)
Warning: Password input may be echoed.
Private key passphrase:EOFError: 
[2026-04-02 14:27:15] [Lazarus] Check state #63: unknown
[2026-04-02 14:27:15] [Lazarus] START attempt #63 for ocid1.instance.oc1.ap-singapore-1.anzwsljrjnctqdycjnedjgrwqodx3amfb7bf6vinqc5faebrftwmdzgi7nga
/usr/local/Cellar/python@3.14/3.14.3_1/Frameworks/Python.framework/Versions/3.14/lib/python3.14/getpass.py:99: GetPassWarning: Can not control echo on the terminal.
  passwd = fallback_getpass(prompt, stream)
Warning: Password input may be echoed.
Private key passphrase:EOFError: 
[2026-04-02 14:27:17] [Lazarus] Start command failed (rc=1). Retrying in 30s...
[2026-04-02 14:27:17] [Lazarus] OCI response: /usr/local/Cellar/python@3.14/3.14.3_1/Frameworks/Python.framework/Versions/3.14/lib/python3.14/getpass.py:99: GetPassWarning: Can not control echo on the terminal.
  passwd = fallback_getpass(prompt, stream)
Warning: Password input may be echoed.
Private key passphrase:EOFError: 
[2026-04-02 14:27:48] [Lazarus] Check state #64: unknown
[2026-04-02 14:27:48] [Lazarus] START attempt #64 for ocid1.instance.oc1.ap-singapore-1.anzwsljrjnctqdycjnedjgrwqodx3amfb7bf6vinqc5faebrftwmdzgi7nga
/usr/local/Cellar/python@3.14/3.14.3_1/Frameworks/Python.framework/Versions/3.14/lib/python3.14/getpass.py:99: GetPassWarning: Can not control echo on the terminal.
  passwd = fallback_getpass(prompt, stream)
Warning: Password input may be echoed.
Private key passphrase:EOFError: 
[2026-04-02 14:27:50] [Lazarus] Start command failed (rc=1). Retrying in 30s...
[2026-04-02 14:27:50] [Lazarus] OCI response: /usr/local/Cellar/python@3.14/3.14.3_1/Frameworks/Python.framework/Versions/3.14/lib/python3.14/getpass.py:99: GetPassWarning: Can not control echo on the terminal.
  passwd = fallback_getpass(prompt, stream)
Warning: Password input may be echoed.
Private key passphrase:EOFError: 
[2026-04-02 14:28:22] [Lazarus] Check state #65: unknown
[2026-04-02 14:28:22] [Lazarus] START attempt #65 for ocid1.instance.oc1.ap-singapore-1.anzwsljrjnctqdycjnedjgrwqodx3amfb7bf6vinqc5faebrftwmdzgi7nga
/usr/local/Cellar/python@3.14/3.14.3_1/Frameworks/Python.framework/Versions/3.14/lib/python3.14/getpass.py:99: GetPassWarning: Can not control echo on the terminal.
  passwd = fallback_getpass(prompt, stream)
Warning: Password input may be echoed.
Private key passphrase:EOFError: 
[2026-04-02 14:28:24] [Lazarus] Start command failed (rc=1). Retrying in 30s...
[2026-04-02 14:28:24] [Lazarus] OCI response: /usr/local/Cellar/python@3.14/3.14.3_1/Frameworks/Python.framework/Versions/3.14/lib/python3.14/getpass.py:99: GetPassWarning: Can not control echo on the terminal.
  passwd = fallback_getpass(prompt, stream)
Warning: Password input may be echoed.
Private key passphrase:EOFError: 
[2026-04-02 14:28:56] [Lazarus] Check state #66: unknown
[2026-04-02 14:28:56] [Lazarus] START attempt #66 for ocid1.instance.oc1.ap-singapore-1.anzwsljrjnctqdycjnedjgrwqodx3amfb7bf6vinqc5faebrftwmdzgi7nga
/usr/local/Cellar/python@3.14/3.14.3_1/Frameworks/Python.framework/Versions/3.14/lib/python3.14/getpass.py:99: GetPassWarning: Can not control echo on the terminal.
  passwd = fallback_getpass(prompt, stream)
Warning: Password input may be echoed.
Private key passphrase:EOFError: 
[2026-04-02 14:28:58] [Lazarus] Start command failed (rc=1). Retrying in 30s...
[2026-04-02 14:28:58] [Lazarus] OCI response: /usr/local/Cellar/python@3.14/3.14.3_1/Frameworks/Python.framework/Versions/3.14/lib/python3.14/getpass.py:99: GetPassWarning: Can not control echo on the terminal.
  passwd = fallback_getpass(prompt, stream)
Warning: Password input may be echoed.
Private key passphrase:EOFError: 
[2026-04-02 14:29:30] [Lazarus] Check state #67: unknown
[2026-04-02 14:29:30] [Lazarus] START attempt #67 for ocid1.instance.oc1.ap-singapore-1.anzwsljrjnctqdycjnedjgrwqodx3amfb7bf6vinqc5faebrftwmdzgi7nga
/usr/local/Cellar/python@3.14/3.14.3_1/Frameworks/Python.framework/Versions/3.14/lib/python3.14/getpass.py:99: GetPassWarning: Can not control echo on the terminal.
  passwd = fallback_getpass(prompt, stream)
Warning: Password input may be echoed.
Private key passphrase:EOFError: 
[2026-04-02 14:29:32] [Lazarus] Start command failed (rc=1). Retrying in 30s...
[2026-04-02 14:29:32] [Lazarus] OCI response: /usr/local/Cellar/python@3.14/3.14.3_1/Frameworks/Python.framework/Versions/3.14/lib/python3.14/getpass.py:99: GetPassWarning: Can not control echo on the terminal.
  passwd = fallback_getpass(prompt, stream)
Warning: Password input may be echoed.
Private key passphrase:EOFError: 
[2026-04-02 14:30:03] [Lazarus] Check state #68: unknown
[2026-04-02 14:30:03] [Lazarus] START attempt #68 for ocid1.instance.oc1.ap-singapore-1.anzwsljrjnctqdycjnedjgrwqodx3amfb7bf6vinqc5faebrftwmdzgi7nga
/usr/local/Cellar/python@3.14/3.14.3_1/Frameworks/Python.framework/Versions/3.14/lib/python3.14/getpass.py:99: GetPassWarning: Can not control echo on the terminal.
  passwd = fallback_getpass(prompt, stream)
Warning: Password input may be echoed.
Private key passphrase:EOFError: 
[2026-04-02 14:30:04] [Lazarus] Start command failed (rc=1). Retrying in 30s...
[2026-04-02 14:30:04] [Lazarus] OCI response: /usr/local/Cellar/python@3.14/3.14.3_1/Frameworks/Python.framework/Versions/3.14/lib/python3.14/getpass.py:99: GetPassWarning: Can not control echo on the terminal.
  passwd = fallback_getpass(prompt, stream)
Warning: Password input may be echoed.
Private key passphrase:EOFError: 
[2026-04-02 14:30:35] [Lazarus] Check state #69: unknown
[2026-04-02 14:30:35] [Lazarus] START attempt #69 for ocid1.instance.oc1.ap-singapore-1.anzwsljrjnctqdycjnedjgrwqodx3amfb7bf6vinqc5faebrftwmdzgi7nga
/usr/local/Cellar/python@3.14/3.14.3_1/Frameworks/Python.framework/Versions/3.14/lib/python3.14/getpass.py:99: GetPassWarning: Can not control echo on the terminal.
  passwd = fallback_getpass(prompt, stream)
Warning: Password input may be echoed.
Private key passphrase:EOFError: 
[2026-04-02 14:30:37] [Lazarus] Start command failed (rc=1). Retrying in 30s...
[2026-04-02 14:30:37] [Lazarus] OCI response: /usr/local/Cellar/python@3.14/3.14.3_1/Frameworks/Python.framework/Versions/3.14/lib/python3.14/getpass.py:99: GetPassWarning: Can not control echo on the terminal.
  passwd = fallback_getpass(prompt, stream)
Warning: Password input may be echoed.
Private key passphrase:EOFError: 
[2026-04-02 14:31:08] [Lazarus] Check state #70: unknown
[2026-04-02 14:31:08] [Lazarus] START attempt #70 for ocid1.instance.oc1.ap-singapore-1.anzwsljrjnctqdycjnedjgrwqodx3amfb7bf6vinqc5faebrftwmdzgi7nga
/usr/local/Cellar/python@3.14/3.14.3_1/Frameworks/Python.framework/Versions/3.14/lib/python3.14/getpass.py:99: GetPassWarning: Can not control echo on the terminal.
  passwd = fallback_getpass(prompt, stream)
Warning: Password input may be echoed.
Private key passphrase:EOFError: 
[2026-04-02 14:31:09] [Lazarus] Start command failed (rc=1). Retrying in 30s...
[2026-04-02 14:31:09] [Lazarus] OCI response: /usr/local/Cellar/python@3.14/3.14.3_1/Frameworks/Python.framework/Versions/3.14/lib/python3.14/getpass.py:99: GetPassWarning: Can not control echo on the terminal.
  passwd = fallback_getpass(prompt, stream)
Warning: Password input may be echoed.
Private key passphrase:EOFError: 
[2026-04-02 14:31:41] [Lazarus] Check state #71: unknown
[2026-04-02 14:31:41] [Lazarus] START attempt #71 for ocid1.instance.oc1.ap-singapore-1.anzwsljrjnctqdycjnedjgrwqodx3amfb7bf6vinqc5faebrftwmdzgi7nga
/usr/local/Cellar/python@3.14/3.14.3_1/Frameworks/Python.framework/Versions/3.14/lib/python3.14/getpass.py:99: GetPassWarning: Can not control echo on the terminal.
  passwd = fallback_getpass(prompt, stream)
Warning: Password input may be echoed.
Private key passphrase:EOFError: 
[2026-04-02 14:31:42] [Lazarus] Start command failed (rc=1). Retrying in 30s...
[2026-04-02 14:31:42] [Lazarus] OCI response: /usr/local/Cellar/python@3.14/3.14.3_1/Frameworks/Python.framework/Versions/3.14/lib/python3.14/getpass.py:99: GetPassWarning: Can not control echo on the terminal.
  passwd = fallback_getpass(prompt, stream)
Warning: Password input may be echoed.
Private key passphrase:EOFError: 
[2026-04-02 14:32:13] [Lazarus] Check state #72: unknown
[2026-04-02 14:32:13] [Lazarus] START attempt #72 for ocid1.instance.oc1.ap-singapore-1.anzwsljrjnctqdycjnedjgrwqodx3amfb7bf6vinqc5faebrftwmdzgi7nga
/usr/local/Cellar/python@3.14/3.14.3_1/Frameworks/Python.framework/Versions/3.14/lib/python3.14/getpass.py:99: GetPassWarning: Can not control echo on the terminal.
  passwd = fallback_getpass(prompt, stream)
Warning: Password input may be echoed.
Private key passphrase:EOFError: 
[2026-04-02 14:32:15] [Lazarus] Start command failed (rc=1). Retrying in 30s...
[2026-04-02 14:32:15] [Lazarus] OCI response: /usr/local/Cellar/python@3.14/3.14.3_1/Frameworks/Python.framework/Versions/3.14/lib/python3.14/getpass.py:99: GetPassWarning: Can not control echo on the terminal.
  passwd = fallback_getpass(prompt, stream)
Warning: Password input may be echoed.
Private key passphrase:EOFError: 
[2026-04-02 14:32:46] [Lazarus] Check state #73: unknown
[2026-04-02 14:32:46] [Lazarus] START attempt #73 for ocid1.instance.oc1.ap-singapore-1.anzwsljrjnctqdycjnedjgrwqodx3amfb7bf6vinqc5faebrftwmdzgi7nga
/usr/local/Cellar/python@3.14/3.14.3_1/Frameworks/Python.framework/Versions/3.14/lib/python3.14/getpass.py:99: GetPassWarning: Can not control echo on the terminal.
  passwd = fallback_getpass(prompt, stream)
Warning: Password input may be echoed.
Private key passphrase:EOFError: 
[2026-04-02 14:32:47] [Lazarus] Start command failed (rc=1). Retrying in 30s...
[2026-04-02 14:32:47] [Lazarus] OCI response: /usr/local/Cellar/python@3.14/3.14.3_1/Frameworks/Python.framework/Versions/3.14/lib/python3.14/getpass.py:99: GetPassWarning: Can not control echo on the terminal.
  passwd = fallback_getpass(prompt, stream)
Warning: Password input may be echoed.
Private key passphrase:EOFError: 
[2026-04-02 14:33:19] [Lazarus] Check state #74: unknown
[2026-04-02 14:33:19] [Lazarus] START attempt #74 for ocid1.instance.oc1.ap-singapore-1.anzwsljrjnctqdycjnedjgrwqodx3amfb7bf6vinqc5faebrftwmdzgi7nga
/usr/local/Cellar/python@3.14/3.14.3_1/Frameworks/Python.framework/Versions/3.14/lib/python3.14/getpass.py:99: GetPassWarning: Can not control echo on the terminal.
  passwd = fallback_getpass(prompt, stream)
Warning: Password input may be echoed.
Private key passphrase:EOFError: 
[2026-04-02 14:33:20] [Lazarus] Start command failed (rc=1). Retrying in 30s...
[2026-04-02 14:33:20] [Lazarus] OCI response: /usr/local/Cellar/python@3.14/3.14.3_1/Frameworks/Python.framework/Versions/3.14/lib/python3.14/getpass.py:99: GetPassWarning: Can not control echo on the terminal.
  passwd = fallback_getpass(prompt, stream)
Warning: Password input may be echoed.
Private key passphrase:EOFError: 
[2026-04-02 14:33:53] [Lazarus] Check state #75: unknown
[2026-04-02 14:33:53] [Lazarus] START attempt #75 for ocid1.instance.oc1.ap-singapore-1.anzwsljrjnctqdycjnedjgrwqodx3amfb7bf6vinqc5faebrftwmdzgi7nga
/usr/local/Cellar/python@3.14/3.14.3_1/Frameworks/Python.framework/Versions/3.14/lib/python3.14/getpass.py:99: GetPassWarning: Can not control echo on the terminal.
  passwd = fallback_getpass(prompt, stream)
Warning: Password input may be echoed.
Private key passphrase:EOFError: 
[2026-04-02 14:33:54] [Lazarus] Start command failed (rc=1). Retrying in 30s...
[2026-04-02 14:33:54] [Lazarus] OCI response: /usr/local/Cellar/python@3.14/3.14.3_1/Frameworks/Python.framework/Versions/3.14/lib/python3.14/getpass.py:99: GetPassWarning: Can not control echo on the terminal.
  passwd = fallback_getpass(prompt, stream)
Warning: Password input may be echoed.
Private key passphrase:EOFError: 
[2026-04-02 14:34:28] [Lazarus] Check state #76: unknown
[2026-04-02 14:34:28] [Lazarus] START attempt #76 for ocid1.instance.oc1.ap-singapore-1.anzwsljrjnctqdycjnedjgrwqodx3amfb7bf6vinqc5faebrftwmdzgi7nga
/usr/local/Cellar/python@3.14/3.14.3_1/Frameworks/Python.framework/Versions/3.14/lib/python3.14/getpass.py:99: GetPassWarning: Can not control echo on the terminal.
  passwd = fallback_getpass(prompt, stream)
Warning: Password input may be echoed.
Private key passphrase:EOFError: 
[2026-04-02 14:34:30] [Lazarus] Start command failed (rc=1). Retrying in 30s...
[2026-04-02 14:34:30] [Lazarus] OCI response: /usr/local/Cellar/python@3.14/3.14.3_1/Frameworks/Python.framework/Versions/3.14/lib/python3.14/getpass.py:99: GetPassWarning: Can not control echo on the terminal.
  passwd = fallback_getpass(prompt, stream)
Warning: Password input may be echoed.
Private key passphrase:EOFError: 
[2026-04-02 14:35:02] [Lazarus] Check state #77: unknown
[2026-04-02 14:35:02] [Lazarus] START attempt #77 for ocid1.instance.oc1.ap-singapore-1.anzwsljrjnctqdycjnedjgrwqodx3amfb7bf6vinqc5faebrftwmdzgi7nga
/usr/local/Cellar/python@3.14/3.14.3_1/Frameworks/Python.framework/Versions/3.14/lib/python3.14/getpass.py:99: GetPassWarning: Can not control echo on the terminal.
  passwd = fallback_getpass(prompt, stream)
Warning: Password input may be echoed.
Private key passphrase:EOFError: 
[2026-04-02 14:35:03] [Lazarus] Start command failed (rc=1). Retrying in 30s...
[2026-04-02 14:35:03] [Lazarus] OCI response: /usr/local/Cellar/python@3.14/3.14.3_1/Frameworks/Python.framework/Versions/3.14/lib/python3.14/getpass.py:99: GetPassWarning: Can not control echo on the terminal.
  passwd = fallback_getpass(prompt, stream)
Warning: Password input may be echoed.
Private key passphrase:EOFError: 
[2026-04-02 14:35:36] [Lazarus] Check state #78: unknown
[2026-04-02 14:35:37] [Lazarus] START attempt #78 for ocid1.instance.oc1.ap-singapore-1.anzwsljrjnctqdycjnedjgrwqodx3amfb7bf6vinqc5faebrftwmdzgi7nga
/usr/local/Cellar/python@3.14/3.14.3_1/Frameworks/Python.framework/Versions/3.14/lib/python3.14/getpass.py:99: GetPassWarning: Can not control echo on the terminal.
  passwd = fallback_getpass(prompt, stream)
Warning: Password input may be echoed.
Private key passphrase:EOFError: 
[2026-04-02 14:35:39] [Lazarus] Start command failed (rc=1). Retrying in 30s...
[2026-04-02 14:35:39] [Lazarus] OCI response: /usr/local/Cellar/python@3.14/3.14.3_1/Frameworks/Python.framework/Versions/3.14/lib/python3.14/getpass.py:99: GetPassWarning: Can not control echo on the terminal.
  passwd = fallback_getpass(prompt, stream)
Warning: Password input may be echoed.
Private key passphrase:EOFError: 
[2026-04-02 14:36:11] [Lazarus] Check state #79: unknown
[2026-04-02 14:36:11] [Lazarus] START attempt #79 for ocid1.instance.oc1.ap-singapore-1.anzwsljrjnctqdycjnedjgrwqodx3amfb7bf6vinqc5faebrftwmdzgi7nga
/usr/local/Cellar/python@3.14/3.14.3_1/Frameworks/Python.framework/Versions/3.14/lib/python3.14/getpass.py:99: GetPassWarning: Can not control echo on the terminal.
  passwd = fallback_getpass(prompt, stream)
Warning: Password input may be echoed.
Private key passphrase:EOFError: 
[2026-04-02 14:36:12] [Lazarus] Start command failed (rc=1). Retrying in 30s...
[2026-04-02 14:36:12] [Lazarus] OCI response: /usr/local/Cellar/python@3.14/3.14.3_1/Frameworks/Python.framework/Versions/3.14/lib/python3.14/getpass.py:99: GetPassWarning: Can not control echo on the terminal.
  passwd = fallback_getpass(prompt, stream)
Warning: Password input may be echoed.
Private key passphrase:EOFError: 
[2026-04-02 14:36:43] [Lazarus] Check state #80: unknown
[2026-04-02 14:36:43] [Lazarus] START attempt #80 for ocid1.instance.oc1.ap-singapore-1.anzwsljrjnctqdycjnedjgrwqodx3amfb7bf6vinqc5faebrftwmdzgi7nga
/usr/local/Cellar/python@3.14/3.14.3_1/Frameworks/Python.framework/Versions/3.14/lib/python3.14/getpass.py:99: GetPassWarning: Can not control echo on the terminal.
  passwd = fallback_getpass(prompt, stream)
Warning: Password input may be echoed.
Private key passphrase:EOFError: 
[2026-04-02 14:36:45] [Lazarus] Start command failed (rc=1). Retrying in 30s...
[2026-04-02 14:36:45] [Lazarus] OCI response: /usr/local/Cellar/python@3.14/3.14.3_1/Frameworks/Python.framework/Versions/3.14/lib/python3.14/getpass.py:99: GetPassWarning: Can not control echo on the terminal.
  passwd = fallback_getpass(prompt, stream)
Warning: Password input may be echoed.
Private key passphrase:EOFError: 
[2026-04-02 14:37:16] [Lazarus] Check state #81: unknown
[2026-04-02 14:37:16] [Lazarus] START attempt #81 for ocid1.instance.oc1.ap-singapore-1.anzwsljrjnctqdycjnedjgrwqodx3amfb7bf6vinqc5faebrftwmdzgi7nga
/usr/local/Cellar/python@3.14/3.14.3_1/Frameworks/Python.framework/Versions/3.14/lib/python3.14/getpass.py:99: GetPassWarning: Can not control echo on the terminal.
  passwd = fallback_getpass(prompt, stream)
Warning: Password input may be echoed.
Private key passphrase:EOFError: 
[2026-04-02 14:37:17] [Lazarus] Start command failed (rc=1). Retrying in 30s...
[2026-04-02 14:37:17] [Lazarus] OCI response: /usr/local/Cellar/python@3.14/3.14.3_1/Frameworks/Python.framework/Versions/3.14/lib/python3.14/getpass.py:99: GetPassWarning: Can not control echo on the terminal.
  passwd = fallback_getpass(prompt, stream)
Warning: Password input may be echoed.
Private key passphrase:EOFError: 
[2026-04-02 14:37:48] [Lazarus] Check state #82: unknown
[2026-04-02 14:37:48] [Lazarus] START attempt #82 for ocid1.instance.oc1.ap-singapore-1.anzwsljrjnctqdycjnedjgrwqodx3amfb7bf6vinqc5faebrftwmdzgi7nga
/usr/local/Cellar/python@3.14/3.14.3_1/Frameworks/Python.framework/Versions/3.14/lib/python3.14/getpass.py:99: GetPassWarning: Can not control echo on the terminal.
  passwd = fallback_getpass(prompt, stream)
Warning: Password input may be echoed.
Private key passphrase:EOFError: 
[2026-04-02 14:37:50] [Lazarus] Start command failed (rc=1). Retrying in 30s...
[2026-04-02 14:37:50] [Lazarus] OCI response: /usr/local/Cellar/python@3.14/3.14.3_1/Frameworks/Python.framework/Versions/3.14/lib/python3.14/getpass.py:99: GetPassWarning: Can not control echo on the terminal.
  passwd = fallback_getpass(prompt, stream)
Warning: Password input may be echoed.
Private key passphrase:EOFError: 
[2026-04-02 14:38:24] [Lazarus] Check state #83: unknown
[2026-04-02 14:38:24] [Lazarus] START attempt #83 for ocid1.instance.oc1.ap-singapore-1.anzwsljrjnctqdycjnedjgrwqodx3amfb7bf6vinqc5faebrftwmdzgi7nga
/usr/local/Cellar/python@3.14/3.14.3_1/Frameworks/Python.framework/Versions/3.14/lib/python3.14/getpass.py:99: GetPassWarning: Can not control echo on the terminal.
  passwd = fallback_getpass(prompt, stream)
Warning: Password input may be echoed.
Private key passphrase:EOFError: 
[2026-04-02 14:38:27] [Lazarus] Start command failed (rc=1). Retrying in 30s...
[2026-04-02 14:38:27] [Lazarus] OCI response: /usr/local/Cellar/python@3.14/3.14.3_1/Frameworks/Python.framework/Versions/3.14/lib/python3.14/getpass.py:99: GetPassWarning: Can not control echo on the terminal.
  passwd = fallback_getpass(prompt, stream)
Warning: Password input may be echoed.
Private key passphrase:EOFError: 
[2026-04-02 14:39:03] [Lazarus] Check state #84: unknown
[2026-04-02 14:39:03] [Lazarus] START attempt #84 for ocid1.instance.oc1.ap-singapore-1.anzwsljrjnctqdycjnedjgrwqodx3amfb7bf6vinqc5faebrftwmdzgi7nga
/usr/local/Cellar/python@3.14/3.14.3_1/Frameworks/Python.framework/Versions/3.14/lib/python3.14/getpass.py:99: GetPassWarning: Can not control echo on the terminal.
  passwd = fallback_getpass(prompt, stream)
Warning: Password input may be echoed.
Private key passphrase:EOFError: 
[2026-04-02 14:39:06] [Lazarus] Start command failed (rc=1). Retrying in 30s...
[2026-04-02 14:39:06] [Lazarus] OCI response: /usr/local/Cellar/python@3.14/3.14.3_1/Frameworks/Python.framework/Versions/3.14/lib/python3.14/getpass.py:99: GetPassWarning: Can not control echo on the terminal.
  passwd = fallback_getpass(prompt, stream)
Warning: Password input may be echoed.
Private key passphrase:EOFError: 
[2026-04-02 14:39:38] [Lazarus] Check state #85: unknown
[2026-04-02 14:39:38] [Lazarus] START attempt #85 for ocid1.instance.oc1.ap-singapore-1.anzwsljrjnctqdycjnedjgrwqodx3amfb7bf6vinqc5faebrftwmdzgi7nga
/usr/local/Cellar/python@3.14/3.14.3_1/Frameworks/Python.framework/Versions/3.14/lib/python3.14/getpass.py:99: GetPassWarning: Can not control echo on the terminal.
  passwd = fallback_getpass(prompt, stream)
Warning: Password input may be echoed.
Private key passphrase:EOFError: 
[2026-04-02 14:39:40] [Lazarus] Start command failed (rc=1). Retrying in 30s...
[2026-04-02 14:39:40] [Lazarus] OCI response: /usr/local/Cellar/python@3.14/3.14.3_1/Frameworks/Python.framework/Versions/3.14/lib/python3.14/getpass.py:99: GetPassWarning: Can not control echo on the terminal.
  passwd = fallback_getpass(prompt, stream)
Warning: Password input may be echoed.
Private key passphrase:EOFError: 
[2026-04-02 14:40:12] [Lazarus] Check state #86: unknown
[2026-04-02 14:40:12] [Lazarus] START attempt #86 for ocid1.instance.oc1.ap-singapore-1.anzwsljrjnctqdycjnedjgrwqodx3amfb7bf6vinqc5faebrftwmdzgi7nga
/usr/local/Cellar/python@3.14/3.14.3_1/Frameworks/Python.framework/Versions/3.14/lib/python3.14/getpass.py:99: GetPassWarning: Can not control echo on the terminal.
  passwd = fallback_getpass(prompt, stream)
Warning: Password input may be echoed.
Private key passphrase:EOFError: 
[2026-04-02 14:40:13] [Lazarus] Start command failed (rc=1). Retrying in 30s...
[2026-04-02 14:40:13] [Lazarus] OCI response: /usr/local/Cellar/python@3.14/3.14.3_1/Frameworks/Python.framework/Versions/3.14/lib/python3.14/getpass.py:99: GetPassWarning: Can not control echo on the terminal.
  passwd = fallback_getpass(prompt, stream)
Warning: Password input may be echoed.
Private key passphrase:EOFError: 
[2026-04-02 14:40:45] [Lazarus] Check state #87: unknown
[2026-04-02 14:40:45] [Lazarus] START attempt #87 for ocid1.instance.oc1.ap-singapore-1.anzwsljrjnctqdycjnedjgrwqodx3amfb7bf6vinqc5faebrftwmdzgi7nga
/usr/local/Cellar/python@3.14/3.14.3_1/Frameworks/Python.framework/Versions/3.14/lib/python3.14/getpass.py:99: GetPassWarning: Can not control echo on the terminal.
  passwd = fallback_getpass(prompt, stream)
Warning: Password input may be echoed.
Private key passphrase:EOFError: 
[2026-04-02 14:40:47] [Lazarus] Start command failed (rc=1). Retrying in 30s...
[2026-04-02 14:40:47] [Lazarus] OCI response: /usr/local/Cellar/python@3.14/3.14.3_1/Frameworks/Python.framework/Versions/3.14/lib/python3.14/getpass.py:99: GetPassWarning: Can not control echo on the terminal.
  passwd = fallback_getpass(prompt, stream)
Warning: Password input may be echoed.
Private key passphrase:EOFError: 
[2026-04-02 14:41:19] [Lazarus] Check state #88: unknown
[2026-04-02 14:41:19] [Lazarus] START attempt #88 for ocid1.instance.oc1.ap-singapore-1.anzwsljrjnctqdycjnedjgrwqodx3amfb7bf6vinqc5faebrftwmdzgi7nga
/usr/local/Cellar/python@3.14/3.14.3_1/Frameworks/Python.framework/Versions/3.14/lib/python3.14/getpass.py:99: GetPassWarning: Can not control echo on the terminal.
  passwd = fallback_getpass(prompt, stream)
Warning: Password input may be echoed.
Private key passphrase:EOFError: 
[2026-04-02 14:41:20] [Lazarus] Start command failed (rc=1). Retrying in 30s...
[2026-04-02 14:41:20] [Lazarus] OCI response: /usr/local/Cellar/python@3.14/3.14.3_1/Frameworks/Python.framework/Versions/3.14/lib/python3.14/getpass.py:99: GetPassWarning: Can not control echo on the terminal.
  passwd = fallback_getpass(prompt, stream)
Warning: Password input may be echoed.
Private key passphrase:EOFError: 
[2026-04-02 14:41:52] [Lazarus] Check state #89: unknown
[2026-04-02 14:41:52] [Lazarus] START attempt #89 for ocid1.instance.oc1.ap-singapore-1.anzwsljrjnctqdycjnedjgrwqodx3amfb7bf6vinqc5faebrftwmdzgi7nga
/usr/local/Cellar/python@3.14/3.14.3_1/Frameworks/Python.framework/Versions/3.14/lib/python3.14/getpass.py:99: GetPassWarning: Can not control echo on the terminal.
  passwd = fallback_getpass(prompt, stream)
Warning: Password input may be echoed.
Private key passphrase:EOFError: 
[2026-04-02 14:41:54] [Lazarus] Start command failed (rc=1). Retrying in 30s...
[2026-04-02 14:41:54] [Lazarus] OCI response: /usr/local/Cellar/python@3.14/3.14.3_1/Frameworks/Python.framework/Versions/3.14/lib/python3.14/getpass.py:99: GetPassWarning: Can not control echo on the terminal.
  passwd = fallback_getpass(prompt, stream)
Warning: Password input may be echoed.
Private key passphrase:EOFError: 
[2026-04-02 14:42:26] [Lazarus] Check state #90: unknown
[2026-04-02 14:42:26] [Lazarus] START attempt #90 for ocid1.instance.oc1.ap-singapore-1.anzwsljrjnctqdycjnedjgrwqodx3amfb7bf6vinqc5faebrftwmdzgi7nga
/usr/local/Cellar/python@3.14/3.14.3_1/Frameworks/Python.framework/Versions/3.14/lib/python3.14/getpass.py:99: GetPassWarning: Can not control echo on the terminal.
  passwd = fallback_getpass(prompt, stream)
Warning: Password input may be echoed.
Private key passphrase:EOFError: 
[2026-04-02 14:42:27] [Lazarus] Start command failed (rc=1). Retrying in 30s...
[2026-04-02 14:42:27] [Lazarus] OCI response: /usr/local/Cellar/python@3.14/3.14.3_1/Frameworks/Python.framework/Versions/3.14/lib/python3.14/getpass.py:99: GetPassWarning: Can not control echo on the terminal.
  passwd = fallback_getpass(prompt, stream)
Warning: Password input may be echoed.
Private key passphrase:EOFError: 
[2026-04-02 14:42:59] [Lazarus] Check state #91: unknown
[2026-04-02 14:42:59] [Lazarus] START attempt #91 for ocid1.instance.oc1.ap-singapore-1.anzwsljrjnctqdycjnedjgrwqodx3amfb7bf6vinqc5faebrftwmdzgi7nga
/usr/local/Cellar/python@3.14/3.14.3_1/Frameworks/Python.framework/Versions/3.14/lib/python3.14/getpass.py:99: GetPassWarning: Can not control echo on the terminal.
  passwd = fallback_getpass(prompt, stream)
Warning: Password input may be echoed.
Private key passphrase:EOFError: 
[2026-04-02 14:43:01] [Lazarus] Start command failed (rc=1). Retrying in 30s...
[2026-04-02 14:43:01] [Lazarus] OCI response: /usr/local/Cellar/python@3.14/3.14.3_1/Frameworks/Python.framework/Versions/3.14/lib/python3.14/getpass.py:99: GetPassWarning: Can not control echo on the terminal.
  passwd = fallback_getpass(prompt, stream)
Warning: Password input may be echoed.
Private key passphrase:EOFError: 
[2026-04-02 14:43:33] [Lazarus] Check state #92: unknown
[2026-04-02 14:43:33] [Lazarus] START attempt #92 for ocid1.instance.oc1.ap-singapore-1.anzwsljrjnctqdycjnedjgrwqodx3amfb7bf6vinqc5faebrftwmdzgi7nga
/usr/local/Cellar/python@3.14/3.14.3_1/Frameworks/Python.framework/Versions/3.14/lib/python3.14/getpass.py:99: GetPassWarning: Can not control echo on the terminal.
  passwd = fallback_getpass(prompt, stream)
Warning: Password input may be echoed.
Private key passphrase:EOFError: 
[2026-04-02 14:43:35] [Lazarus] Start command failed (rc=1). Retrying in 30s...
[2026-04-02 14:43:35] [Lazarus] OCI response: /usr/local/Cellar/python@3.14/3.14.3_1/Frameworks/Python.framework/Versions/3.14/lib/python3.14/getpass.py:99: GetPassWarning: Can not control echo on the terminal.
  passwd = fallback_getpass(prompt, stream)
Warning: Password input may be echoed.
Private key passphrase:EOFError: 
[2026-04-02 14:44:07] [Lazarus] Check state #93: unknown
[2026-04-02 14:44:07] [Lazarus] START attempt #93 for ocid1.instance.oc1.ap-singapore-1.anzwsljrjnctqdycjnedjgrwqodx3amfb7bf6vinqc5faebrftwmdzgi7nga
/usr/local/Cellar/python@3.14/3.14.3_1/Frameworks/Python.framework/Versions/3.14/lib/python3.14/getpass.py:99: GetPassWarning: Can not control echo on the terminal.
  passwd = fallback_getpass(prompt, stream)
Warning: Password input may be echoed.
Private key passphrase:EOFError: 
[2026-04-02 14:44:09] [Lazarus] Start command failed (rc=1). Retrying in 30s...
[2026-04-02 14:44:09] [Lazarus] OCI response: /usr/local/Cellar/python@3.14/3.14.3_1/Frameworks/Python.framework/Versions/3.14/lib/python3.14/getpass.py:99: GetPassWarning: Can not control echo on the terminal.
  passwd = fallback_getpass(prompt, stream)
Warning: Password input may be echoed.
Private key passphrase:EOFError: 
[2026-04-02 14:44:41] [Lazarus] Check state #94: unknown
[2026-04-02 14:44:41] [Lazarus] START attempt #94 for ocid1.instance.oc1.ap-singapore-1.anzwsljrjnctqdycjnedjgrwqodx3amfb7bf6vinqc5faebrftwmdzgi7nga
/usr/local/Cellar/python@3.14/3.14.3_1/Frameworks/Python.framework/Versions/3.14/lib/python3.14/getpass.py:99: GetPassWarning: Can not control echo on the terminal.
  passwd = fallback_getpass(prompt, stream)
Warning: Password input may be echoed.
Private key passphrase:EOFError: 
[2026-04-02 14:44:43] [Lazarus] Start command failed (rc=1). Retrying in 30s...
[2026-04-02 14:44:43] [Lazarus] OCI response: /usr/local/Cellar/python@3.14/3.14.3_1/Frameworks/Python.framework/Versions/3.14/lib/python3.14/getpass.py:99: GetPassWarning: Can not control echo on the terminal.
  passwd = fallback_getpass(prompt, stream)
Warning: Password input may be echoed.
Private key passphrase:EOFError: 
[2026-04-02 14:45:14] [Lazarus] Check state #95: unknown
[2026-04-02 14:45:14] [Lazarus] START attempt #95 for ocid1.instance.oc1.ap-singapore-1.anzwsljrjnctqdycjnedjgrwqodx3amfb7bf6vinqc5faebrftwmdzgi7nga
/usr/local/Cellar/python@3.14/3.14.3_1/Frameworks/Python.framework/Versions/3.14/lib/python3.14/getpass.py:99: GetPassWarning: Can not control echo on the terminal.
  passwd = fallback_getpass(prompt, stream)
Warning: Password input may be echoed.
Private key passphrase:EOFError: 
[2026-04-02 14:45:16] [Lazarus] Start command failed (rc=1). Retrying in 30s...
[2026-04-02 14:45:16] [Lazarus] OCI response: /usr/local/Cellar/python@3.14/3.14.3_1/Frameworks/Python.framework/Versions/3.14/lib/python3.14/getpass.py:99: GetPassWarning: Can not control echo on the terminal.
  passwd = fallback_getpass(prompt, stream)
Warning: Password input may be echoed.
Private key passphrase:EOFError: 
[2026-04-02 14:45:48] [Lazarus] Check state #96: unknown
[2026-04-02 14:45:48] [Lazarus] START attempt #96 for ocid1.instance.oc1.ap-singapore-1.anzwsljrjnctqdycjnedjgrwqodx3amfb7bf6vinqc5faebrftwmdzgi7nga
/usr/local/Cellar/python@3.14/3.14.3_1/Frameworks/Python.framework/Versions/3.14/lib/python3.14/getpass.py:99: GetPassWarning: Can not control echo on the terminal.
  passwd = fallback_getpass(prompt, stream)
Warning: Password input may be echoed.
Private key passphrase:EOFError: 
[2026-04-02 14:45:50] [Lazarus] Start command failed (rc=1). Retrying in 30s...
[2026-04-02 14:45:50] [Lazarus] OCI response: /usr/local/Cellar/python@3.14/3.14.3_1/Frameworks/Python.framework/Versions/3.14/lib/python3.14/getpass.py:99: GetPassWarning: Can not control echo on the terminal.
  passwd = fallback_getpass(prompt, stream)
Warning: Password input may be echoed.
Private key passphrase:EOFError: 
[2026-04-02 14:46:22] [Lazarus] Check state #97: unknown
[2026-04-02 14:46:22] [Lazarus] START attempt #97 for ocid1.instance.oc1.ap-singapore-1.anzwsljrjnctqdycjnedjgrwqodx3amfb7bf6vinqc5faebrftwmdzgi7nga
/usr/local/Cellar/python@3.14/3.14.3_1/Frameworks/Python.framework/Versions/3.14/lib/python3.14/getpass.py:99: GetPassWarning: Can not control echo on the terminal.
  passwd = fallback_getpass(prompt, stream)
Warning: Password input may be echoed.
Private key passphrase:EOFError: 
[2026-04-02 14:46:24] [Lazarus] Start command failed (rc=1). Retrying in 30s...
[2026-04-02 14:46:24] [Lazarus] OCI response: /usr/local/Cellar/python@3.14/3.14.3_1/Frameworks/Python.framework/Versions/3.14/lib/python3.14/getpass.py:99: GetPassWarning: Can not control echo on the terminal.
  passwd = fallback_getpass(prompt, stream)
Warning: Password input may be echoed.
Private key passphrase:EOFError: 
[2026-04-02 14:46:56] [Lazarus] Check state #98: unknown
[2026-04-02 14:46:56] [Lazarus] START attempt #98 for ocid1.instance.oc1.ap-singapore-1.anzwsljrjnctqdycjnedjgrwqodx3amfb7bf6vinqc5faebrftwmdzgi7nga
/usr/local/Cellar/python@3.14/3.14.3_1/Frameworks/Python.framework/Versions/3.14/lib/python3.14/getpass.py:99: GetPassWarning: Can not control echo on the terminal.
  passwd = fallback_getpass(prompt, stream)
Warning: Password input may be echoed.
Private key passphrase:EOFError: 
[2026-04-02 14:46:58] [Lazarus] Start command failed (rc=1). Retrying in 30s...
[2026-04-02 14:46:58] [Lazarus] OCI response: /usr/local/Cellar/python@3.14/3.14.3_1/Frameworks/Python.framework/Versions/3.14/lib/python3.14/getpass.py:99: GetPassWarning: Can not control echo on the terminal.
  passwd = fallback_getpass(prompt, stream)
Warning: Password input may be echoed.
Private key passphrase:EOFError: 
[2026-04-02 14:47:30] [Lazarus] Check state #99: unknown
[2026-04-02 14:47:30] [Lazarus] START attempt #99 for ocid1.instance.oc1.ap-singapore-1.anzwsljrjnctqdycjnedjgrwqodx3amfb7bf6vinqc5faebrftwmdzgi7nga
/usr/local/Cellar/python@3.14/3.14.3_1/Frameworks/Python.framework/Versions/3.14/lib/python3.14/getpass.py:99: GetPassWarning: Can not control echo on the terminal.
  passwd = fallback_getpass(prompt, stream)
Warning: Password input may be echoed.
Private key passphrase:EOFError: 
[2026-04-02 14:47:32] [Lazarus] Start command failed (rc=1). Retrying in 30s...
[2026-04-02 14:47:32] [Lazarus] OCI response: /usr/local/Cellar/python@3.14/3.14.3_1/Frameworks/Python.framework/Versions/3.14/lib/python3.14/getpass.py:99: GetPassWarning: Can not control echo on the terminal.
  passwd = fallback_getpass(prompt, stream)
Warning: Password input may be echoed.
Private key passphrase:EOFError: 
[2026-04-02 14:48:04] [Lazarus] Check state #100: unknown
[2026-04-02 14:48:04] [Lazarus] START attempt #100 for ocid1.instance.oc1.ap-singapore-1.anzwsljrjnctqdycjnedjgrwqodx3amfb7bf6vinqc5faebrftwmdzgi7nga
/usr/local/Cellar/python@3.14/3.14.3_1/Frameworks/Python.framework/Versions/3.14/lib/python3.14/getpass.py:99: GetPassWarning: Can not control echo on the terminal.
  passwd = fallback_getpass(prompt, stream)
Warning: Password input may be echoed.
Private key passphrase:EOFError: 
[2026-04-02 14:48:06] [Lazarus] Start command failed (rc=1). Retrying in 30s...
[2026-04-02 14:48:06] [Lazarus] OCI response: /usr/local/Cellar/python@3.14/3.14.3_1/Frameworks/Python.framework/Versions/3.14/lib/python3.14/getpass.py:99: GetPassWarning: Can not control echo on the terminal.
  passwd = fallback_getpass(prompt, stream)
Warning: Password input may be echoed.
Private key passphrase:EOFError: 
[2026-04-02 14:48:37] [Lazarus] Check state #101: unknown
[2026-04-02 14:48:37] [Lazarus] START attempt #101 for ocid1.instance.oc1.ap-singapore-1.anzwsljrjnctqdycjnedjgrwqodx3amfb7bf6vinqc5faebrftwmdzgi7nga
/usr/local/Cellar/python@3.14/3.14.3_1/Frameworks/Python.framework/Versions/3.14/lib/python3.14/getpass.py:99: GetPassWarning: Can not control echo on the terminal.
  passwd = fallback_getpass(prompt, stream)
Warning: Password input may be echoed.
Private key passphrase:EOFError: 
[2026-04-02 14:48:38] [Lazarus] Start command failed (rc=1). Retrying in 30s...
[2026-04-02 14:48:38] [Lazarus] OCI response: /usr/local/Cellar/python@3.14/3.14.3_1/Frameworks/Python.framework/Versions/3.14/lib/python3.14/getpass.py:99: GetPassWarning: Can not control echo on the terminal.
  passwd = fallback_getpass(prompt, stream)
Warning: Password input may be echoed.
Private key passphrase:EOFError: 
[2026-04-02 14:49:10] [Lazarus] Check state #102: unknown
[2026-04-02 14:49:10] [Lazarus] START attempt #102 for ocid1.instance.oc1.ap-singapore-1.anzwsljrjnctqdycjnedjgrwqodx3amfb7bf6vinqc5faebrftwmdzgi7nga
/usr/local/Cellar/python@3.14/3.14.3_1/Frameworks/Python.framework/Versions/3.14/lib/python3.14/getpass.py:99: GetPassWarning: Can not control echo on the terminal.
  passwd = fallback_getpass(prompt, stream)
Warning: Password input may be echoed.
Private key passphrase:EOFError: 
[2026-04-02 14:49:11] [Lazarus] Start command failed (rc=1). Retrying in 30s...
[2026-04-02 14:49:11] [Lazarus] OCI response: /usr/local/Cellar/python@3.14/3.14.3_1/Frameworks/Python.framework/Versions/3.14/lib/python3.14/getpass.py:99: GetPassWarning: Can not control echo on the terminal.
  passwd = fallback_getpass(prompt, stream)
Warning: Password input may be echoed.
Private key passphrase:EOFError: 
[2026-04-02 14:49:43] [Lazarus] Check state #103: unknown
[2026-04-02 14:49:43] [Lazarus] START attempt #103 for ocid1.instance.oc1.ap-singapore-1.anzwsljrjnctqdycjnedjgrwqodx3amfb7bf6vinqc5faebrftwmdzgi7nga
/usr/local/Cellar/python@3.14/3.14.3_1/Frameworks/Python.framework/Versions/3.14/lib/python3.14/getpass.py:99: GetPassWarning: Can not control echo on the terminal.
  passwd = fallback_getpass(prompt, stream)
Warning: Password input may be echoed.
Private key passphrase:EOFError: 
[2026-04-02 14:49:44] [Lazarus] Start command failed (rc=1). Retrying in 30s...
[2026-04-02 14:49:44] [Lazarus] OCI response: /usr/local/Cellar/python@3.14/3.14.3_1/Frameworks/Python.framework/Versions/3.14/lib/python3.14/getpass.py:99: GetPassWarning: Can not control echo on the terminal.
  passwd = fallback_getpass(prompt, stream)
Warning: Password input may be echoed.
Private key passphrase:EOFError: 
[2026-04-02 14:50:16] [Lazarus] Check state #104: unknown
[2026-04-02 14:50:16] [Lazarus] START attempt #104 for ocid1.instance.oc1.ap-singapore-1.anzwsljrjnctqdycjnedjgrwqodx3amfb7bf6vinqc5faebrftwmdzgi7nga
/usr/local/Cellar/python@3.14/3.14.3_1/Frameworks/Python.framework/Versions/3.14/lib/python3.14/getpass.py:99: GetPassWarning: Can not control echo on the terminal.
  passwd = fallback_getpass(prompt, stream)
Warning: Password input may be echoed.
Private key passphrase:EOFError: 
[2026-04-02 14:50:17] [Lazarus] Start command failed (rc=1). Retrying in 30s...
[2026-04-02 14:50:17] [Lazarus] OCI response: /usr/local/Cellar/python@3.14/3.14.3_1/Frameworks/Python.framework/Versions/3.14/lib/python3.14/getpass.py:99: GetPassWarning: Can not control echo on the terminal.
  passwd = fallback_getpass(prompt, stream)
Warning: Password input may be echoed.
Private key passphrase:EOFError: 
[2026-04-02 14:50:48] [Lazarus] Check state #105: unknown
[2026-04-02 14:50:48] [Lazarus] START attempt #105 for ocid1.instance.oc1.ap-singapore-1.anzwsljrjnctqdycjnedjgrwqodx3amfb7bf6vinqc5faebrftwmdzgi7nga
/usr/local/Cellar/python@3.14/3.14.3_1/Frameworks/Python.framework/Versions/3.14/lib/python3.14/getpass.py:99: GetPassWarning: Can not control echo on the terminal.
  passwd = fallback_getpass(prompt, stream)
Warning: Password input may be echoed.
Private key passphrase:EOFError: 
[2026-04-02 14:50:50] [Lazarus] Start command failed (rc=1). Retrying in 30s...
[2026-04-02 14:50:50] [Lazarus] OCI response: /usr/local/Cellar/python@3.14/3.14.3_1/Frameworks/Python.framework/Versions/3.14/lib/python3.14/getpass.py:99: GetPassWarning: Can not control echo on the terminal.
  passwd = fallback_getpass(prompt, stream)
Warning: Password input may be echoed.
Private key passphrase:EOFError: 
[2026-04-02 14:51:21] [Lazarus] Check state #106: unknown
[2026-04-02 14:51:21] [Lazarus] START attempt #106 for ocid1.instance.oc1.ap-singapore-1.anzwsljrjnctqdycjnedjgrwqodx3amfb7bf6vinqc5faebrftwmdzgi7nga
/usr/local/Cellar/python@3.14/3.14.3_1/Frameworks/Python.framework/Versions/3.14/lib/python3.14/getpass.py:99: GetPassWarning: Can not control echo on the terminal.
  passwd = fallback_getpass(prompt, stream)
Warning: Password input may be echoed.
Private key passphrase:EOFError: 
[2026-04-02 14:51:23] [Lazarus] Start command failed (rc=1). Retrying in 30s...
[2026-04-02 14:51:23] [Lazarus] OCI response: /usr/local/Cellar/python@3.14/3.14.3_1/Frameworks/Python.framework/Versions/3.14/lib/python3.14/getpass.py:99: GetPassWarning: Can not control echo on the terminal.
  passwd = fallback_getpass(prompt, stream)
Warning: Password input may be echoed.
Private key passphrase:EOFError: 
[2026-04-02 14:51:54] [Lazarus] Check state #107: unknown
[2026-04-02 14:51:54] [Lazarus] START attempt #107 for ocid1.instance.oc1.ap-singapore-1.anzwsljrjnctqdycjnedjgrwqodx3amfb7bf6vinqc5faebrftwmdzgi7nga
/usr/local/Cellar/python@3.14/3.14.3_1/Frameworks/Python.framework/Versions/3.14/lib/python3.14/getpass.py:99: GetPassWarning: Can not control echo on the terminal.
  passwd = fallback_getpass(prompt, stream)
Warning: Password input may be echoed.
Private key passphrase:EOFError: 
[2026-04-02 14:51:55] [Lazarus] Start command failed (rc=1). Retrying in 30s...
[2026-04-02 14:51:55] [Lazarus] OCI response: /usr/local/Cellar/python@3.14/3.14.3_1/Frameworks/Python.framework/Versions/3.14/lib/python3.14/getpass.py:99: GetPassWarning: Can not control echo on the terminal.
  passwd = fallback_getpass(prompt, stream)
Warning: Password input may be echoed.
Private key passphrase:EOFError: 
[2026-04-02 14:52:27] [Lazarus] Check state #108: unknown
[2026-04-02 14:52:27] [Lazarus] START attempt #108 for ocid1.instance.oc1.ap-singapore-1.anzwsljrjnctqdycjnedjgrwqodx3amfb7bf6vinqc5faebrftwmdzgi7nga
/usr/local/Cellar/python@3.14/3.14.3_1/Frameworks/Python.framework/Versions/3.14/lib/python3.14/getpass.py:99: GetPassWarning: Can not control echo on the terminal.
  passwd = fallback_getpass(prompt, stream)
Warning: Password input may be echoed.
Private key passphrase:EOFError: 
[2026-04-02 14:52:29] [Lazarus] Start command failed (rc=1). Retrying in 30s...
[2026-04-02 14:52:29] [Lazarus] OCI response: /usr/local/Cellar/python@3.14/3.14.3_1/Frameworks/Python.framework/Versions/3.14/lib/python3.14/getpass.py:99: GetPassWarning: Can not control echo on the terminal.
  passwd = fallback_getpass(prompt, stream)
Warning: Password input may be echoed.
Private key passphrase:EOFError: 
[2026-04-02 14:53:01] [Lazarus] Check state #109: unknown
[2026-04-02 14:53:01] [Lazarus] START attempt #109 for ocid1.instance.oc1.ap-singapore-1.anzwsljrjnctqdycjnedjgrwqodx3amfb7bf6vinqc5faebrftwmdzgi7nga
/usr/local/Cellar/python@3.14/3.14.3_1/Frameworks/Python.framework/Versions/3.14/lib/python3.14/getpass.py:99: GetPassWarning: Can not control echo on the terminal.
  passwd = fallback_getpass(prompt, stream)
Warning: Password input may be echoed.
Private key passphrase:EOFError: 
[2026-04-02 14:53:03] [Lazarus] Start command failed (rc=1). Retrying in 30s...
[2026-04-02 14:53:03] [Lazarus] OCI response: /usr/local/Cellar/python@3.14/3.14.3_1/Frameworks/Python.framework/Versions/3.14/lib/python3.14/getpass.py:99: GetPassWarning: Can not control echo on the terminal.
  passwd = fallback_getpass(prompt, stream)
Warning: Password input may be echoed.
Private key passphrase:EOFError: 
[2026-04-02 14:53:35] [Lazarus] Check state #110: unknown
[2026-04-02 14:53:35] [Lazarus] START attempt #110 for ocid1.instance.oc1.ap-singapore-1.anzwsljrjnctqdycjnedjgrwqodx3amfb7bf6vinqc5faebrftwmdzgi7nga
/usr/local/Cellar/python@3.14/3.14.3_1/Frameworks/Python.framework/Versions/3.14/lib/python3.14/getpass.py:99: GetPassWarning: Can not control echo on the terminal.
  passwd = fallback_getpass(prompt, stream)
Warning: Password input may be echoed.
Private key passphrase:EOFError: 
[2026-04-02 14:53:37] [Lazarus] Start command failed (rc=1). Retrying in 30s...
[2026-04-02 14:53:37] [Lazarus] OCI response: /usr/local/Cellar/python@3.14/3.14.3_1/Frameworks/Python.framework/Versions/3.14/lib/python3.14/getpass.py:99: GetPassWarning: Can not control echo on the terminal.
  passwd = fallback_getpass(prompt, stream)
Warning: Password input may be echoed.
Private key passphrase:EOFError: 
[2026-04-02 14:54:08] [Lazarus] Check state #111: unknown
[2026-04-02 14:54:08] [Lazarus] START attempt #111 for ocid1.instance.oc1.ap-singapore-1.anzwsljrjnctqdycjnedjgrwqodx3amfb7bf6vinqc5faebrftwmdzgi7nga
/usr/local/Cellar/python@3.14/3.14.3_1/Frameworks/Python.framework/Versions/3.14/lib/python3.14/getpass.py:99: GetPassWarning: Can not control echo on the terminal.
  passwd = fallback_getpass(prompt, stream)
Warning: Password input may be echoed.
Private key passphrase:EOFError: 
[2026-04-02 14:54:10] [Lazarus] Start command failed (rc=1). Retrying in 30s...
[2026-04-02 14:54:10] [Lazarus] OCI response: /usr/local/Cellar/python@3.14/3.14.3_1/Frameworks/Python.framework/Versions/3.14/lib/python3.14/getpass.py:99: GetPassWarning: Can not control echo on the terminal.
  passwd = fallback_getpass(prompt, stream)
Warning: Password input may be echoed.
Private key passphrase:EOFError: 
[2026-04-02 14:54:42] [Lazarus] Check state #112: unknown
[2026-04-02 14:54:42] [Lazarus] START attempt #112 for ocid1.instance.oc1.ap-singapore-1.anzwsljrjnctqdycjnedjgrwqodx3amfb7bf6vinqc5faebrftwmdzgi7nga
/usr/local/Cellar/python@3.14/3.14.3_1/Frameworks/Python.framework/Versions/3.14/lib/python3.14/getpass.py:99: GetPassWarning: Can not control echo on the terminal.
  passwd = fallback_getpass(prompt, stream)
Warning: Password input may be echoed.
Private key passphrase:EOFError: 
[2026-04-02 14:54:43] [Lazarus] Start command failed (rc=1). Retrying in 30s...
[2026-04-02 14:54:43] [Lazarus] OCI response: /usr/local/Cellar/python@3.14/3.14.3_1/Frameworks/Python.framework/Versions/3.14/lib/python3.14/getpass.py:99: GetPassWarning: Can not control echo on the terminal.
  passwd = fallback_getpass(prompt, stream)
Warning: Password input may be echoed.
Private key passphrase:EOFError: 
[2026-04-02 14:55:14] [Lazarus] Check state #113: unknown
[2026-04-02 14:55:14] [Lazarus] START attempt #113 for ocid1.instance.oc1.ap-singapore-1.anzwsljrjnctqdycjnedjgrwqodx3amfb7bf6vinqc5faebrftwmdzgi7nga
/usr/local/Cellar/python@3.14/3.14.3_1/Frameworks/Python.framework/Versions/3.14/lib/python3.14/getpass.py:99: GetPassWarning: Can not control echo on the terminal.
  passwd = fallback_getpass(prompt, stream)
Warning: Password input may be echoed.
Private key passphrase:EOFError: 
[2026-04-02 14:55:16] [Lazarus] Start command failed (rc=1). Retrying in 30s...
[2026-04-02 14:55:16] [Lazarus] OCI response: /usr/local/Cellar/python@3.14/3.14.3_1/Frameworks/Python.framework/Versions/3.14/lib/python3.14/getpass.py:99: GetPassWarning: Can not control echo on the terminal.
  passwd = fallback_getpass(prompt, stream)
Warning: Password input may be echoed.
Private key passphrase:EOFError: 
[2026-04-02 14:55:49] [Lazarus] Check state #114: unknown
[2026-04-02 14:55:49] [Lazarus] START attempt #114 for ocid1.instance.oc1.ap-singapore-1.anzwsljrjnctqdycjnedjgrwqodx3amfb7bf6vinqc5faebrftwmdzgi7nga
/usr/local/Cellar/python@3.14/3.14.3_1/Frameworks/Python.framework/Versions/3.14/lib/python3.14/getpass.py:99: GetPassWarning: Can not control echo on the terminal.
  passwd = fallback_getpass(prompt, stream)
Warning: Password input may be echoed.
Private key passphrase:EOFError: 
[2026-04-02 14:55:51] [Lazarus] Start command failed (rc=1). Retrying in 30s...
[2026-04-02 14:55:51] [Lazarus] OCI response: /usr/local/Cellar/python@3.14/3.14.3_1/Frameworks/Python.framework/Versions/3.14/lib/python3.14/getpass.py:99: GetPassWarning: Can not control echo on the terminal.
  passwd = fallback_getpass(prompt, stream)
Warning: Password input may be echoed.
Private key passphrase:EOFError: 
[2026-04-02 14:56:23] [Lazarus] Check state #115: unknown
[2026-04-02 14:56:23] [Lazarus] START attempt #115 for ocid1.instance.oc1.ap-singapore-1.anzwsljrjnctqdycjnedjgrwqodx3amfb7bf6vinqc5faebrftwmdzgi7nga
/usr/local/Cellar/python@3.14/3.14.3_1/Frameworks/Python.framework/Versions/3.14/lib/python3.14/getpass.py:99: GetPassWarning: Can not control echo on the terminal.
  passwd = fallback_getpass(prompt, stream)
Warning: Password input may be echoed.
Private key passphrase:EOFError: 
[2026-04-02 14:56:25] [Lazarus] Start command failed (rc=1). Retrying in 30s...
[2026-04-02 14:56:25] [Lazarus] OCI response: /usr/local/Cellar/python@3.14/3.14.3_1/Frameworks/Python.framework/Versions/3.14/lib/python3.14/getpass.py:99: GetPassWarning: Can not control echo on the terminal.
  passwd = fallback_getpass(prompt, stream)
Warning: Password input may be echoed.
Private key passphrase:EOFError: 
[2026-04-02 14:56:57] [Lazarus] Check state #116: unknown
[2026-04-02 14:56:57] [Lazarus] START attempt #116 for ocid1.instance.oc1.ap-singapore-1.anzwsljrjnctqdycjnedjgrwqodx3amfb7bf6vinqc5faebrftwmdzgi7nga
/usr/local/Cellar/python@3.14/3.14.3_1/Frameworks/Python.framework/Versions/3.14/lib/python3.14/getpass.py:99: GetPassWarning: Can not control echo on the terminal.
  passwd = fallback_getpass(prompt, stream)
Warning: Password input may be echoed.
Private key passphrase:EOFError: 
[2026-04-02 14:56:59] [Lazarus] Start command failed (rc=1). Retrying in 30s...
[2026-04-02 14:56:59] [Lazarus] OCI response: /usr/local/Cellar/python@3.14/3.14.3_1/Frameworks/Python.framework/Versions/3.14/lib/python3.14/getpass.py:99: GetPassWarning: Can not control echo on the terminal.
  passwd = fallback_getpass(prompt, stream)
Warning: Password input may be echoed.
Private key passphrase:EOFError: 
[2026-04-02 14:57:31] [Lazarus] Check state #117: unknown
[2026-04-02 14:57:31] [Lazarus] START attempt #117 for ocid1.instance.oc1.ap-singapore-1.anzwsljrjnctqdycjnedjgrwqodx3amfb7bf6vinqc5faebrftwmdzgi7nga
/usr/local/Cellar/python@3.14/3.14.3_1/Frameworks/Python.framework/Versions/3.14/lib/python3.14/getpass.py:99: GetPassWarning: Can not control echo on the terminal.
  passwd = fallback_getpass(prompt, stream)
Warning: Password input may be echoed.
Private key passphrase:EOFError: 
[2026-04-02 14:57:33] [Lazarus] Start command failed (rc=1). Retrying in 30s...
[2026-04-02 14:57:33] [Lazarus] OCI response: /usr/local/Cellar/python@3.14/3.14.3_1/Frameworks/Python.framework/Versions/3.14/lib/python3.14/getpass.py:99: GetPassWarning: Can not control echo on the terminal.
  passwd = fallback_getpass(prompt, stream)
Warning: Password input may be echoed.
Private key passphrase:EOFError: 
[2026-04-02 14:58:05] [Lazarus] Check state #118: unknown
[2026-04-02 14:58:05] [Lazarus] START attempt #118 for ocid1.instance.oc1.ap-singapore-1.anzwsljrjnctqdycjnedjgrwqodx3amfb7bf6vinqc5faebrftwmdzgi7nga
/usr/local/Cellar/python@3.14/3.14.3_1/Frameworks/Python.framework/Versions/3.14/lib/python3.14/getpass.py:99: GetPassWarning: Can not control echo on the terminal.
  passwd = fallback_getpass(prompt, stream)
Warning: Password input may be echoed.
Private key passphrase:EOFError: 
[2026-04-02 14:58:06] [Lazarus] Start command failed (rc=1). Retrying in 30s...
[2026-04-02 14:58:06] [Lazarus] OCI response: /usr/local/Cellar/python@3.14/3.14.3_1/Frameworks/Python.framework/Versions/3.14/lib/python3.14/getpass.py:99: GetPassWarning: Can not control echo on the terminal.
  passwd = fallback_getpass(prompt, stream)
Warning: Password input may be echoed.
Private key passphrase:EOFError: 
[2026-04-02 14:58:38] [Lazarus] Check state #119: unknown
[2026-04-02 14:58:38] [Lazarus] START attempt #119 for ocid1.instance.oc1.ap-singapore-1.anzwsljrjnctqdycjnedjgrwqodx3amfb7bf6vinqc5faebrftwmdzgi7nga
/usr/local/Cellar/python@3.14/3.14.3_1/Frameworks/Python.framework/Versions/3.14/lib/python3.14/getpass.py:99: GetPassWarning: Can not control echo on the terminal.
  passwd = fallback_getpass(prompt, stream)
Warning: Password input may be echoed.
Private key passphrase:EOFError: 
[2026-04-02 14:58:39] [Lazarus] Start command failed (rc=1). Retrying in 30s...
[2026-04-02 14:58:39] [Lazarus] OCI response: /usr/local/Cellar/python@3.14/3.14.3_1/Frameworks/Python.framework/Versions/3.14/lib/python3.14/getpass.py:99: GetPassWarning: Can not control echo on the terminal.
  passwd = fallback_getpass(prompt, stream)
Warning: Password input may be echoed.
Private key passphrase:EOFError: 
[2026-04-02 14:59:13] [Lazarus] Check state #120: unknown
[2026-04-02 14:59:13] [Lazarus] START attempt #120 for ocid1.instance.oc1.ap-singapore-1.anzwsljrjnctqdycjnedjgrwqodx3amfb7bf6vinqc5faebrftwmdzgi7nga
/usr/local/Cellar/python@3.14/3.14.3_1/Frameworks/Python.framework/Versions/3.14/lib/python3.14/getpass.py:99: GetPassWarning: Can not control echo on the terminal.
  passwd = fallback_getpass(prompt, stream)
Warning: Password input may be echoed.
Private key passphrase:EOFError: 
[2026-04-02 14:59:16] [Lazarus] Start command failed (rc=1). Retrying in 30s...
[2026-04-02 14:59:16] [Lazarus] OCI response: /usr/local/Cellar/python@3.14/3.14.3_1/Frameworks/Python.framework/Versions/3.14/lib/python3.14/getpass.py:99: GetPassWarning: Can not control echo on the terminal.
  passwd = fallback_getpass(prompt, stream)
Warning: Password input may be echoed.
Private key passphrase:EOFError: 
[2026-04-02 14:59:48] [Lazarus] Check state #121: unknown
[2026-04-02 14:59:48] [Lazarus] START attempt #121 for ocid1.instance.oc1.ap-singapore-1.anzwsljrjnctqdycjnedjgrwqodx3amfb7bf6vinqc5faebrftwmdzgi7nga
/usr/local/Cellar/python@3.14/3.14.3_1/Frameworks/Python.framework/Versions/3.14/lib/python3.14/getpass.py:99: GetPassWarning: Can not control echo on the terminal.
  passwd = fallback_getpass(prompt, stream)
Warning: Password input may be echoed.
Private key passphrase:EOFError: 
[2026-04-02 14:59:50] [Lazarus] Start command failed (rc=1). Retrying in 30s...
[2026-04-02 14:59:50] [Lazarus] OCI response: /usr/local/Cellar/python@3.14/3.14.3_1/Frameworks/Python.framework/Versions/3.14/lib/python3.14/getpass.py:99: GetPassWarning: Can not control echo on the terminal.
  passwd = fallback_getpass(prompt, stream)
Warning: Password input may be echoed.
Private key passphrase:EOFError: 
[2026-04-02 15:00:26] [Lazarus] Check state #122: unknown
[2026-04-02 15:00:26] [Lazarus] START attempt #122 for ocid1.instance.oc1.ap-singapore-1.anzwsljrjnctqdycjnedjgrwqodx3amfb7bf6vinqc5faebrftwmdzgi7nga
/usr/local/Cellar/python@3.14/3.14.3_1/Frameworks/Python.framework/Versions/3.14/lib/python3.14/getpass.py:99: GetPassWarning: Can not control echo on the terminal.
  passwd = fallback_getpass(prompt, stream)
Warning: Password input may be echoed.
Private key passphrase:EOFError: 
[2026-04-02 15:00:35] [Lazarus] Start command failed (rc=1). Retrying in 30s...
[2026-04-02 15:00:35] [Lazarus] OCI response: /usr/local/Cellar/python@3.14/3.14.3_1/Frameworks/Python.framework/Versions/3.14/lib/python3.14/getpass.py:99: GetPassWarning: Can not control echo on the terminal.
  passwd = fallback_getpass(prompt, stream)
Warning: Password input may be echoed.
Private key passphrase:EOFError: 
[2026-04-02 15:01:11] [Lazarus] Check state #123: unknown
[2026-04-02 15:01:11] [Lazarus] START attempt #123 for ocid1.instance.oc1.ap-singapore-1.anzwsljrjnctqdycjnedjgrwqodx3amfb7bf6vinqc5faebrftwmdzgi7nga
/usr/local/Cellar/python@3.14/3.14.3_1/Frameworks/Python.framework/Versions/3.14/lib/python3.14/getpass.py:99: GetPassWarning: Can not control echo on the terminal.
  passwd = fallback_getpass(prompt, stream)
Warning: Password input may be echoed.
Private key passphrase:EOFError: 
[2026-04-02 15:01:17] [Lazarus] Start command failed (rc=1). Retrying in 30s...
[2026-04-02 15:01:17] [Lazarus] OCI response: /usr/local/Cellar/python@3.14/3.14.3_1/Frameworks/Python.framework/Versions/3.14/lib/python3.14/getpass.py:99: GetPassWarning: Can not control echo on the terminal.
  passwd = fallback_getpass(prompt, stream)
Warning: Password input may be echoed.
Private key passphrase:EOFError: 
[2026-04-02 15:01:51] [Lazarus] Check state #124: unknown
[2026-04-02 15:01:51] [Lazarus] START attempt #124 for ocid1.instance.oc1.ap-singapore-1.anzwsljrjnctqdycjnedjgrwqodx3amfb7bf6vinqc5faebrftwmdzgi7nga
/usr/local/Cellar/python@3.14/3.14.3_1/Frameworks/Python.framework/Versions/3.14/lib/python3.14/getpass.py:99: GetPassWarning: Can not control echo on the terminal.
  passwd = fallback_getpass(prompt, stream)
Warning: Password input may be echoed.
Private key passphrase:EOFError: 
[2026-04-02 15:01:54] [Lazarus] Start command failed (rc=1). Retrying in 30s...
[2026-04-02 15:01:54] [Lazarus] OCI response: /usr/local/Cellar/python@3.14/3.14.3_1/Frameworks/Python.framework/Versions/3.14/lib/python3.14/getpass.py:99: GetPassWarning: Can not control echo on the terminal.
  passwd = fallback_getpass(prompt, stream)
Warning: Password input may be echoed.
Private key passphrase:EOFError: 
[2026-04-02 15:02:28] [Lazarus] Check state #125: unknown
[2026-04-02 15:02:28] [Lazarus] START attempt #125 for ocid1.instance.oc1.ap-singapore-1.anzwsljrjnctqdycjnedjgrwqodx3amfb7bf6vinqc5faebrftwmdzgi7nga
/usr/local/Cellar/python@3.14/3.14.3_1/Frameworks/Python.framework/Versions/3.14/lib/python3.14/getpass.py:99: GetPassWarning: Can not control echo on the terminal.
  passwd = fallback_getpass(prompt, stream)
Warning: Password input may be echoed.
Private key passphrase:EOFError: 
[2026-04-02 15:02:31] [Lazarus] Start command failed (rc=1). Retrying in 30s...
[2026-04-02 15:02:31] [Lazarus] OCI response: /usr/local/Cellar/python@3.14/3.14.3_1/Frameworks/Python.framework/Versions/3.14/lib/python3.14/getpass.py:99: GetPassWarning: Can not control echo on the terminal.
  passwd = fallback_getpass(prompt, stream)
Warning: Password input may be echoed.
Private key passphrase:EOFError: 
[2026-04-02 15:03:03] [Lazarus] Check state #126: unknown
[2026-04-02 15:03:03] [Lazarus] START attempt #126 for ocid1.instance.oc1.ap-singapore-1.anzwsljrjnctqdycjnedjgrwqodx3amfb7bf6vinqc5faebrftwmdzgi7nga
/usr/local/Cellar/python@3.14/3.14.3_1/Frameworks/Python.framework/Versions/3.14/lib/python3.14/getpass.py:99: GetPassWarning: Can not control echo on the terminal.
  passwd = fallback_getpass(prompt, stream)
Warning: Password input may be echoed.
Private key passphrase:EOFError: 
[2026-04-02 15:03:04] [Lazarus] Start command failed (rc=1). Retrying in 30s...
[2026-04-02 15:03:04] [Lazarus] OCI response: /usr/local/Cellar/python@3.14/3.14.3_1/Frameworks/Python.framework/Versions/3.14/lib/python3.14/getpass.py:99: GetPassWarning: Can not control echo on the terminal.
  passwd = fallback_getpass(prompt, stream)
Warning: Password input may be echoed.
Private key passphrase:EOFError: 
[2026-04-02 15:03:37] [Lazarus] Check state #127: unknown
[2026-04-02 15:03:37] [Lazarus] START attempt #127 for ocid1.instance.oc1.ap-singapore-1.anzwsljrjnctqdycjnedjgrwqodx3amfb7bf6vinqc5faebrftwmdzgi7nga
/usr/local/Cellar/python@3.14/3.14.3_1/Frameworks/Python.framework/Versions/3.14/lib/python3.14/getpass.py:99: GetPassWarning: Can not control echo on the terminal.
  passwd = fallback_getpass(prompt, stream)
Warning: Password input may be echoed.
Private key passphrase:EOFError: 
[2026-04-02 15:03:40] [Lazarus] Start command failed (rc=1). Retrying in 30s...
[2026-04-02 15:03:40] [Lazarus] OCI response: /usr/local/Cellar/python@3.14/3.14.3_1/Frameworks/Python.framework/Versions/3.14/lib/python3.14/getpass.py:99: GetPassWarning: Can not control echo on the terminal.
  passwd = fallback_getpass(prompt, stream)
Warning: Password input may be echoed.
Private key passphrase:EOFError: 
[2026-04-02 15:04:12] [Lazarus] Check state #128: unknown
[2026-04-02 15:04:12] [Lazarus] START attempt #128 for ocid1.instance.oc1.ap-singapore-1.anzwsljrjnctqdycjnedjgrwqodx3amfb7bf6vinqc5faebrftwmdzgi7nga
/usr/local/Cellar/python@3.14/3.14.3_1/Frameworks/Python.framework/Versions/3.14/lib/python3.14/getpass.py:99: GetPassWarning: Can not control echo on the terminal.
  passwd = fallback_getpass(prompt, stream)
Warning: Password input may be echoed.
Private key passphrase:EOFError: 
[2026-04-02 15:04:14] [Lazarus] Start command failed (rc=1). Retrying in 30s...
[2026-04-02 15:04:14] [Lazarus] OCI response: /usr/local/Cellar/python@3.14/3.14.3_1/Frameworks/Python.framework/Versions/3.14/lib/python3.14/getpass.py:99: GetPassWarning: Can not control echo on the terminal.
  passwd = fallback_getpass(prompt, stream)
Warning: Password input may be echoed.
Private key passphrase:EOFError: 
[2026-04-02 15:04:46] [Lazarus] Check state #129: unknown
[2026-04-02 15:04:47] [Lazarus] START attempt #129 for ocid1.instance.oc1.ap-singapore-1.anzwsljrjnctqdycjnedjgrwqodx3amfb7bf6vinqc5faebrftwmdzgi7nga
/usr/local/Cellar/python@3.14/3.14.3_1/Frameworks/Python.framework/Versions/3.14/lib/python3.14/getpass.py:99: GetPassWarning: Can not control echo on the terminal.
  passwd = fallback_getpass(prompt, stream)
Warning: Password input may be echoed.
Private key passphrase:EOFError: 
[2026-04-02 15:04:49] [Lazarus] Start command failed (rc=1). Retrying in 30s...
[2026-04-02 15:04:49] [Lazarus] OCI response: /usr/local/Cellar/python@3.14/3.14.3_1/Frameworks/Python.framework/Versions/3.14/lib/python3.14/getpass.py:99: GetPassWarning: Can not control echo on the terminal.
  passwd = fallback_getpass(prompt, stream)
Warning: Password input may be echoed.
Private key passphrase:EOFError: 
[2026-04-02 15:05:25] [Lazarus] Check state #130: unknown
[2026-04-02 15:05:25] [Lazarus] START attempt #130 for ocid1.instance.oc1.ap-singapore-1.anzwsljrjnctqdycjnedjgrwqodx3amfb7bf6vinqc5faebrftwmdzgi7nga
/usr/local/Cellar/python@3.14/3.14.3_1/Frameworks/Python.framework/Versions/3.14/lib/python3.14/getpass.py:99: GetPassWarning: Can not control echo on the terminal.
  passwd = fallback_getpass(prompt, stream)
Warning: Password input may be echoed.
Private key passphrase:EOFError: 
[2026-04-02 15:05:28] [Lazarus] Start command failed (rc=1). Retrying in 30s...
[2026-04-02 15:05:28] [Lazarus] OCI response: /usr/local/Cellar/python@3.14/3.14.3_1/Frameworks/Python.framework/Versions/3.14/lib/python3.14/getpass.py:99: GetPassWarning: Can not control echo on the terminal.
  passwd = fallback_getpass(prompt, stream)
Warning: Password input may be echoed.
Private key passphrase:EOFError: 
[2026-04-02 15:06:02] [Lazarus] Check state #131: unknown
[2026-04-02 15:06:02] [Lazarus] START attempt #131 for ocid1.instance.oc1.ap-singapore-1.anzwsljrjnctqdycjnedjgrwqodx3amfb7bf6vinqc5faebrftwmdzgi7nga
/usr/local/Cellar/python@3.14/3.14.3_1/Frameworks/Python.framework/Versions/3.14/lib/python3.14/getpass.py:99: GetPassWarning: Can not control echo on the terminal.
  passwd = fallback_getpass(prompt, stream)
Warning: Password input may be echoed.
Private key passphrase:EOFError: 
[2026-04-02 15:06:04] [Lazarus] Start command failed (rc=1). Retrying in 30s...
[2026-04-02 15:06:04] [Lazarus] OCI response: /usr/local/Cellar/python@3.14/3.14.3_1/Frameworks/Python.framework/Versions/3.14/lib/python3.14/getpass.py:99: GetPassWarning: Can not control echo on the terminal.
  passwd = fallback_getpass(prompt, stream)
Warning: Password input may be echoed.
Private key passphrase:EOFError: 
[2026-04-02 15:06:36] [Lazarus] Check state #132: unknown
[2026-04-02 15:06:36] [Lazarus] START attempt #132 for ocid1.instance.oc1.ap-singapore-1.anzwsljrjnctqdycjnedjgrwqodx3amfb7bf6vinqc5faebrftwmdzgi7nga
/usr/local/Cellar/python@3.14/3.14.3_1/Frameworks/Python.framework/Versions/3.14/lib/python3.14/getpass.py:99: GetPassWarning: Can not control echo on the terminal.
  passwd = fallback_getpass(prompt, stream)
Warning: Password input may be echoed.
Private key passphrase:EOFError: 
[2026-04-02 15:06:38] [Lazarus] Start command failed (rc=1). Retrying in 30s...
[2026-04-02 15:06:38] [Lazarus] OCI response: /usr/local/Cellar/python@3.14/3.14.3_1/Frameworks/Python.framework/Versions/3.14/lib/python3.14/getpass.py:99: GetPassWarning: Can not control echo on the terminal.
  passwd = fallback_getpass(prompt, stream)
Warning: Password input may be echoed.
Private key passphrase:EOFError: 
[2026-04-02 15:07:10] [Lazarus] Check state #133: unknown
[2026-04-02 15:07:10] [Lazarus] START attempt #133 for ocid1.instance.oc1.ap-singapore-1.anzwsljrjnctqdycjnedjgrwqodx3amfb7bf6vinqc5faebrftwmdzgi7nga
/usr/local/Cellar/python@3.14/3.14.3_1/Frameworks/Python.framework/Versions/3.14/lib/python3.14/getpass.py:99: GetPassWarning: Can not control echo on the terminal.
  passwd = fallback_getpass(prompt, stream)
Warning: Password input may be echoed.
Private key passphrase:EOFError: 
[2026-04-02 15:07:12] [Lazarus] Start command failed (rc=1). Retrying in 30s...
[2026-04-02 15:07:12] [Lazarus] OCI response: /usr/local/Cellar/python@3.14/3.14.3_1/Frameworks/Python.framework/Versions/3.14/lib/python3.14/getpass.py:99: GetPassWarning: Can not control echo on the terminal.
  passwd = fallback_getpass(prompt, stream)
Warning: Password input may be echoed.
Private key passphrase:EOFError: 
[2026-04-02 15:07:44] [Lazarus] Check state #134: unknown
[2026-04-02 15:07:44] [Lazarus] START attempt #134 for ocid1.instance.oc1.ap-singapore-1.anzwsljrjnctqdycjnedjgrwqodx3amfb7bf6vinqc5faebrftwmdzgi7nga
/usr/local/Cellar/python@3.14/3.14.3_1/Frameworks/Python.framework/Versions/3.14/lib/python3.14/getpass.py:99: GetPassWarning: Can not control echo on the terminal.
  passwd = fallback_getpass(prompt, stream)
Warning: Password input may be echoed.
Private key passphrase:EOFError: 
[2026-04-02 15:07:46] [Lazarus] Start command failed (rc=1). Retrying in 30s...
[2026-04-02 15:07:46] [Lazarus] OCI response: /usr/local/Cellar/python@3.14/3.14.3_1/Frameworks/Python.framework/Versions/3.14/lib/python3.14/getpass.py:99: GetPassWarning: Can not control echo on the terminal.
  passwd = fallback_getpass(prompt, stream)
Warning: Password input may be echoed.
Private key passphrase:EOFError: 
[2026-04-02 15:08:18] [Lazarus] Check state #135: unknown
[2026-04-02 15:08:18] [Lazarus] START attempt #135 for ocid1.instance.oc1.ap-singapore-1.anzwsljrjnctqdycjnedjgrwqodx3amfb7bf6vinqc5faebrftwmdzgi7nga
/usr/local/Cellar/python@3.14/3.14.3_1/Frameworks/Python.framework/Versions/3.14/lib/python3.14/getpass.py:99: GetPassWarning: Can not control echo on the terminal.
  passwd = fallback_getpass(prompt, stream)
Warning: Password input may be echoed.
Private key passphrase:EOFError: 
[2026-04-02 15:08:20] [Lazarus] Start command failed (rc=1). Retrying in 30s...
[2026-04-02 15:08:20] [Lazarus] OCI response: /usr/local/Cellar/python@3.14/3.14.3_1/Frameworks/Python.framework/Versions/3.14/lib/python3.14/getpass.py:99: GetPassWarning: Can not control echo on the terminal.
  passwd = fallback_getpass(prompt, stream)
Warning: Password input may be echoed.
Private key passphrase:EOFError: 
[2026-04-02 15:08:52] [Lazarus] Check state #136: unknown
[2026-04-02 15:08:52] [Lazarus] START attempt #136 for ocid1.instance.oc1.ap-singapore-1.anzwsljrjnctqdycjnedjgrwqodx3amfb7bf6vinqc5faebrftwmdzgi7nga
/usr/local/Cellar/python@3.14/3.14.3_1/Frameworks/Python.framework/Versions/3.14/lib/python3.14/getpass.py:99: GetPassWarning: Can not control echo on the terminal.
  passwd = fallback_getpass(prompt, stream)
Warning: Password input may be echoed.
Private key passphrase:EOFError: 
[2026-04-02 15:08:54] [Lazarus] Start command failed (rc=1). Retrying in 30s...
[2026-04-02 15:08:54] [Lazarus] OCI response: /usr/local/Cellar/python@3.14/3.14.3_1/Frameworks/Python.framework/Versions/3.14/lib/python3.14/getpass.py:99: GetPassWarning: Can not control echo on the terminal.
  passwd = fallback_getpass(prompt, stream)
Warning: Password input may be echoed.
Private key passphrase:EOFError: 
[2026-04-02 15:09:25] [Lazarus] Check state #137: unknown
[2026-04-02 15:09:25] [Lazarus] START attempt #137 for ocid1.instance.oc1.ap-singapore-1.anzwsljrjnctqdycjnedjgrwqodx3amfb7bf6vinqc5faebrftwmdzgi7nga
/usr/local/Cellar/python@3.14/3.14.3_1/Frameworks/Python.framework/Versions/3.14/lib/python3.14/getpass.py:99: GetPassWarning: Can not control echo on the terminal.
  passwd = fallback_getpass(prompt, stream)
Warning: Password input may be echoed.
Private key passphrase:EOFError: 
[2026-04-02 15:09:27] [Lazarus] Start command failed (rc=1). Retrying in 30s...
[2026-04-02 15:09:27] [Lazarus] OCI response: /usr/local/Cellar/python@3.14/3.14.3_1/Frameworks/Python.framework/Versions/3.14/lib/python3.14/getpass.py:99: GetPassWarning: Can not control echo on the terminal.
  passwd = fallback_getpass(prompt, stream)
Warning: Password input may be echoed.
Private key passphrase:EOFError: 
[2026-04-02 15:09:59] [Lazarus] Check state #138: unknown
[2026-04-02 15:09:59] [Lazarus] START attempt #138 for ocid1.instance.oc1.ap-singapore-1.anzwsljrjnctqdycjnedjgrwqodx3amfb7bf6vinqc5faebrftwmdzgi7nga
/usr/local/Cellar/python@3.14/3.14.3_1/Frameworks/Python.framework/Versions/3.14/lib/python3.14/getpass.py:99: GetPassWarning: Can not control echo on the terminal.
  passwd = fallback_getpass(prompt, stream)
Warning: Password input may be echoed.
Private key passphrase:EOFError: 
[2026-04-02 15:10:01] [Lazarus] Start command failed (rc=1). Retrying in 30s...
[2026-04-02 15:10:01] [Lazarus] OCI response: /usr/local/Cellar/python@3.14/3.14.3_1/Frameworks/Python.framework/Versions/3.14/lib/python3.14/getpass.py:99: GetPassWarning: Can not control echo on the terminal.
  passwd = fallback_getpass(prompt, stream)
Warning: Password input may be echoed.
Private key passphrase:EOFError: 
[2026-04-02 15:10:33] [Lazarus] Check state #139: unknown
[2026-04-02 15:10:33] [Lazarus] START attempt #139 for ocid1.instance.oc1.ap-singapore-1.anzwsljrjnctqdycjnedjgrwqodx3amfb7bf6vinqc5faebrftwmdzgi7nga
/usr/local/Cellar/python@3.14/3.14.3_1/Frameworks/Python.framework/Versions/3.14/lib/python3.14/getpass.py:99: GetPassWarning: Can not control echo on the terminal.
  passwd = fallback_getpass(prompt, stream)
Warning: Password input may be echoed.
Private key passphrase:EOFError: 
[2026-04-02 15:10:35] [Lazarus] Start command failed (rc=1). Retrying in 30s...
[2026-04-02 15:10:35] [Lazarus] OCI response: /usr/local/Cellar/python@3.14/3.14.3_1/Frameworks/Python.framework/Versions/3.14/lib/python3.14/getpass.py:99: GetPassWarning: Can not control echo on the terminal.
  passwd = fallback_getpass(prompt, stream)
Warning: Password input may be echoed.
Private key passphrase:EOFError: 
[2026-04-02 15:11:07] [Lazarus] Check state #140: unknown
[2026-04-02 15:11:07] [Lazarus] START attempt #140 for ocid1.instance.oc1.ap-singapore-1.anzwsljrjnctqdycjnedjgrwqodx3amfb7bf6vinqc5faebrftwmdzgi7nga
/usr/local/Cellar/python@3.14/3.14.3_1/Frameworks/Python.framework/Versions/3.14/lib/python3.14/getpass.py:99: GetPassWarning: Can not control echo on the terminal.
  passwd = fallback_getpass(prompt, stream)
Warning: Password input may be echoed.
Private key passphrase:EOFError: 
[2026-04-02 15:11:08] [Lazarus] Start command failed (rc=1). Retrying in 30s...
[2026-04-02 15:11:08] [Lazarus] OCI response: /usr/local/Cellar/python@3.14/3.14.3_1/Frameworks/Python.framework/Versions/3.14/lib/python3.14/getpass.py:99: GetPassWarning: Can not control echo on the terminal.
  passwd = fallback_getpass(prompt, stream)
Warning: Password input may be echoed.
Private key passphrase:EOFError: 
[2026-04-02 15:11:41] [Lazarus] Check state #141: unknown
[2026-04-02 15:11:41] [Lazarus] START attempt #141 for ocid1.instance.oc1.ap-singapore-1.anzwsljrjnctqdycjnedjgrwqodx3amfb7bf6vinqc5faebrftwmdzgi7nga
/usr/local/Cellar/python@3.14/3.14.3_1/Frameworks/Python.framework/Versions/3.14/lib/python3.14/getpass.py:99: GetPassWarning: Can not control echo on the terminal.
  passwd = fallback_getpass(prompt, stream)
Warning: Password input may be echoed.
Private key passphrase:EOFError: 
[2026-04-02 15:11:43] [Lazarus] Start command failed (rc=1). Retrying in 30s...
[2026-04-02 15:11:43] [Lazarus] OCI response: /usr/local/Cellar/python@3.14/3.14.3_1/Frameworks/Python.framework/Versions/3.14/lib/python3.14/getpass.py:99: GetPassWarning: Can not control echo on the terminal.
  passwd = fallback_getpass(prompt, stream)
Warning: Password input may be echoed.
Private key passphrase:EOFError: 
[2026-04-02 15:12:14] [Lazarus] Check state #142: unknown
[2026-04-02 15:12:14] [Lazarus] START attempt #142 for ocid1.instance.oc1.ap-singapore-1.anzwsljrjnctqdycjnedjgrwqodx3amfb7bf6vinqc5faebrftwmdzgi7nga
/usr/local/Cellar/python@3.14/3.14.3_1/Frameworks/Python.framework/Versions/3.14/lib/python3.14/getpass.py:99: GetPassWarning: Can not control echo on the terminal.
  passwd = fallback_getpass(prompt, stream)
Warning: Password input may be echoed.
Private key passphrase:EOFError: 
[2026-04-02 15:12:16] [Lazarus] Start command failed (rc=1). Retrying in 30s...
[2026-04-02 15:12:16] [Lazarus] OCI response: /usr/local/Cellar/python@3.14/3.14.3_1/Frameworks/Python.framework/Versions/3.14/lib/python3.14/getpass.py:99: GetPassWarning: Can not control echo on the terminal.
  passwd = fallback_getpass(prompt, stream)
Warning: Password input may be echoed.
Private key passphrase:EOFError: 
[2026-04-02 15:12:48] [Lazarus] Check state #143: unknown
[2026-04-02 15:12:48] [Lazarus] START attempt #143 for ocid1.instance.oc1.ap-singapore-1.anzwsljrjnctqdycjnedjgrwqodx3amfb7bf6vinqc5faebrftwmdzgi7nga
/usr/local/Cellar/python@3.14/3.14.3_1/Frameworks/Python.framework/Versions/3.14/lib/python3.14/getpass.py:99: GetPassWarning: Can not control echo on the terminal.
  passwd = fallback_getpass(prompt, stream)
Warning: Password input may be echoed.
Private key passphrase:EOFError: 
[2026-04-02 15:12:50] [Lazarus] Start command failed (rc=1). Retrying in 30s...
[2026-04-02 15:12:50] [Lazarus] OCI response: /usr/local/Cellar/python@3.14/3.14.3_1/Frameworks/Python.framework/Versions/3.14/lib/python3.14/getpass.py:99: GetPassWarning: Can not control echo on the terminal.
  passwd = fallback_getpass(prompt, stream)
Warning: Password input may be echoed.
Private key passphrase:EOFError: 
[2026-04-02 15:13:21] [Lazarus] Check state #144: unknown
[2026-04-02 15:13:21] [Lazarus] START attempt #144 for ocid1.instance.oc1.ap-singapore-1.anzwsljrjnctqdycjnedjgrwqodx3amfb7bf6vinqc5faebrftwmdzgi7nga
/usr/local/Cellar/python@3.14/3.14.3_1/Frameworks/Python.framework/Versions/3.14/lib/python3.14/getpass.py:99: GetPassWarning: Can not control echo on the terminal.
  passwd = fallback_getpass(prompt, stream)
Warning: Password input may be echoed.
Private key passphrase:EOFError: 
[2026-04-02 15:13:23] [Lazarus] Start command failed (rc=1). Retrying in 30s...
[2026-04-02 15:13:23] [Lazarus] OCI response: /usr/local/Cellar/python@3.14/3.14.3_1/Frameworks/Python.framework/Versions/3.14/lib/python3.14/getpass.py:99: GetPassWarning: Can not control echo on the terminal.
  passwd = fallback_getpass(prompt, stream)
Warning: Password input may be echoed.
Private key passphrase:EOFError: 
[2026-04-02 15:13:56] [Lazarus] Check state #145: unknown
[2026-04-02 15:13:56] [Lazarus] START attempt #145 for ocid1.instance.oc1.ap-singapore-1.anzwsljrjnctqdycjnedjgrwqodx3amfb7bf6vinqc5faebrftwmdzgi7nga
/usr/local/Cellar/python@3.14/3.14.3_1/Frameworks/Python.framework/Versions/3.14/lib/python3.14/getpass.py:99: GetPassWarning: Can not control echo on the terminal.
  passwd = fallback_getpass(prompt, stream)
Warning: Password input may be echoed.
Private key passphrase:EOFError: 
[2026-04-02 15:13:58] [Lazarus] Start command failed (rc=1). Retrying in 30s...
[2026-04-02 15:13:58] [Lazarus] OCI response: /usr/local/Cellar/python@3.14/3.14.3_1/Frameworks/Python.framework/Versions/3.14/lib/python3.14/getpass.py:99: GetPassWarning: Can not control echo on the terminal.
  passwd = fallback_getpass(prompt, stream)
Warning: Password input may be echoed.
Private key passphrase:EOFError: 
[2026-04-02 15:14:29] [Lazarus] Check state #146: unknown
[2026-04-02 15:14:29] [Lazarus] START attempt #146 for ocid1.instance.oc1.ap-singapore-1.anzwsljrjnctqdycjnedjgrwqodx3amfb7bf6vinqc5faebrftwmdzgi7nga
/usr/local/Cellar/python@3.14/3.14.3_1/Frameworks/Python.framework/Versions/3.14/lib/python3.14/getpass.py:99: GetPassWarning: Can not control echo on the terminal.
  passwd = fallback_getpass(prompt, stream)
Warning: Password input may be echoed.
Private key passphrase:EOFError: 
[2026-04-02 15:14:31] [Lazarus] Start command failed (rc=1). Retrying in 30s...
[2026-04-02 15:14:31] [Lazarus] OCI response: /usr/local/Cellar/python@3.14/3.14.3_1/Frameworks/Python.framework/Versions/3.14/lib/python3.14/getpass.py:99: GetPassWarning: Can not control echo on the terminal.
  passwd = fallback_getpass(prompt, stream)
Warning: Password input may be echoed.
Private key passphrase:EOFError: 
[2026-04-02 15:15:03] [Lazarus] Check state #147: unknown
[2026-04-02 15:15:03] [Lazarus] START attempt #147 for ocid1.instance.oc1.ap-singapore-1.anzwsljrjnctqdycjnedjgrwqodx3amfb7bf6vinqc5faebrftwmdzgi7nga
/usr/local/Cellar/python@3.14/3.14.3_1/Frameworks/Python.framework/Versions/3.14/lib/python3.14/getpass.py:99: GetPassWarning: Can not control echo on the terminal.
  passwd = fallback_getpass(prompt, stream)
Warning: Password input may be echoed.
Private key passphrase:EOFError: 
[2026-04-02 15:15:05] [Lazarus] Start command failed (rc=1). Retrying in 30s...
[2026-04-02 15:15:05] [Lazarus] OCI response: /usr/local/Cellar/python@3.14/3.14.3_1/Frameworks/Python.framework/Versions/3.14/lib/python3.14/getpass.py:99: GetPassWarning: Can not control echo on the terminal.
  passwd = fallback_getpass(prompt, stream)
Warning: Password input may be echoed.
Private key passphrase:EOFError: 
[2026-04-02 15:15:37] [Lazarus] Check state #148: unknown
[2026-04-02 15:15:37] [Lazarus] START attempt #148 for ocid1.instance.oc1.ap-singapore-1.anzwsljrjnctqdycjnedjgrwqodx3amfb7bf6vinqc5faebrftwmdzgi7nga
/usr/local/Cellar/python@3.14/3.14.3_1/Frameworks/Python.framework/Versions/3.14/lib/python3.14/getpass.py:99: GetPassWarning: Can not control echo on the terminal.
  passwd = fallback_getpass(prompt, stream)
Warning: Password input may be echoed.
Private key passphrase:EOFError: 
[2026-04-02 15:15:39] [Lazarus] Start command failed (rc=1). Retrying in 30s...
[2026-04-02 15:15:39] [Lazarus] OCI response: /usr/local/Cellar/python@3.14/3.14.3_1/Frameworks/Python.framework/Versions/3.14/lib/python3.14/getpass.py:99: GetPassWarning: Can not control echo on the terminal.
  passwd = fallback_getpass(prompt, stream)
Warning: Password input may be echoed.
Private key passphrase:EOFError: 
[2026-04-02 15:16:10] [Lazarus] Check state #149: unknown
[2026-04-02 15:16:10] [Lazarus] START attempt #149 for ocid1.instance.oc1.ap-singapore-1.anzwsljrjnctqdycjnedjgrwqodx3amfb7bf6vinqc5faebrftwmdzgi7nga
/usr/local/Cellar/python@3.14/3.14.3_1/Frameworks/Python.framework/Versions/3.14/lib/python3.14/getpass.py:99: GetPassWarning: Can not control echo on the terminal.
  passwd = fallback_getpass(prompt, stream)
Warning: Password input may be echoed.
Private key passphrase:EOFError: 
[2026-04-02 15:16:12] [Lazarus] Start command failed (rc=1). Retrying in 30s...
[2026-04-02 15:16:12] [Lazarus] OCI response: /usr/local/Cellar/python@3.14/3.14.3_1/Frameworks/Python.framework/Versions/3.14/lib/python3.14/getpass.py:99: GetPassWarning: Can not control echo on the terminal.
  passwd = fallback_getpass(prompt, stream)
Warning: Password input may be echoed.
Private key passphrase:EOFError: 
[2026-04-02 15:16:44] [Lazarus] Check state #150: unknown
[2026-04-02 15:16:44] [Lazarus] START attempt #150 for ocid1.instance.oc1.ap-singapore-1.anzwsljrjnctqdycjnedjgrwqodx3amfb7bf6vinqc5faebrftwmdzgi7nga
/usr/local/Cellar/python@3.14/3.14.3_1/Frameworks/Python.framework/Versions/3.14/lib/python3.14/getpass.py:99: GetPassWarning: Can not control echo on the terminal.
  passwd = fallback_getpass(prompt, stream)
Warning: Password input may be echoed.
Private key passphrase:EOFError: 
[2026-04-02 15:16:46] [Lazarus] Start command failed (rc=1). Retrying in 30s...
[2026-04-02 15:16:46] [Lazarus] OCI response: /usr/local/Cellar/python@3.14/3.14.3_1/Frameworks/Python.framework/Versions/3.14/lib/python3.14/getpass.py:99: GetPassWarning: Can not control echo on the terminal.
  passwd = fallback_getpass(prompt, stream)
Warning: Password input may be echoed.
Private key passphrase:EOFError: 
[2026-04-02 15:17:18] [Lazarus] Check state #151: unknown
[2026-04-02 15:17:18] [Lazarus] START attempt #151 for ocid1.instance.oc1.ap-singapore-1.anzwsljrjnctqdycjnedjgrwqodx3amfb7bf6vinqc5faebrftwmdzgi7nga
/usr/local/Cellar/python@3.14/3.14.3_1/Frameworks/Python.framework/Versions/3.14/lib/python3.14/getpass.py:99: GetPassWarning: Can not control echo on the terminal.
  passwd = fallback_getpass(prompt, stream)
Warning: Password input may be echoed.
Private key passphrase:EOFError: 
[2026-04-02 15:17:19] [Lazarus] Start command failed (rc=1). Retrying in 30s...
[2026-04-02 15:17:20] [Lazarus] OCI response: /usr/local/Cellar/python@3.14/3.14.3_1/Frameworks/Python.framework/Versions/3.14/lib/python3.14/getpass.py:99: GetPassWarning: Can not control echo on the terminal.
  passwd = fallback_getpass(prompt, stream)
Warning: Password input may be echoed.
Private key passphrase:EOFError: 
[2026-04-02 15:17:51] [Lazarus] Check state #152: unknown
[2026-04-02 15:17:51] [Lazarus] START attempt #152 for ocid1.instance.oc1.ap-singapore-1.anzwsljrjnctqdycjnedjgrwqodx3amfb7bf6vinqc5faebrftwmdzgi7nga
/usr/local/Cellar/python@3.14/3.14.3_1/Frameworks/Python.framework/Versions/3.14/lib/python3.14/getpass.py:99: GetPassWarning: Can not control echo on the terminal.
  passwd = fallback_getpass(prompt, stream)
Warning: Password input may be echoed.
Private key passphrase:EOFError: 
[2026-04-02 15:17:53] [Lazarus] Start command failed (rc=1). Retrying in 30s...
[2026-04-02 15:17:53] [Lazarus] OCI response: /usr/local/Cellar/python@3.14/3.14.3_1/Frameworks/Python.framework/Versions/3.14/lib/python3.14/getpass.py:99: GetPassWarning: Can not control echo on the terminal.
  passwd = fallback_getpass(prompt, stream)
Warning: Password input may be echoed.
Private key passphrase:EOFError: 
[2026-04-02 15:18:25] [Lazarus] Check state #153: unknown
[2026-04-02 15:18:25] [Lazarus] START attempt #153 for ocid1.instance.oc1.ap-singapore-1.anzwsljrjnctqdycjnedjgrwqodx3amfb7bf6vinqc5faebrftwmdzgi7nga
/usr/local/Cellar/python@3.14/3.14.3_1/Frameworks/Python.framework/Versions/3.14/lib/python3.14/getpass.py:99: GetPassWarning: Can not control echo on the terminal.
  passwd = fallback_getpass(prompt, stream)
Warning: Password input may be echoed.
Private key passphrase:EOFError: 
[2026-04-02 15:18:27] [Lazarus] Start command failed (rc=1). Retrying in 30s...
[2026-04-02 15:18:27] [Lazarus] OCI response: /usr/local/Cellar/python@3.14/3.14.3_1/Frameworks/Python.framework/Versions/3.14/lib/python3.14/getpass.py:99: GetPassWarning: Can not control echo on the terminal.
  passwd = fallback_getpass(prompt, stream)
Warning: Password input may be echoed.
Private key passphrase:EOFError: 
[2026-04-02 15:18:59] [Lazarus] Check state #154: unknown
[2026-04-02 15:18:59] [Lazarus] START attempt #154 for ocid1.instance.oc1.ap-singapore-1.anzwsljrjnctqdycjnedjgrwqodx3amfb7bf6vinqc5faebrftwmdzgi7nga
/usr/local/Cellar/python@3.14/3.14.3_1/Frameworks/Python.framework/Versions/3.14/lib/python3.14/getpass.py:99: GetPassWarning: Can not control echo on the terminal.
  passwd = fallback_getpass(prompt, stream)
Warning: Password input may be echoed.
Private key passphrase:EOFError: 
[2026-04-02 15:19:01] [Lazarus] Start command failed (rc=1). Retrying in 30s...
[2026-04-02 15:19:01] [Lazarus] OCI response: /usr/local/Cellar/python@3.14/3.14.3_1/Frameworks/Python.framework/Versions/3.14/lib/python3.14/getpass.py:99: GetPassWarning: Can not control echo on the terminal.
  passwd = fallback_getpass(prompt, stream)
Warning: Password input may be echoed.
Private key passphrase:EOFError: 
[2026-04-02 15:19:33] [Lazarus] Check state #155: unknown
[2026-04-02 15:19:33] [Lazarus] START attempt #155 for ocid1.instance.oc1.ap-singapore-1.anzwsljrjnctqdycjnedjgrwqodx3amfb7bf6vinqc5faebrftwmdzgi7nga
/usr/local/Cellar/python@3.14/3.14.3_1/Frameworks/Python.framework/Versions/3.14/lib/python3.14/getpass.py:99: GetPassWarning: Can not control echo on the terminal.
  passwd = fallback_getpass(prompt, stream)
Warning: Password input may be echoed.
Private key passphrase:EOFError: 
[2026-04-02 15:19:35] [Lazarus] Start command failed (rc=1). Retrying in 30s...
[2026-04-02 15:19:35] [Lazarus] OCI response: /usr/local/Cellar/python@3.14/3.14.3_1/Frameworks/Python.framework/Versions/3.14/lib/python3.14/getpass.py:99: GetPassWarning: Can not control echo on the terminal.
  passwd = fallback_getpass(prompt, stream)
Warning: Password input may be echoed.
Private key passphrase:EOFError: 
[2026-04-02 15:20:07] [Lazarus] Check state #156: unknown
[2026-04-02 15:20:07] [Lazarus] START attempt #156 for ocid1.instance.oc1.ap-singapore-1.anzwsljrjnctqdycjnedjgrwqodx3amfb7bf6vinqc5faebrftwmdzgi7nga
/usr/local/Cellar/python@3.14/3.14.3_1/Frameworks/Python.framework/Versions/3.14/lib/python3.14/getpass.py:99: GetPassWarning: Can not control echo on the terminal.
  passwd = fallback_getpass(prompt, stream)
Warning: Password input may be echoed.
Private key passphrase:EOFError: 
[2026-04-02 15:20:09] [Lazarus] Start command failed (rc=1). Retrying in 30s...
[2026-04-02 15:20:09] [Lazarus] OCI response: /usr/local/Cellar/python@3.14/3.14.3_1/Frameworks/Python.framework/Versions/3.14/lib/python3.14/getpass.py:99: GetPassWarning: Can not control echo on the terminal.
  passwd = fallback_getpass(prompt, stream)
Warning: Password input may be echoed.
Private key passphrase:EOFError: 
[2026-04-02 15:20:40] [Lazarus] Check state #157: unknown
[2026-04-02 15:20:40] [Lazarus] START attempt #157 for ocid1.instance.oc1.ap-singapore-1.anzwsljrjnctqdycjnedjgrwqodx3amfb7bf6vinqc5faebrftwmdzgi7nga
/usr/local/Cellar/python@3.14/3.14.3_1/Frameworks/Python.framework/Versions/3.14/lib/python3.14/getpass.py:99: GetPassWarning: Can not control echo on the terminal.
  passwd = fallback_getpass(prompt, stream)
Warning: Password input may be echoed.
Private key passphrase:EOFError: 
[2026-04-02 15:20:42] [Lazarus] Start command failed (rc=1). Retrying in 30s...
[2026-04-02 15:20:42] [Lazarus] OCI response: /usr/local/Cellar/python@3.14/3.14.3_1/Frameworks/Python.framework/Versions/3.14/lib/python3.14/getpass.py:99: GetPassWarning: Can not control echo on the terminal.
  passwd = fallback_getpass(prompt, stream)
Warning: Password input may be echoed.
Private key passphrase:EOFError: 
[2026-04-02 15:21:14] [Lazarus] Check state #158: unknown
[2026-04-02 15:21:14] [Lazarus] START attempt #158 for ocid1.instance.oc1.ap-singapore-1.anzwsljrjnctqdycjnedjgrwqodx3amfb7bf6vinqc5faebrftwmdzgi7nga
/usr/local/Cellar/python@3.14/3.14.3_1/Frameworks/Python.framework/Versions/3.14/lib/python3.14/getpass.py:99: GetPassWarning: Can not control echo on the terminal.
  passwd = fallback_getpass(prompt, stream)
Warning: Password input may be echoed.
Private key passphrase:EOFError: 
[2026-04-02 15:21:16] [Lazarus] Start command failed (rc=1). Retrying in 30s...
[2026-04-02 15:21:16] [Lazarus] OCI response: /usr/local/Cellar/python@3.14/3.14.3_1/Frameworks/Python.framework/Versions/3.14/lib/python3.14/getpass.py:99: GetPassWarning: Can not control echo on the terminal.
  passwd = fallback_getpass(prompt, stream)
Warning: Password input may be echoed.
Private key passphrase:EOFError: 
[2026-04-02 15:21:48] [Lazarus] Check state #159: unknown
[2026-04-02 15:21:48] [Lazarus] START attempt #159 for ocid1.instance.oc1.ap-singapore-1.anzwsljrjnctqdycjnedjgrwqodx3amfb7bf6vinqc5faebrftwmdzgi7nga
/usr/local/Cellar/python@3.14/3.14.3_1/Frameworks/Python.framework/Versions/3.14/lib/python3.14/getpass.py:99: GetPassWarning: Can not control echo on the terminal.
  passwd = fallback_getpass(prompt, stream)
Warning: Password input may be echoed.
Private key passphrase:EOFError: 
[2026-04-02 15:21:50] [Lazarus] Start command failed (rc=1). Retrying in 30s...
[2026-04-02 15:21:50] [Lazarus] OCI response: /usr/local/Cellar/python@3.14/3.14.3_1/Frameworks/Python.framework/Versions/3.14/lib/python3.14/getpass.py:99: GetPassWarning: Can not control echo on the terminal.
  passwd = fallback_getpass(prompt, stream)
Warning: Password input may be echoed.
Private key passphrase:EOFError: 
[2026-04-02 15:22:22] [Lazarus] Check state #160: unknown
[2026-04-02 15:22:22] [Lazarus] START attempt #160 for ocid1.instance.oc1.ap-singapore-1.anzwsljrjnctqdycjnedjgrwqodx3amfb7bf6vinqc5faebrftwmdzgi7nga
/usr/local/Cellar/python@3.14/3.14.3_1/Frameworks/Python.framework/Versions/3.14/lib/python3.14/getpass.py:99: GetPassWarning: Can not control echo on the terminal.
  passwd = fallback_getpass(prompt, stream)
Warning: Password input may be echoed.
Private key passphrase:EOFError: 
[2026-04-02 15:22:24] [Lazarus] Start command failed (rc=1). Retrying in 30s...
[2026-04-02 15:22:24] [Lazarus] OCI response: /usr/local/Cellar/python@3.14/3.14.3_1/Frameworks/Python.framework/Versions/3.14/lib/python3.14/getpass.py:99: GetPassWarning: Can not control echo on the terminal.
  passwd = fallback_getpass(prompt, stream)
Warning: Password input may be echoed.
Private key passphrase:EOFError: 
[2026-04-02 15:22:56] [Lazarus] Check state #161: unknown
[2026-04-02 15:22:56] [Lazarus] START attempt #161 for ocid1.instance.oc1.ap-singapore-1.anzwsljrjnctqdycjnedjgrwqodx3amfb7bf6vinqc5faebrftwmdzgi7nga
/usr/local/Cellar/python@3.14/3.14.3_1/Frameworks/Python.framework/Versions/3.14/lib/python3.14/getpass.py:99: GetPassWarning: Can not control echo on the terminal.
  passwd = fallback_getpass(prompt, stream)
Warning: Password input may be echoed.
Private key passphrase:EOFError: 
[2026-04-02 15:22:57] [Lazarus] Start command failed (rc=1). Retrying in 30s...
[2026-04-02 15:22:57] [Lazarus] OCI response: /usr/local/Cellar/python@3.14/3.14.3_1/Frameworks/Python.framework/Versions/3.14/lib/python3.14/getpass.py:99: GetPassWarning: Can not control echo on the terminal.
  passwd = fallback_getpass(prompt, stream)
Warning: Password input may be echoed.
Private key passphrase:EOFError: 
[2026-04-02 15:23:30] [Lazarus] Check state #162: unknown
[2026-04-02 15:23:30] [Lazarus] START attempt #162 for ocid1.instance.oc1.ap-singapore-1.anzwsljrjnctqdycjnedjgrwqodx3amfb7bf6vinqc5faebrftwmdzgi7nga
/usr/local/Cellar/python@3.14/3.14.3_1/Frameworks/Python.framework/Versions/3.14/lib/python3.14/getpass.py:99: GetPassWarning: Can not control echo on the terminal.
  passwd = fallback_getpass(prompt, stream)
Warning: Password input may be echoed.
Private key passphrase:EOFError: 
[2026-04-02 15:23:32] [Lazarus] Start command failed (rc=1). Retrying in 30s...
[2026-04-02 15:23:32] [Lazarus] OCI response: /usr/local/Cellar/python@3.14/3.14.3_1/Frameworks/Python.framework/Versions/3.14/lib/python3.14/getpass.py:99: GetPassWarning: Can not control echo on the terminal.
  passwd = fallback_getpass(prompt, stream)
Warning: Password input may be echoed.
Private key passphrase:EOFError: 
[2026-04-02 15:24:04] [Lazarus] Check state #163: unknown
[2026-04-02 15:24:04] [Lazarus] START attempt #163 for ocid1.instance.oc1.ap-singapore-1.anzwsljrjnctqdycjnedjgrwqodx3amfb7bf6vinqc5faebrftwmdzgi7nga
/usr/local/Cellar/python@3.14/3.14.3_1/Frameworks/Python.framework/Versions/3.14/lib/python3.14/getpass.py:99: GetPassWarning: Can not control echo on the terminal.
  passwd = fallback_getpass(prompt, stream)
Warning: Password input may be echoed.
Private key passphrase:EOFError: 
[2026-04-02 15:24:05] [Lazarus] Start command failed (rc=1). Retrying in 30s...
[2026-04-02 15:24:05] [Lazarus] OCI response: /usr/local/Cellar/python@3.14/3.14.3_1/Frameworks/Python.framework/Versions/3.14/lib/python3.14/getpass.py:99: GetPassWarning: Can not control echo on the terminal.
  passwd = fallback_getpass(prompt, stream)
Warning: Password input may be echoed.
Private key passphrase:EOFError: 
[2026-04-02 15:24:37] [Lazarus] Check state #164: unknown
[2026-04-02 15:24:37] [Lazarus] START attempt #164 for ocid1.instance.oc1.ap-singapore-1.anzwsljrjnctqdycjnedjgrwqodx3amfb7bf6vinqc5faebrftwmdzgi7nga
/usr/local/Cellar/python@3.14/3.14.3_1/Frameworks/Python.framework/Versions/3.14/lib/python3.14/getpass.py:99: GetPassWarning: Can not control echo on the terminal.
  passwd = fallback_getpass(prompt, stream)
Warning: Password input may be echoed.
Private key passphrase:EOFError: 
[2026-04-02 15:24:39] [Lazarus] Start command failed (rc=1). Retrying in 30s...
[2026-04-02 15:24:39] [Lazarus] OCI response: /usr/local/Cellar/python@3.14/3.14.3_1/Frameworks/Python.framework/Versions/3.14/lib/python3.14/getpass.py:99: GetPassWarning: Can not control echo on the terminal.
  passwd = fallback_getpass(prompt, stream)
Warning: Password input may be echoed.
Private key passphrase:EOFError: 
[2026-04-02 15:25:11] [Lazarus] Check state #165: unknown
[2026-04-02 15:25:11] [Lazarus] START attempt #165 for ocid1.instance.oc1.ap-singapore-1.anzwsljrjnctqdycjnedjgrwqodx3amfb7bf6vinqc5faebrftwmdzgi7nga
/usr/local/Cellar/python@3.14/3.14.3_1/Frameworks/Python.framework/Versions/3.14/lib/python3.14/getpass.py:99: GetPassWarning: Can not control echo on the terminal.
  passwd = fallback_getpass(prompt, stream)
Warning: Password input may be echoed.
Private key passphrase:EOFError: 
[2026-04-02 15:25:13] [Lazarus] Start command failed (rc=1). Retrying in 30s...
[2026-04-02 15:25:13] [Lazarus] OCI response: /usr/local/Cellar/python@3.14/3.14.3_1/Frameworks/Python.framework/Versions/3.14/lib/python3.14/getpass.py:99: GetPassWarning: Can not control echo on the terminal.
  passwd = fallback_getpass(prompt, stream)
Warning: Password input may be echoed.
Private key passphrase:EOFError: 
[2026-04-02 15:25:46] [Lazarus] Check state #166: unknown
[2026-04-02 15:25:46] [Lazarus] START attempt #166 for ocid1.instance.oc1.ap-singapore-1.anzwsljrjnctqdycjnedjgrwqodx3amfb7bf6vinqc5faebrftwmdzgi7nga
/usr/local/Cellar/python@3.14/3.14.3_1/Frameworks/Python.framework/Versions/3.14/lib/python3.14/getpass.py:99: GetPassWarning: Can not control echo on the terminal.
  passwd = fallback_getpass(prompt, stream)
Warning: Password input may be echoed.
Private key passphrase:EOFError: 
[2026-04-02 15:25:48] [Lazarus] Start command failed (rc=1). Retrying in 30s...
[2026-04-02 15:25:48] [Lazarus] OCI response: /usr/local/Cellar/python@3.14/3.14.3_1/Frameworks/Python.framework/Versions/3.14/lib/python3.14/getpass.py:99: GetPassWarning: Can not control echo on the terminal.
  passwd = fallback_getpass(prompt, stream)
Warning: Password input may be echoed.
Private key passphrase:EOFError: 
[2026-04-02 15:26:20] [Lazarus] Check state #167: unknown
[2026-04-02 15:26:20] [Lazarus] START attempt #167 for ocid1.instance.oc1.ap-singapore-1.anzwsljrjnctqdycjnedjgrwqodx3amfb7bf6vinqc5faebrftwmdzgi7nga
/usr/local/Cellar/python@3.14/3.14.3_1/Frameworks/Python.framework/Versions/3.14/lib/python3.14/getpass.py:99: GetPassWarning: Can not control echo on the terminal.
  passwd = fallback_getpass(prompt, stream)
Warning: Password input may be echoed.
Private key passphrase:EOFError: 
[2026-04-02 15:26:22] [Lazarus] Start command failed (rc=1). Retrying in 30s...
[2026-04-02 15:26:22] [Lazarus] OCI response: /usr/local/Cellar/python@3.14/3.14.3_1/Frameworks/Python.framework/Versions/3.14/lib/python3.14/getpass.py:99: GetPassWarning: Can not control echo on the terminal.
  passwd = fallback_getpass(prompt, stream)
Warning: Password input may be echoed.
Private key passphrase:EOFError: 
[2026-04-02 15:26:54] [Lazarus] Check state #168: unknown
[2026-04-02 15:26:54] [Lazarus] START attempt #168 for ocid1.instance.oc1.ap-singapore-1.anzwsljrjnctqdycjnedjgrwqodx3amfb7bf6vinqc5faebrftwmdzgi7nga
/usr/local/Cellar/python@3.14/3.14.3_1/Frameworks/Python.framework/Versions/3.14/lib/python3.14/getpass.py:99: GetPassWarning: Can not control echo on the terminal.
  passwd = fallback_getpass(prompt, stream)
Warning: Password input may be echoed.
Private key passphrase:EOFError: 
[2026-04-02 15:26:56] [Lazarus] Start command failed (rc=1). Retrying in 30s...
[2026-04-02 15:26:56] [Lazarus] OCI response: /usr/local/Cellar/python@3.14/3.14.3_1/Frameworks/Python.framework/Versions/3.14/lib/python3.14/getpass.py:99: GetPassWarning: Can not control echo on the terminal.
  passwd = fallback_getpass(prompt, stream)
Warning: Password input may be echoed.
Private key passphrase:EOFError: 
[2026-04-02 15:27:27] [Lazarus] Check state #169: unknown
[2026-04-02 15:27:27] [Lazarus] START attempt #169 for ocid1.instance.oc1.ap-singapore-1.anzwsljrjnctqdycjnedjgrwqodx3amfb7bf6vinqc5faebrftwmdzgi7nga
/usr/local/Cellar/python@3.14/3.14.3_1/Frameworks/Python.framework/Versions/3.14/lib/python3.14/getpass.py:99: GetPassWarning: Can not control echo on the terminal.
  passwd = fallback_getpass(prompt, stream)
Warning: Password input may be echoed.
Private key passphrase:EOFError: 
[2026-04-02 15:27:29] [Lazarus] Start command failed (rc=1). Retrying in 30s...
[2026-04-02 15:27:29] [Lazarus] OCI response: /usr/local/Cellar/python@3.14/3.14.3_1/Frameworks/Python.framework/Versions/3.14/lib/python3.14/getpass.py:99: GetPassWarning: Can not control echo on the terminal.
  passwd = fallback_getpass(prompt, stream)
Warning: Password input may be echoed.
Private key passphrase:EOFError: 
[2026-04-02 15:28:01] [Lazarus] Check state #170: unknown
[2026-04-02 15:28:01] [Lazarus] START attempt #170 for ocid1.instance.oc1.ap-singapore-1.anzwsljrjnctqdycjnedjgrwqodx3amfb7bf6vinqc5faebrftwmdzgi7nga
/usr/local/Cellar/python@3.14/3.14.3_1/Frameworks/Python.framework/Versions/3.14/lib/python3.14/getpass.py:99: GetPassWarning: Can not control echo on the terminal.
  passwd = fallback_getpass(prompt, stream)
Warning: Password input may be echoed.
Private key passphrase:EOFError: 
[2026-04-02 15:28:03] [Lazarus] Start command failed (rc=1). Retrying in 30s...
[2026-04-02 15:28:03] [Lazarus] OCI response: /usr/local/Cellar/python@3.14/3.14.3_1/Frameworks/Python.framework/Versions/3.14/lib/python3.14/getpass.py:99: GetPassWarning: Can not control echo on the terminal.
  passwd = fallback_getpass(prompt, stream)
Warning: Password input may be echoed.
Private key passphrase:EOFError: 
[2026-04-02 15:28:35] [Lazarus] Check state #171: unknown
[2026-04-02 15:28:35] [Lazarus] START attempt #171 for ocid1.instance.oc1.ap-singapore-1.anzwsljrjnctqdycjnedjgrwqodx3amfb7bf6vinqc5faebrftwmdzgi7nga
/usr/local/Cellar/python@3.14/3.14.3_1/Frameworks/Python.framework/Versions/3.14/lib/python3.14/getpass.py:99: GetPassWarning: Can not control echo on the terminal.
  passwd = fallback_getpass(prompt, stream)
Warning: Password input may be echoed.
Private key passphrase:EOFError: 
[2026-04-02 15:28:36] [Lazarus] Start command failed (rc=1). Retrying in 30s...
[2026-04-02 15:28:36] [Lazarus] OCI response: /usr/local/Cellar/python@3.14/3.14.3_1/Frameworks/Python.framework/Versions/3.14/lib/python3.14/getpass.py:99: GetPassWarning: Can not control echo on the terminal.
  passwd = fallback_getpass(prompt, stream)
Warning: Password input may be echoed.
Private key passphrase:EOFError: 
[2026-04-02 15:29:08] [Lazarus] Check state #172: unknown
[2026-04-02 15:29:08] [Lazarus] START attempt #172 for ocid1.instance.oc1.ap-singapore-1.anzwsljrjnctqdycjnedjgrwqodx3amfb7bf6vinqc5faebrftwmdzgi7nga
/usr/local/Cellar/python@3.14/3.14.3_1/Frameworks/Python.framework/Versions/3.14/lib/python3.14/getpass.py:99: GetPassWarning: Can not control echo on the terminal.
  passwd = fallback_getpass(prompt, stream)
Warning: Password input may be echoed.
Private key passphrase:EOFError: 
[2026-04-02 15:29:10] [Lazarus] Start command failed (rc=1). Retrying in 30s...
[2026-04-02 15:29:10] [Lazarus] OCI response: /usr/local/Cellar/python@3.14/3.14.3_1/Frameworks/Python.framework/Versions/3.14/lib/python3.14/getpass.py:99: GetPassWarning: Can not control echo on the terminal.
  passwd = fallback_getpass(prompt, stream)
Warning: Password input may be echoed.
Private key passphrase:EOFError: 
[2026-04-02 15:29:42] [Lazarus] Check state #173: unknown
[2026-04-02 15:29:42] [Lazarus] START attempt #173 for ocid1.instance.oc1.ap-singapore-1.anzwsljrjnctqdycjnedjgrwqodx3amfb7bf6vinqc5faebrftwmdzgi7nga
/usr/local/Cellar/python@3.14/3.14.3_1/Frameworks/Python.framework/Versions/3.14/lib/python3.14/getpass.py:99: GetPassWarning: Can not control echo on the terminal.
  passwd = fallback_getpass(prompt, stream)
Warning: Password input may be echoed.
Private key passphrase:EOFError: 
[2026-04-02 15:29:44] [Lazarus] Start command failed (rc=1). Retrying in 30s...
[2026-04-02 15:29:44] [Lazarus] OCI response: /usr/local/Cellar/python@3.14/3.14.3_1/Frameworks/Python.framework/Versions/3.14/lib/python3.14/getpass.py:99: GetPassWarning: Can not control echo on the terminal.
  passwd = fallback_getpass(prompt, stream)
Warning: Password input may be echoed.
Private key passphrase:EOFError: 
[2026-04-02 15:30:15] [Lazarus] Check state #174: unknown
[2026-04-02 15:30:15] [Lazarus] START attempt #174 for ocid1.instance.oc1.ap-singapore-1.anzwsljrjnctqdycjnedjgrwqodx3amfb7bf6vinqc5faebrftwmdzgi7nga
/usr/local/Cellar/python@3.14/3.14.3_1/Frameworks/Python.framework/Versions/3.14/lib/python3.14/getpass.py:99: GetPassWarning: Can not control echo on the terminal.
  passwd = fallback_getpass(prompt, stream)
Warning: Password input may be echoed.
Private key passphrase:EOFError: 
[2026-04-02 15:30:17] [Lazarus] Start command failed (rc=1). Retrying in 30s...
[2026-04-02 15:30:17] [Lazarus] OCI response: /usr/local/Cellar/python@3.14/3.14.3_1/Frameworks/Python.framework/Versions/3.14/lib/python3.14/getpass.py:99: GetPassWarning: Can not control echo on the terminal.
  passwd = fallback_getpass(prompt, stream)
Warning: Password input may be echoed.
Private key passphrase:EOFError: 
[2026-04-02 15:30:49] [Lazarus] Check state #175: unknown
[2026-04-02 15:30:49] [Lazarus] START attempt #175 for ocid1.instance.oc1.ap-singapore-1.anzwsljrjnctqdycjnedjgrwqodx3amfb7bf6vinqc5faebrftwmdzgi7nga
/usr/local/Cellar/python@3.14/3.14.3_1/Frameworks/Python.framework/Versions/3.14/lib/python3.14/getpass.py:99: GetPassWarning: Can not control echo on the terminal.
  passwd = fallback_getpass(prompt, stream)
Warning: Password input may be echoed.
Private key passphrase:EOFError: 
[2026-04-02 15:30:51] [Lazarus] Start command failed (rc=1). Retrying in 30s...
[2026-04-02 15:30:51] [Lazarus] OCI response: /usr/local/Cellar/python@3.14/3.14.3_1/Frameworks/Python.framework/Versions/3.14/lib/python3.14/getpass.py:99: GetPassWarning: Can not control echo on the terminal.
  passwd = fallback_getpass(prompt, stream)
Warning: Password input may be echoed.
Private key passphrase:EOFError: 
[2026-04-02 15:31:23] [Lazarus] Check state #176: unknown
[2026-04-02 15:31:23] [Lazarus] START attempt #176 for ocid1.instance.oc1.ap-singapore-1.anzwsljrjnctqdycjnedjgrwqodx3amfb7bf6vinqc5faebrftwmdzgi7nga
/usr/local/Cellar/python@3.14/3.14.3_1/Frameworks/Python.framework/Versions/3.14/lib/python3.14/getpass.py:99: GetPassWarning: Can not control echo on the terminal.
  passwd = fallback_getpass(prompt, stream)
Warning: Password input may be echoed.
Private key passphrase:EOFError: 
[2026-04-02 15:31:25] [Lazarus] Start command failed (rc=1). Retrying in 30s...
[2026-04-02 15:31:25] [Lazarus] OCI response: /usr/local/Cellar/python@3.14/3.14.3_1/Frameworks/Python.framework/Versions/3.14/lib/python3.14/getpass.py:99: GetPassWarning: Can not control echo on the terminal.
  passwd = fallback_getpass(prompt, stream)
Warning: Password input may be echoed.
Private key passphrase:EOFError: 
[2026-04-02 15:31:57] [Lazarus] Check state #177: unknown
[2026-04-02 15:31:57] [Lazarus] START attempt #177 for ocid1.instance.oc1.ap-singapore-1.anzwsljrjnctqdycjnedjgrwqodx3amfb7bf6vinqc5faebrftwmdzgi7nga
/usr/local/Cellar/python@3.14/3.14.3_1/Frameworks/Python.framework/Versions/3.14/lib/python3.14/getpass.py:99: GetPassWarning: Can not control echo on the terminal.
  passwd = fallback_getpass(prompt, stream)
Warning: Password input may be echoed.
Private key passphrase:EOFError: 
[2026-04-02 15:31:59] [Lazarus] Start command failed (rc=1). Retrying in 30s...
[2026-04-02 15:31:59] [Lazarus] OCI response: /usr/local/Cellar/python@3.14/3.14.3_1/Frameworks/Python.framework/Versions/3.14/lib/python3.14/getpass.py:99: GetPassWarning: Can not control echo on the terminal.
  passwd = fallback_getpass(prompt, stream)
Warning: Password input may be echoed.
Private key passphrase:EOFError: 
[2026-04-02 15:32:31] [Lazarus] Check state #178: unknown
[2026-04-02 15:32:31] [Lazarus] START attempt #178 for ocid1.instance.oc1.ap-singapore-1.anzwsljrjnctqdycjnedjgrwqodx3amfb7bf6vinqc5faebrftwmdzgi7nga
/usr/local/Cellar/python@3.14/3.14.3_1/Frameworks/Python.framework/Versions/3.14/lib/python3.14/getpass.py:99: GetPassWarning: Can not control echo on the terminal.
  passwd = fallback_getpass(prompt, stream)
Warning: Password input may be echoed.
Private key passphrase:EOFError: 
[2026-04-02 15:32:32] [Lazarus] Start command failed (rc=1). Retrying in 30s...
[2026-04-02 15:32:32] [Lazarus] OCI response: /usr/local/Cellar/python@3.14/3.14.3_1/Frameworks/Python.framework/Versions/3.14/lib/python3.14/getpass.py:99: GetPassWarning: Can not control echo on the terminal.
  passwd = fallback_getpass(prompt, stream)
Warning: Password input may be echoed.
Private key passphrase:EOFError: 
[2026-04-02 15:33:04] [Lazarus] Check state #179: unknown
[2026-04-02 15:33:04] [Lazarus] START attempt #179 for ocid1.instance.oc1.ap-singapore-1.anzwsljrjnctqdycjnedjgrwqodx3amfb7bf6vinqc5faebrftwmdzgi7nga
/usr/local/Cellar/python@3.14/3.14.3_1/Frameworks/Python.framework/Versions/3.14/lib/python3.14/getpass.py:99: GetPassWarning: Can not control echo on the terminal.
  passwd = fallback_getpass(prompt, stream)
Warning: Password input may be echoed.
Private key passphrase:EOFError: 
[2026-04-02 15:33:06] [Lazarus] Start command failed (rc=1). Retrying in 30s...
[2026-04-02 15:33:06] [Lazarus] OCI response: /usr/local/Cellar/python@3.14/3.14.3_1/Frameworks/Python.framework/Versions/3.14/lib/python3.14/getpass.py:99: GetPassWarning: Can not control echo on the terminal.
  passwd = fallback_getpass(prompt, stream)
Warning: Password input may be echoed.
Private key passphrase:EOFError: 
[2026-04-02 15:33:38] [Lazarus] Check state #180: unknown
[2026-04-02 15:33:38] [Lazarus] START attempt #180 for ocid1.instance.oc1.ap-singapore-1.anzwsljrjnctqdycjnedjgrwqodx3amfb7bf6vinqc5faebrftwmdzgi7nga
/usr/local/Cellar/python@3.14/3.14.3_1/Frameworks/Python.framework/Versions/3.14/lib/python3.14/getpass.py:99: GetPassWarning: Can not control echo on the terminal.
  passwd = fallback_getpass(prompt, stream)
Warning: Password input may be echoed.
Private key passphrase:EOFError: 
[2026-04-02 15:33:39] [Lazarus] Start command failed (rc=1). Retrying in 30s...
[2026-04-02 15:33:39] [Lazarus] OCI response: /usr/local/Cellar/python@3.14/3.14.3_1/Frameworks/Python.framework/Versions/3.14/lib/python3.14/getpass.py:99: GetPassWarning: Can not control echo on the terminal.
  passwd = fallback_getpass(prompt, stream)
Warning: Password input may be echoed.
Private key passphrase:EOFError: 
[2026-04-02 15:34:11] [Lazarus] Check state #181: unknown
[2026-04-02 15:34:11] [Lazarus] START attempt #181 for ocid1.instance.oc1.ap-singapore-1.anzwsljrjnctqdycjnedjgrwqodx3amfb7bf6vinqc5faebrftwmdzgi7nga
/usr/local/Cellar/python@3.14/3.14.3_1/Frameworks/Python.framework/Versions/3.14/lib/python3.14/getpass.py:99: GetPassWarning: Can not control echo on the terminal.
  passwd = fallback_getpass(prompt, stream)
Warning: Password input may be echoed.
Private key passphrase:EOFError: 
[2026-04-02 15:34:13] [Lazarus] Start command failed (rc=1). Retrying in 30s...
[2026-04-02 15:34:13] [Lazarus] OCI response: /usr/local/Cellar/python@3.14/3.14.3_1/Frameworks/Python.framework/Versions/3.14/lib/python3.14/getpass.py:99: GetPassWarning: Can not control echo on the terminal.
  passwd = fallback_getpass(prompt, stream)
Warning: Password input may be echoed.
Private key passphrase:EOFError: 
[2026-04-02 15:34:45] [Lazarus] Check state #182: unknown
[2026-04-02 15:34:45] [Lazarus] START attempt #182 for ocid1.instance.oc1.ap-singapore-1.anzwsljrjnctqdycjnedjgrwqodx3amfb7bf6vinqc5faebrftwmdzgi7nga
/usr/local/Cellar/python@3.14/3.14.3_1/Frameworks/Python.framework/Versions/3.14/lib/python3.14/getpass.py:99: GetPassWarning: Can not control echo on the terminal.
  passwd = fallback_getpass(prompt, stream)
Warning: Password input may be echoed.
Private key passphrase:EOFError: 
[2026-04-02 15:34:47] [Lazarus] Start command failed (rc=1). Retrying in 30s...
[2026-04-02 15:34:47] [Lazarus] OCI response: /usr/local/Cellar/python@3.14/3.14.3_1/Frameworks/Python.framework/Versions/3.14/lib/python3.14/getpass.py:99: GetPassWarning: Can not control echo on the terminal.
  passwd = fallback_getpass(prompt, stream)
Warning: Password input may be echoed.
Private key passphrase:EOFError: 
[2026-04-02 15:35:20] [Lazarus] Check state #183: unknown
[2026-04-02 15:35:20] [Lazarus] START attempt #183 for ocid1.instance.oc1.ap-singapore-1.anzwsljrjnctqdycjnedjgrwqodx3amfb7bf6vinqc5faebrftwmdzgi7nga
/usr/local/Cellar/python@3.14/3.14.3_1/Frameworks/Python.framework/Versions/3.14/lib/python3.14/getpass.py:99: GetPassWarning: Can not control echo on the terminal.
  passwd = fallback_getpass(prompt, stream)
Warning: Password input may be echoed.
Private key passphrase:EOFError: 
[2026-04-02 15:35:22] [Lazarus] Start command failed (rc=1). Retrying in 30s...
[2026-04-02 15:35:22] [Lazarus] OCI response: /usr/local/Cellar/python@3.14/3.14.3_1/Frameworks/Python.framework/Versions/3.14/lib/python3.14/getpass.py:99: GetPassWarning: Can not control echo on the terminal.
  passwd = fallback_getpass(prompt, stream)
Warning: Password input may be echoed.
Private key passphrase:EOFError: 
[2026-04-02 15:35:54] [Lazarus] Check state #184: unknown
[2026-04-02 15:35:54] [Lazarus] START attempt #184 for ocid1.instance.oc1.ap-singapore-1.anzwsljrjnctqdycjnedjgrwqodx3amfb7bf6vinqc5faebrftwmdzgi7nga
/usr/local/Cellar/python@3.14/3.14.3_1/Frameworks/Python.framework/Versions/3.14/lib/python3.14/getpass.py:99: GetPassWarning: Can not control echo on the terminal.
  passwd = fallback_getpass(prompt, stream)
Warning: Password input may be echoed.
Private key passphrase:EOFError: 
[2026-04-02 15:35:56] [Lazarus] Start command failed (rc=1). Retrying in 30s...
[2026-04-02 15:35:56] [Lazarus] OCI response: /usr/local/Cellar/python@3.14/3.14.3_1/Frameworks/Python.framework/Versions/3.14/lib/python3.14/getpass.py:99: GetPassWarning: Can not control echo on the terminal.
  passwd = fallback_getpass(prompt, stream)
Warning: Password input may be echoed.
Private key passphrase:EOFError: 
[2026-04-02 15:36:27] [Lazarus] Check state #185: unknown
[2026-04-02 15:36:27] [Lazarus] START attempt #185 for ocid1.instance.oc1.ap-singapore-1.anzwsljrjnctqdycjnedjgrwqodx3amfb7bf6vinqc5faebrftwmdzgi7nga
/usr/local/Cellar/python@3.14/3.14.3_1/Frameworks/Python.framework/Versions/3.14/lib/python3.14/getpass.py:99: GetPassWarning: Can not control echo on the terminal.
  passwd = fallback_getpass(prompt, stream)
Warning: Password input may be echoed.
Private key passphrase:EOFError: 
[2026-04-02 15:36:28] [Lazarus] Start command failed (rc=1). Retrying in 30s...
[2026-04-02 15:36:28] [Lazarus] OCI response: /usr/local/Cellar/python@3.14/3.14.3_1/Frameworks/Python.framework/Versions/3.14/lib/python3.14/getpass.py:99: GetPassWarning: Can not control echo on the terminal.
  passwd = fallback_getpass(prompt, stream)
Warning: Password input may be echoed.
Private key passphrase:EOFError: 
[2026-04-02 15:37:01] [Lazarus] Check state #186: unknown
[2026-04-02 15:37:01] [Lazarus] START attempt #186 for ocid1.instance.oc1.ap-singapore-1.anzwsljrjnctqdycjnedjgrwqodx3amfb7bf6vinqc5faebrftwmdzgi7nga
/usr/local/Cellar/python@3.14/3.14.3_1/Frameworks/Python.framework/Versions/3.14/lib/python3.14/getpass.py:99: GetPassWarning: Can not control echo on the terminal.
  passwd = fallback_getpass(prompt, stream)
Warning: Password input may be echoed.
Private key passphrase:EOFError: 
[2026-04-02 15:37:02] [Lazarus] Start command failed (rc=1). Retrying in 30s...
[2026-04-02 15:37:02] [Lazarus] OCI response: /usr/local/Cellar/python@3.14/3.14.3_1/Frameworks/Python.framework/Versions/3.14/lib/python3.14/getpass.py:99: GetPassWarning: Can not control echo on the terminal.
  passwd = fallback_getpass(prompt, stream)
Warning: Password input may be echoed.
Private key passphrase:EOFError: 
[2026-04-02 15:37:35] [Lazarus] Check state #187: unknown
[2026-04-02 15:37:35] [Lazarus] START attempt #187 for ocid1.instance.oc1.ap-singapore-1.anzwsljrjnctqdycjnedjgrwqodx3amfb7bf6vinqc5faebrftwmdzgi7nga
/usr/local/Cellar/python@3.14/3.14.3_1/Frameworks/Python.framework/Versions/3.14/lib/python3.14/getpass.py:99: GetPassWarning: Can not control echo on the terminal.
  passwd = fallback_getpass(prompt, stream)
Warning: Password input may be echoed.
Private key passphrase:EOFError: 
[2026-04-02 15:37:36] [Lazarus] Start command failed (rc=1). Retrying in 30s...
[2026-04-02 15:37:36] [Lazarus] OCI response: /usr/local/Cellar/python@3.14/3.14.3_1/Frameworks/Python.framework/Versions/3.14/lib/python3.14/getpass.py:99: GetPassWarning: Can not control echo on the terminal.
  passwd = fallback_getpass(prompt, stream)
Warning: Password input may be echoed.
Private key passphrase:EOFError: 
[2026-04-02 15:38:09] [Lazarus] Check state #188: unknown
[2026-04-02 15:38:09] [Lazarus] START attempt #188 for ocid1.instance.oc1.ap-singapore-1.anzwsljrjnctqdycjnedjgrwqodx3amfb7bf6vinqc5faebrftwmdzgi7nga
/usr/local/Cellar/python@3.14/3.14.3_1/Frameworks/Python.framework/Versions/3.14/lib/python3.14/getpass.py:99: GetPassWarning: Can not control echo on the terminal.
  passwd = fallback_getpass(prompt, stream)
Warning: Password input may be echoed.
Private key passphrase:EOFError: 
[2026-04-02 15:38:11] [Lazarus] Start command failed (rc=1). Retrying in 30s...
[2026-04-02 15:38:11] [Lazarus] OCI response: /usr/local/Cellar/python@3.14/3.14.3_1/Frameworks/Python.framework/Versions/3.14/lib/python3.14/getpass.py:99: GetPassWarning: Can not control echo on the terminal.
  passwd = fallback_getpass(prompt, stream)
Warning: Password input may be echoed.
Private key passphrase:EOFError: 
[2026-04-02 15:38:43] [Lazarus] Check state #189: unknown
[2026-04-02 15:38:43] [Lazarus] START attempt #189 for ocid1.instance.oc1.ap-singapore-1.anzwsljrjnctqdycjnedjgrwqodx3amfb7bf6vinqc5faebrftwmdzgi7nga
/usr/local/Cellar/python@3.14/3.14.3_1/Frameworks/Python.framework/Versions/3.14/lib/python3.14/getpass.py:99: GetPassWarning: Can not control echo on the terminal.
  passwd = fallback_getpass(prompt, stream)
Warning: Password input may be echoed.
Private key passphrase:EOFError: 
[2026-04-02 15:38:45] [Lazarus] Start command failed (rc=1). Retrying in 30s...
[2026-04-02 15:38:45] [Lazarus] OCI response: /usr/local/Cellar/python@3.14/3.14.3_1/Frameworks/Python.framework/Versions/3.14/lib/python3.14/getpass.py:99: GetPassWarning: Can not control echo on the terminal.
  passwd = fallback_getpass(prompt, stream)
Warning: Password input may be echoed.
Private key passphrase:EOFError: 
[2026-04-02 15:39:19] [Lazarus] Check state #190: unknown
[2026-04-02 15:39:19] [Lazarus] START attempt #190 for ocid1.instance.oc1.ap-singapore-1.anzwsljrjnctqdycjnedjgrwqodx3amfb7bf6vinqc5faebrftwmdzgi7nga
/usr/local/Cellar/python@3.14/3.14.3_1/Frameworks/Python.framework/Versions/3.14/lib/python3.14/getpass.py:99: GetPassWarning: Can not control echo on the terminal.
  passwd = fallback_getpass(prompt, stream)
Warning: Password input may be echoed.
Private key passphrase:EOFError: 
[2026-04-02 15:39:22] [Lazarus] Start command failed (rc=1). Retrying in 30s...
[2026-04-02 15:39:22] [Lazarus] OCI response: /usr/local/Cellar/python@3.14/3.14.3_1/Frameworks/Python.framework/Versions/3.14/lib/python3.14/getpass.py:99: GetPassWarning: Can not control echo on the terminal.
  passwd = fallback_getpass(prompt, stream)
Warning: Password input may be echoed.
Private key passphrase:EOFError: 
[2026-04-02 15:39:54] [Lazarus] Check state #191: unknown
[2026-04-02 15:39:54] [Lazarus] START attempt #191 for ocid1.instance.oc1.ap-singapore-1.anzwsljrjnctqdycjnedjgrwqodx3amfb7bf6vinqc5faebrftwmdzgi7nga
/usr/local/Cellar/python@3.14/3.14.3_1/Frameworks/Python.framework/Versions/3.14/lib/python3.14/getpass.py:99: GetPassWarning: Can not control echo on the terminal.
  passwd = fallback_getpass(prompt, stream)
Warning: Password input may be echoed.
Private key passphrase:EOFError: 
[2026-04-02 15:39:55] [Lazarus] Start command failed (rc=1). Retrying in 30s...
[2026-04-02 15:39:55] [Lazarus] OCI response: /usr/local/Cellar/python@3.14/3.14.3_1/Frameworks/Python.framework/Versions/3.14/lib/python3.14/getpass.py:99: GetPassWarning: Can not control echo on the terminal.
  passwd = fallback_getpass(prompt, stream)
Warning: Password input may be echoed.
Private key passphrase:EOFError: 
[2026-04-02 15:40:29] [Lazarus] Check state #192: unknown
[2026-04-02 15:40:29] [Lazarus] START attempt #192 for ocid1.instance.oc1.ap-singapore-1.anzwsljrjnctqdycjnedjgrwqodx3amfb7bf6vinqc5faebrftwmdzgi7nga
/usr/local/Cellar/python@3.14/3.14.3_1/Frameworks/Python.framework/Versions/3.14/lib/python3.14/getpass.py:99: GetPassWarning: Can not control echo on the terminal.
  passwd = fallback_getpass(prompt, stream)
Warning: Password input may be echoed.
Private key passphrase:EOFError: 
[2026-04-02 15:40:31] [Lazarus] Start command failed (rc=1). Retrying in 30s...
[2026-04-02 15:40:31] [Lazarus] OCI response: /usr/local/Cellar/python@3.14/3.14.3_1/Frameworks/Python.framework/Versions/3.14/lib/python3.14/getpass.py:99: GetPassWarning: Can not control echo on the terminal.
  passwd = fallback_getpass(prompt, stream)
Warning: Password input may be echoed.
Private key passphrase:EOFError: 
[2026-04-02 15:41:04] [Lazarus] Check state #193: unknown
[2026-04-02 15:41:04] [Lazarus] START attempt #193 for ocid1.instance.oc1.ap-singapore-1.anzwsljrjnctqdycjnedjgrwqodx3amfb7bf6vinqc5faebrftwmdzgi7nga
/usr/local/Cellar/python@3.14/3.14.3_1/Frameworks/Python.framework/Versions/3.14/lib/python3.14/getpass.py:99: GetPassWarning: Can not control echo on the terminal.
  passwd = fallback_getpass(prompt, stream)
Warning: Password input may be echoed.
Private key passphrase:EOFError: 
[2026-04-02 15:41:05] [Lazarus] Start command failed (rc=1). Retrying in 30s...
[2026-04-02 15:41:05] [Lazarus] OCI response: /usr/local/Cellar/python@3.14/3.14.3_1/Frameworks/Python.framework/Versions/3.14/lib/python3.14/getpass.py:99: GetPassWarning: Can not control echo on the terminal.
  passwd = fallback_getpass(prompt, stream)
Warning: Password input may be echoed.
Private key passphrase:EOFError: 
[2026-04-02 15:41:37] [Lazarus] Check state #194: unknown
[2026-04-02 15:41:37] [Lazarus] START attempt #194 for ocid1.instance.oc1.ap-singapore-1.anzwsljrjnctqdycjnedjgrwqodx3amfb7bf6vinqc5faebrftwmdzgi7nga
/usr/local/Cellar/python@3.14/3.14.3_1/Frameworks/Python.framework/Versions/3.14/lib/python3.14/getpass.py:99: GetPassWarning: Can not control echo on the terminal.
  passwd = fallback_getpass(prompt, stream)
Warning: Password input may be echoed.
Private key passphrase:EOFError: 
[2026-04-02 15:41:39] [Lazarus] Start command failed (rc=1). Retrying in 30s...
[2026-04-02 15:41:39] [Lazarus] OCI response: /usr/local/Cellar/python@3.14/3.14.3_1/Frameworks/Python.framework/Versions/3.14/lib/python3.14/getpass.py:99: GetPassWarning: Can not control echo on the terminal.
  passwd = fallback_getpass(prompt, stream)
Warning: Password input may be echoed.
Private key passphrase:EOFError: 
[2026-04-02 15:42:10] [Lazarus] Check state #195: unknown
[2026-04-02 15:42:10] [Lazarus] START attempt #195 for ocid1.instance.oc1.ap-singapore-1.anzwsljrjnctqdycjnedjgrwqodx3amfb7bf6vinqc5faebrftwmdzgi7nga
/usr/local/Cellar/python@3.14/3.14.3_1/Frameworks/Python.framework/Versions/3.14/lib/python3.14/getpass.py:99: GetPassWarning: Can not control echo on the terminal.
  passwd = fallback_getpass(prompt, stream)
Warning: Password input may be echoed.
Private key passphrase:EOFError: 
[2026-04-02 15:42:12] [Lazarus] Start command failed (rc=1). Retrying in 30s...
[2026-04-02 15:42:12] [Lazarus] OCI response: /usr/local/Cellar/python@3.14/3.14.3_1/Frameworks/Python.framework/Versions/3.14/lib/python3.14/getpass.py:99: GetPassWarning: Can not control echo on the terminal.
  passwd = fallback_getpass(prompt, stream)
Warning: Password input may be echoed.
Private key passphrase:EOFError: 
[2026-04-02 15:42:43] [Lazarus] Check state #196: unknown
[2026-04-02 15:42:43] [Lazarus] START attempt #196 for ocid1.instance.oc1.ap-singapore-1.anzwsljrjnctqdycjnedjgrwqodx3amfb7bf6vinqc5faebrftwmdzgi7nga
/usr/local/Cellar/python@3.14/3.14.3_1/Frameworks/Python.framework/Versions/3.14/lib/python3.14/getpass.py:99: GetPassWarning: Can not control echo on the terminal.
  passwd = fallback_getpass(prompt, stream)
Warning: Password input may be echoed.
Private key passphrase:EOFError: 
[2026-04-02 15:42:45] [Lazarus] Start command failed (rc=1). Retrying in 30s...
[2026-04-02 15:42:45] [Lazarus] OCI response: /usr/local/Cellar/python@3.14/3.14.3_1/Frameworks/Python.framework/Versions/3.14/lib/python3.14/getpass.py:99: GetPassWarning: Can not control echo on the terminal.
  passwd = fallback_getpass(prompt, stream)
Warning: Password input may be echoed.
Private key passphrase:EOFError: 
[2026-04-02 15:43:16] [Lazarus] Check state #197: unknown
[2026-04-02 15:43:16] [Lazarus] START attempt #197 for ocid1.instance.oc1.ap-singapore-1.anzwsljrjnctqdycjnedjgrwqodx3amfb7bf6vinqc5faebrftwmdzgi7nga
/usr/local/Cellar/python@3.14/3.14.3_1/Frameworks/Python.framework/Versions/3.14/lib/python3.14/getpass.py:99: GetPassWarning: Can not control echo on the terminal.
  passwd = fallback_getpass(prompt, stream)
Warning: Password input may be echoed.
Private key passphrase:EOFError: 
[2026-04-02 15:43:18] [Lazarus] Start command failed (rc=1). Retrying in 30s...
[2026-04-02 15:43:18] [Lazarus] OCI response: /usr/local/Cellar/python@3.14/3.14.3_1/Frameworks/Python.framework/Versions/3.14/lib/python3.14/getpass.py:99: GetPassWarning: Can not control echo on the terminal.
  passwd = fallback_getpass(prompt, stream)
Warning: Password input may be echoed.
Private key passphrase:EOFError: 
[2026-04-02 15:43:49] [Lazarus] Check state #198: unknown
[2026-04-02 15:43:49] [Lazarus] START attempt #198 for ocid1.instance.oc1.ap-singapore-1.anzwsljrjnctqdycjnedjgrwqodx3amfb7bf6vinqc5faebrftwmdzgi7nga
/usr/local/Cellar/python@3.14/3.14.3_1/Frameworks/Python.framework/Versions/3.14/lib/python3.14/getpass.py:99: GetPassWarning: Can not control echo on the terminal.
  passwd = fallback_getpass(prompt, stream)
Warning: Password input may be echoed.
Private key passphrase:EOFError: 
[2026-04-02 15:43:50] [Lazarus] Start command failed (rc=1). Retrying in 30s...
[2026-04-02 15:43:50] [Lazarus] OCI response: /usr/local/Cellar/python@3.14/3.14.3_1/Frameworks/Python.framework/Versions/3.14/lib/python3.14/getpass.py:99: GetPassWarning: Can not control echo on the terminal.
  passwd = fallback_getpass(prompt, stream)
Warning: Password input may be echoed.
Private key passphrase:EOFError: 
[2026-04-02 15:44:23] [Lazarus] Check state #199: unknown
[2026-04-02 15:44:23] [Lazarus] START attempt #199 for ocid1.instance.oc1.ap-singapore-1.anzwsljrjnctqdycjnedjgrwqodx3amfb7bf6vinqc5faebrftwmdzgi7nga
/usr/local/Cellar/python@3.14/3.14.3_1/Frameworks/Python.framework/Versions/3.14/lib/python3.14/getpass.py:99: GetPassWarning: Can not control echo on the terminal.
  passwd = fallback_getpass(prompt, stream)
Warning: Password input may be echoed.
Private key passphrase:EOFError: 
[2026-04-02 15:44:25] [Lazarus] Start command failed (rc=1). Retrying in 30s...
[2026-04-02 15:44:25] [Lazarus] OCI response: /usr/local/Cellar/python@3.14/3.14.3_1/Frameworks/Python.framework/Versions/3.14/lib/python3.14/getpass.py:99: GetPassWarning: Can not control echo on the terminal.
  passwd = fallback_getpass(prompt, stream)
Warning: Password input may be echoed.
Private key passphrase:EOFError: 
[2026-04-02 15:44:57] [Lazarus] Check state #200: unknown
[2026-04-02 15:44:57] [Lazarus] START attempt #200 for ocid1.instance.oc1.ap-singapore-1.anzwsljrjnctqdycjnedjgrwqodx3amfb7bf6vinqc5faebrftwmdzgi7nga
/usr/local/Cellar/python@3.14/3.14.3_1/Frameworks/Python.framework/Versions/3.14/lib/python3.14/getpass.py:99: GetPassWarning: Can not control echo on the terminal.
  passwd = fallback_getpass(prompt, stream)
Warning: Password input may be echoed.
Private key passphrase:EOFError: 
[2026-04-02 15:44:59] [Lazarus] Start command failed (rc=1). Retrying in 30s...
[2026-04-02 15:44:59] [Lazarus] OCI response: /usr/local/Cellar/python@3.14/3.14.3_1/Frameworks/Python.framework/Versions/3.14/lib/python3.14/getpass.py:99: GetPassWarning: Can not control echo on the terminal.
  passwd = fallback_getpass(prompt, stream)
Warning: Password input may be echoed.
Private key passphrase:EOFError: 
[2026-04-02 15:45:30] [Lazarus] Check state #201: unknown
[2026-04-02 15:45:30] [Lazarus] START attempt #201 for ocid1.instance.oc1.ap-singapore-1.anzwsljrjnctqdycjnedjgrwqodx3amfb7bf6vinqc5faebrftwmdzgi7nga
/usr/local/Cellar/python@3.14/3.14.3_1/Frameworks/Python.framework/Versions/3.14/lib/python3.14/getpass.py:99: GetPassWarning: Can not control echo on the terminal.
  passwd = fallback_getpass(prompt, stream)
Warning: Password input may be echoed.
Private key passphrase:EOFError: 
[2026-04-02 15:45:32] [Lazarus] Start command failed (rc=1). Retrying in 30s...
[2026-04-02 15:45:32] [Lazarus] OCI response: /usr/local/Cellar/python@3.14/3.14.3_1/Frameworks/Python.framework/Versions/3.14/lib/python3.14/getpass.py:99: GetPassWarning: Can not control echo on the terminal.
  passwd = fallback_getpass(prompt, stream)
Warning: Password input may be echoed.
Private key passphrase:EOFError: 
[2026-04-02 15:46:04] [Lazarus] Check state #202: unknown
[2026-04-02 15:46:04] [Lazarus] START attempt #202 for ocid1.instance.oc1.ap-singapore-1.anzwsljrjnctqdycjnedjgrwqodx3amfb7bf6vinqc5faebrftwmdzgi7nga
/usr/local/Cellar/python@3.14/3.14.3_1/Frameworks/Python.framework/Versions/3.14/lib/python3.14/getpass.py:99: GetPassWarning: Can not control echo on the terminal.
  passwd = fallback_getpass(prompt, stream)
Warning: Password input may be echoed.
Private key passphrase:EOFError: 
[2026-04-02 15:46:06] [Lazarus] Start command failed (rc=1). Retrying in 30s...
[2026-04-02 15:46:06] [Lazarus] OCI response: /usr/local/Cellar/python@3.14/3.14.3_1/Frameworks/Python.framework/Versions/3.14/lib/python3.14/getpass.py:99: GetPassWarning: Can not control echo on the terminal.
  passwd = fallback_getpass(prompt, stream)
Warning: Password input may be echoed.
Private key passphrase:EOFError: 
[2026-04-02 15:46:38] [Lazarus] Check state #203: unknown
[2026-04-02 15:46:38] [Lazarus] START attempt #203 for ocid1.instance.oc1.ap-singapore-1.anzwsljrjnctqdycjnedjgrwqodx3amfb7bf6vinqc5faebrftwmdzgi7nga
/usr/local/Cellar/python@3.14/3.14.3_1/Frameworks/Python.framework/Versions/3.14/lib/python3.14/getpass.py:99: GetPassWarning: Can not control echo on the terminal.
  passwd = fallback_getpass(prompt, stream)
Warning: Password input may be echoed.
Private key passphrase:EOFError: 
[2026-04-02 15:46:40] [Lazarus] Start command failed (rc=1). Retrying in 30s...
[2026-04-02 15:46:40] [Lazarus] OCI response: /usr/local/Cellar/python@3.14/3.14.3_1/Frameworks/Python.framework/Versions/3.14/lib/python3.14/getpass.py:99: GetPassWarning: Can not control echo on the terminal.
  passwd = fallback_getpass(prompt, stream)
Warning: Password input may be echoed.
Private key passphrase:EOFError: 
[2026-04-02 15:47:11] [Lazarus] Check state #204: unknown
[2026-04-02 15:47:11] [Lazarus] START attempt #204 for ocid1.instance.oc1.ap-singapore-1.anzwsljrjnctqdycjnedjgrwqodx3amfb7bf6vinqc5faebrftwmdzgi7nga
/usr/local/Cellar/python@3.14/3.14.3_1/Frameworks/Python.framework/Versions/3.14/lib/python3.14/getpass.py:99: GetPassWarning: Can not control echo on the terminal.
  passwd = fallback_getpass(prompt, stream)
Warning: Password input may be echoed.
Private key passphrase:EOFError: 
[2026-04-02 15:47:13] [Lazarus] Start command failed (rc=1). Retrying in 30s...
[2026-04-02 15:47:13] [Lazarus] OCI response: /usr/local/Cellar/python@3.14/3.14.3_1/Frameworks/Python.framework/Versions/3.14/lib/python3.14/getpass.py:99: GetPassWarning: Can not control echo on the terminal.
  passwd = fallback_getpass(prompt, stream)
Warning: Password input may be echoed.
Private key passphrase:EOFError: 
[2026-04-02 15:47:45] [Lazarus] Check state #205: unknown
[2026-04-02 15:47:45] [Lazarus] START attempt #205 for ocid1.instance.oc1.ap-singapore-1.anzwsljrjnctqdycjnedjgrwqodx3amfb7bf6vinqc5faebrftwmdzgi7nga
/usr/local/Cellar/python@3.14/3.14.3_1/Frameworks/Python.framework/Versions/3.14/lib/python3.14/getpass.py:99: GetPassWarning: Can not control echo on the terminal.
  passwd = fallback_getpass(prompt, stream)
Warning: Password input may be echoed.
Private key passphrase:EOFError: 
[2026-04-02 15:47:47] [Lazarus] Start command failed (rc=1). Retrying in 30s...
[2026-04-02 15:47:47] [Lazarus] OCI response: /usr/local/Cellar/python@3.14/3.14.3_1/Frameworks/Python.framework/Versions/3.14/lib/python3.14/getpass.py:99: GetPassWarning: Can not control echo on the terminal.
  passwd = fallback_getpass(prompt, stream)
Warning: Password input may be echoed.
Private key passphrase:EOFError: 
[2026-04-02 15:48:19] [Lazarus] Check state #206: unknown
[2026-04-02 15:48:19] [Lazarus] START attempt #206 for ocid1.instance.oc1.ap-singapore-1.anzwsljrjnctqdycjnedjgrwqodx3amfb7bf6vinqc5faebrftwmdzgi7nga
/usr/local/Cellar/python@3.14/3.14.3_1/Frameworks/Python.framework/Versions/3.14/lib/python3.14/getpass.py:99: GetPassWarning: Can not control echo on the terminal.
  passwd = fallback_getpass(prompt, stream)
Warning: Password input may be echoed.
Private key passphrase:EOFError: 
[2026-04-02 15:48:21] [Lazarus] Start command failed (rc=1). Retrying in 30s...
[2026-04-02 15:48:21] [Lazarus] OCI response: /usr/local/Cellar/python@3.14/3.14.3_1/Frameworks/Python.framework/Versions/3.14/lib/python3.14/getpass.py:99: GetPassWarning: Can not control echo on the terminal.
  passwd = fallback_getpass(prompt, stream)
Warning: Password input may be echoed.
Private key passphrase:EOFError: 
[2026-04-02 15:48:52] [Lazarus] Check state #207: unknown
[2026-04-02 15:48:53] [Lazarus] START attempt #207 for ocid1.instance.oc1.ap-singapore-1.anzwsljrjnctqdycjnedjgrwqodx3amfb7bf6vinqc5faebrftwmdzgi7nga
/usr/local/Cellar/python@3.14/3.14.3_1/Frameworks/Python.framework/Versions/3.14/lib/python3.14/getpass.py:99: GetPassWarning: Can not control echo on the terminal.
  passwd = fallback_getpass(prompt, stream)
Warning: Password input may be echoed.
Private key passphrase:EOFError: 
[2026-04-02 15:48:54] [Lazarus] Start command failed (rc=1). Retrying in 30s...
[2026-04-02 15:48:54] [Lazarus] OCI response: /usr/local/Cellar/python@3.14/3.14.3_1/Frameworks/Python.framework/Versions/3.14/lib/python3.14/getpass.py:99: GetPassWarning: Can not control echo on the terminal.
  passwd = fallback_getpass(prompt, stream)
Warning: Password input may be echoed.
Private key passphrase:EOFError: 
[2026-04-02 15:49:26] [Lazarus] Check state #208: unknown
[2026-04-02 15:49:26] [Lazarus] START attempt #208 for ocid1.instance.oc1.ap-singapore-1.anzwsljrjnctqdycjnedjgrwqodx3amfb7bf6vinqc5faebrftwmdzgi7nga
/usr/local/Cellar/python@3.14/3.14.3_1/Frameworks/Python.framework/Versions/3.14/lib/python3.14/getpass.py:99: GetPassWarning: Can not control echo on the terminal.
  passwd = fallback_getpass(prompt, stream)
Warning: Password input may be echoed.
Private key passphrase:EOFError: 
[2026-04-02 15:49:28] [Lazarus] Start command failed (rc=1). Retrying in 30s...
[2026-04-02 15:49:28] [Lazarus] OCI response: /usr/local/Cellar/python@3.14/3.14.3_1/Frameworks/Python.framework/Versions/3.14/lib/python3.14/getpass.py:99: GetPassWarning: Can not control echo on the terminal.
  passwd = fallback_getpass(prompt, stream)
Warning: Password input may be echoed.
Private key passphrase:EOFError: 
[2026-04-02 15:50:01] [Lazarus] Check state #209: unknown
[2026-04-02 15:50:01] [Lazarus] START attempt #209 for ocid1.instance.oc1.ap-singapore-1.anzwsljrjnctqdycjnedjgrwqodx3amfb7bf6vinqc5faebrftwmdzgi7nga
/usr/local/Cellar/python@3.14/3.14.3_1/Frameworks/Python.framework/Versions/3.14/lib/python3.14/getpass.py:99: GetPassWarning: Can not control echo on the terminal.
  passwd = fallback_getpass(prompt, stream)
Warning: Password input may be echoed.
Private key passphrase:EOFError: 
[2026-04-02 15:50:02] [Lazarus] Start command failed (rc=1). Retrying in 30s...
[2026-04-02 15:50:02] [Lazarus] OCI response: /usr/local/Cellar/python@3.14/3.14.3_1/Frameworks/Python.framework/Versions/3.14/lib/python3.14/getpass.py:99: GetPassWarning: Can not control echo on the terminal.
  passwd = fallback_getpass(prompt, stream)
Warning: Password input may be echoed.
Private key passphrase:EOFError: 
[2026-04-02 15:50:35] [Lazarus] Check state #210: unknown
[2026-04-02 15:50:35] [Lazarus] START attempt #210 for ocid1.instance.oc1.ap-singapore-1.anzwsljrjnctqdycjnedjgrwqodx3amfb7bf6vinqc5faebrftwmdzgi7nga
/usr/local/Cellar/python@3.14/3.14.3_1/Frameworks/Python.framework/Versions/3.14/lib/python3.14/getpass.py:99: GetPassWarning: Can not control echo on the terminal.
  passwd = fallback_getpass(prompt, stream)
Warning: Password input may be echoed.
Private key passphrase:EOFError: 
[2026-04-02 15:50:37] [Lazarus] Start command failed (rc=1). Retrying in 30s...
[2026-04-02 15:50:37] [Lazarus] OCI response: /usr/local/Cellar/python@3.14/3.14.3_1/Frameworks/Python.framework/Versions/3.14/lib/python3.14/getpass.py:99: GetPassWarning: Can not control echo on the terminal.
  passwd = fallback_getpass(prompt, stream)
Warning: Password input may be echoed.
Private key passphrase:EOFError: 
[2026-04-02 15:51:08] [Lazarus] Check state #211: unknown
[2026-04-02 15:51:08] [Lazarus] START attempt #211 for ocid1.instance.oc1.ap-singapore-1.anzwsljrjnctqdycjnedjgrwqodx3amfb7bf6vinqc5faebrftwmdzgi7nga
/usr/local/Cellar/python@3.14/3.14.3_1/Frameworks/Python.framework/Versions/3.14/lib/python3.14/getpass.py:99: GetPassWarning: Can not control echo on the terminal.
  passwd = fallback_getpass(prompt, stream)
Warning: Password input may be echoed.
Private key passphrase:EOFError: 
[2026-04-02 15:51:10] [Lazarus] Start command failed (rc=1). Retrying in 30s...
[2026-04-02 15:51:10] [Lazarus] OCI response: /usr/local/Cellar/python@3.14/3.14.3_1/Frameworks/Python.framework/Versions/3.14/lib/python3.14/getpass.py:99: GetPassWarning: Can not control echo on the terminal.
  passwd = fallback_getpass(prompt, stream)
Warning: Password input may be echoed.
Private key passphrase:EOFError: 
[2026-04-02 15:51:41] [Lazarus] Check state #212: unknown
[2026-04-02 15:51:41] [Lazarus] START attempt #212 for ocid1.instance.oc1.ap-singapore-1.anzwsljrjnctqdycjnedjgrwqodx3amfb7bf6vinqc5faebrftwmdzgi7nga
/usr/local/Cellar/python@3.14/3.14.3_1/Frameworks/Python.framework/Versions/3.14/lib/python3.14/getpass.py:99: GetPassWarning: Can not control echo on the terminal.
  passwd = fallback_getpass(prompt, stream)
Warning: Password input may be echoed.
Private key passphrase:EOFError: 
[2026-04-02 15:51:43] [Lazarus] Start command failed (rc=1). Retrying in 30s...
[2026-04-02 15:51:43] [Lazarus] OCI response: /usr/local/Cellar/python@3.14/3.14.3_1/Frameworks/Python.framework/Versions/3.14/lib/python3.14/getpass.py:99: GetPassWarning: Can not control echo on the terminal.
  passwd = fallback_getpass(prompt, stream)
Warning: Password input may be echoed.
Private key passphrase:EOFError: 
[2026-04-02 15:52:15] [Lazarus] Check state #213: unknown
[2026-04-02 15:52:15] [Lazarus] START attempt #213 for ocid1.instance.oc1.ap-singapore-1.anzwsljrjnctqdycjnedjgrwqodx3amfb7bf6vinqc5faebrftwmdzgi7nga
/usr/local/Cellar/python@3.14/3.14.3_1/Frameworks/Python.framework/Versions/3.14/lib/python3.14/getpass.py:99: GetPassWarning: Can not control echo on the terminal.
  passwd = fallback_getpass(prompt, stream)
Warning: Password input may be echoed.
Private key passphrase:EOFError: 
[2026-04-02 15:52:17] [Lazarus] Start command failed (rc=1). Retrying in 30s...
[2026-04-02 15:52:17] [Lazarus] OCI response: /usr/local/Cellar/python@3.14/3.14.3_1/Frameworks/Python.framework/Versions/3.14/lib/python3.14/getpass.py:99: GetPassWarning: Can not control echo on the terminal.
  passwd = fallback_getpass(prompt, stream)
Warning: Password input may be echoed.
Private key passphrase:EOFError: 
[2026-04-02 15:52:49] [Lazarus] Check state #214: unknown
[2026-04-02 15:52:49] [Lazarus] START attempt #214 for ocid1.instance.oc1.ap-singapore-1.anzwsljrjnctqdycjnedjgrwqodx3amfb7bf6vinqc5faebrftwmdzgi7nga
/usr/local/Cellar/python@3.14/3.14.3_1/Frameworks/Python.framework/Versions/3.14/lib/python3.14/getpass.py:99: GetPassWarning: Can not control echo on the terminal.
  passwd = fallback_getpass(prompt, stream)
Warning: Password input may be echoed.
Private key passphrase:EOFError: 
[2026-04-02 15:52:51] [Lazarus] Start command failed (rc=1). Retrying in 30s...
[2026-04-02 15:52:51] [Lazarus] OCI response: /usr/local/Cellar/python@3.14/3.14.3_1/Frameworks/Python.framework/Versions/3.14/lib/python3.14/getpass.py:99: GetPassWarning: Can not control echo on the terminal.
  passwd = fallback_getpass(prompt, stream)
Warning: Password input may be echoed.
Private key passphrase:EOFError: 
[2026-04-02 15:53:22] [Lazarus] Check state #215: unknown
[2026-04-02 15:53:22] [Lazarus] START attempt #215 for ocid1.instance.oc1.ap-singapore-1.anzwsljrjnctqdycjnedjgrwqodx3amfb7bf6vinqc5faebrftwmdzgi7nga
/usr/local/Cellar/python@3.14/3.14.3_1/Frameworks/Python.framework/Versions/3.14/lib/python3.14/getpass.py:99: GetPassWarning: Can not control echo on the terminal.
  passwd = fallback_getpass(prompt, stream)
Warning: Password input may be echoed.
Private key passphrase:EOFError: 
[2026-04-02 15:53:24] [Lazarus] Start command failed (rc=1). Retrying in 30s...
[2026-04-02 15:53:24] [Lazarus] OCI response: /usr/local/Cellar/python@3.14/3.14.3_1/Frameworks/Python.framework/Versions/3.14/lib/python3.14/getpass.py:99: GetPassWarning: Can not control echo on the terminal.
  passwd = fallback_getpass(prompt, stream)
Warning: Password input may be echoed.
Private key passphrase:EOFError: 
[2026-04-02 15:53:56] [Lazarus] Check state #216: unknown
[2026-04-02 15:53:56] [Lazarus] START attempt #216 for ocid1.instance.oc1.ap-singapore-1.anzwsljrjnctqdycjnedjgrwqodx3amfb7bf6vinqc5faebrftwmdzgi7nga
/usr/local/Cellar/python@3.14/3.14.3_1/Frameworks/Python.framework/Versions/3.14/lib/python3.14/getpass.py:99: GetPassWarning: Can not control echo on the terminal.
  passwd = fallback_getpass(prompt, stream)
Warning: Password input may be echoed.
Private key passphrase:EOFError: 
[2026-04-02 15:53:58] [Lazarus] Start command failed (rc=1). Retrying in 30s...
[2026-04-02 15:53:58] [Lazarus] OCI response: /usr/local/Cellar/python@3.14/3.14.3_1/Frameworks/Python.framework/Versions/3.14/lib/python3.14/getpass.py:99: GetPassWarning: Can not control echo on the terminal.
  passwd = fallback_getpass(prompt, stream)
Warning: Password input may be echoed.
Private key passphrase:EOFError: 
[2026-04-02 15:54:29] [Lazarus] Check state #217: unknown
[2026-04-02 15:54:29] [Lazarus] START attempt #217 for ocid1.instance.oc1.ap-singapore-1.anzwsljrjnctqdycjnedjgrwqodx3amfb7bf6vinqc5faebrftwmdzgi7nga
/usr/local/Cellar/python@3.14/3.14.3_1/Frameworks/Python.framework/Versions/3.14/lib/python3.14/getpass.py:99: GetPassWarning: Can not control echo on the terminal.
  passwd = fallback_getpass(prompt, stream)
Warning: Password input may be echoed.
Private key passphrase:EOFError: 
[2026-04-02 15:54:31] [Lazarus] Start command failed (rc=1). Retrying in 30s...
[2026-04-02 15:54:31] [Lazarus] OCI response: /usr/local/Cellar/python@3.14/3.14.3_1/Frameworks/Python.framework/Versions/3.14/lib/python3.14/getpass.py:99: GetPassWarning: Can not control echo on the terminal.
  passwd = fallback_getpass(prompt, stream)
Warning: Password input may be echoed.
Private key passphrase:EOFError: 
[2026-04-02 15:55:03] [Lazarus] Check state #218: unknown
[2026-04-02 15:55:03] [Lazarus] START attempt #218 for ocid1.instance.oc1.ap-singapore-1.anzwsljrjnctqdycjnedjgrwqodx3amfb7bf6vinqc5faebrftwmdzgi7nga
/usr/local/Cellar/python@3.14/3.14.3_1/Frameworks/Python.framework/Versions/3.14/lib/python3.14/getpass.py:99: GetPassWarning: Can not control echo on the terminal.
  passwd = fallback_getpass(prompt, stream)
Warning: Password input may be echoed.
Private key passphrase:EOFError: 
[2026-04-02 15:55:05] [Lazarus] Start command failed (rc=1). Retrying in 30s...
[2026-04-02 15:55:05] [Lazarus] OCI response: /usr/local/Cellar/python@3.14/3.14.3_1/Frameworks/Python.framework/Versions/3.14/lib/python3.14/getpass.py:99: GetPassWarning: Can not control echo on the terminal.
  passwd = fallback_getpass(prompt, stream)
Warning: Password input may be echoed.
Private key passphrase:EOFError: 
[2026-04-02 15:55:37] [Lazarus] Check state #219: unknown
[2026-04-02 15:55:37] [Lazarus] START attempt #219 for ocid1.instance.oc1.ap-singapore-1.anzwsljrjnctqdycjnedjgrwqodx3amfb7bf6vinqc5faebrftwmdzgi7nga
/usr/local/Cellar/python@3.14/3.14.3_1/Frameworks/Python.framework/Versions/3.14/lib/python3.14/getpass.py:99: GetPassWarning: Can not control echo on the terminal.
  passwd = fallback_getpass(prompt, stream)
Warning: Password input may be echoed.
Private key passphrase:EOFError: 
[2026-04-02 15:55:38] [Lazarus] Start command failed (rc=1). Retrying in 30s...
[2026-04-02 15:55:38] [Lazarus] OCI response: /usr/local/Cellar/python@3.14/3.14.3_1/Frameworks/Python.framework/Versions/3.14/lib/python3.14/getpass.py:99: GetPassWarning: Can not control echo on the terminal.
  passwd = fallback_getpass(prompt, stream)
Warning: Password input may be echoed.
Private key passphrase:EOFError: 
[2026-04-02 15:56:10] [Lazarus] Check state #220: unknown
[2026-04-02 15:56:10] [Lazarus] START attempt #220 for ocid1.instance.oc1.ap-singapore-1.anzwsljrjnctqdycjnedjgrwqodx3amfb7bf6vinqc5faebrftwmdzgi7nga
/usr/local/Cellar/python@3.14/3.14.3_1/Frameworks/Python.framework/Versions/3.14/lib/python3.14/getpass.py:99: GetPassWarning: Can not control echo on the terminal.
  passwd = fallback_getpass(prompt, stream)
Warning: Password input may be echoed.
Private key passphrase:EOFError: 
[2026-04-02 15:56:12] [Lazarus] Start command failed (rc=1). Retrying in 30s...
[2026-04-02 15:56:12] [Lazarus] OCI response: /usr/local/Cellar/python@3.14/3.14.3_1/Frameworks/Python.framework/Versions/3.14/lib/python3.14/getpass.py:99: GetPassWarning: Can not control echo on the terminal.
  passwd = fallback_getpass(prompt, stream)
Warning: Password input may be echoed.
Private key passphrase:EOFError: 
[2026-04-02 15:56:44] [Lazarus] Check state #221: unknown
[2026-04-02 15:56:44] [Lazarus] START attempt #221 for ocid1.instance.oc1.ap-singapore-1.anzwsljrjnctqdycjnedjgrwqodx3amfb7bf6vinqc5faebrftwmdzgi7nga
/usr/local/Cellar/python@3.14/3.14.3_1/Frameworks/Python.framework/Versions/3.14/lib/python3.14/getpass.py:99: GetPassWarning: Can not control echo on the terminal.
  passwd = fallback_getpass(prompt, stream)
Warning: Password input may be echoed.
Private key passphrase:EOFError: 
[2026-04-02 15:56:46] [Lazarus] Start command failed (rc=1). Retrying in 30s...
[2026-04-02 15:56:46] [Lazarus] OCI response: /usr/local/Cellar/python@3.14/3.14.3_1/Frameworks/Python.framework/Versions/3.14/lib/python3.14/getpass.py:99: GetPassWarning: Can not control echo on the terminal.
  passwd = fallback_getpass(prompt, stream)
Warning: Password input may be echoed.
Private key passphrase:EOFError: 
[2026-04-02 15:57:18] [Lazarus] Check state #222: unknown
[2026-04-02 15:57:18] [Lazarus] START attempt #222 for ocid1.instance.oc1.ap-singapore-1.anzwsljrjnctqdycjnedjgrwqodx3amfb7bf6vinqc5faebrftwmdzgi7nga
/usr/local/Cellar/python@3.14/3.14.3_1/Frameworks/Python.framework/Versions/3.14/lib/python3.14/getpass.py:99: GetPassWarning: Can not control echo on the terminal.
  passwd = fallback_getpass(prompt, stream)
Warning: Password input may be echoed.
Private key passphrase:EOFError: 
[2026-04-02 15:57:19] [Lazarus] Start command failed (rc=1). Retrying in 30s...
[2026-04-02 15:57:19] [Lazarus] OCI response: /usr/local/Cellar/python@3.14/3.14.3_1/Frameworks/Python.framework/Versions/3.14/lib/python3.14/getpass.py:99: GetPassWarning: Can not control echo on the terminal.
  passwd = fallback_getpass(prompt, stream)
Warning: Password input may be echoed.
Private key passphrase:EOFError: 
[2026-04-02 15:57:51] [Lazarus] Check state #223: unknown
[2026-04-02 15:57:51] [Lazarus] START attempt #223 for ocid1.instance.oc1.ap-singapore-1.anzwsljrjnctqdycjnedjgrwqodx3amfb7bf6vinqc5faebrftwmdzgi7nga
/usr/local/Cellar/python@3.14/3.14.3_1/Frameworks/Python.framework/Versions/3.14/lib/python3.14/getpass.py:99: GetPassWarning: Can not control echo on the terminal.
  passwd = fallback_getpass(prompt, stream)
Warning: Password input may be echoed.
Private key passphrase:EOFError: 
[2026-04-02 15:57:53] [Lazarus] Start command failed (rc=1). Retrying in 30s...
[2026-04-02 15:57:53] [Lazarus] OCI response: /usr/local/Cellar/python@3.14/3.14.3_1/Frameworks/Python.framework/Versions/3.14/lib/python3.14/getpass.py:99: GetPassWarning: Can not control echo on the terminal.
  passwd = fallback_getpass(prompt, stream)
Warning: Password input may be echoed.
Private key passphrase:EOFError: 
[2026-04-02 15:58:25] [Lazarus] Check state #224: unknown
[2026-04-02 15:58:25] [Lazarus] START attempt #224 for ocid1.instance.oc1.ap-singapore-1.anzwsljrjnctqdycjnedjgrwqodx3amfb7bf6vinqc5faebrftwmdzgi7nga
/usr/local/Cellar/python@3.14/3.14.3_1/Frameworks/Python.framework/Versions/3.14/lib/python3.14/getpass.py:99: GetPassWarning: Can not control echo on the terminal.
  passwd = fallback_getpass(prompt, stream)
Warning: Password input may be echoed.
Private key passphrase:EOFError: 
[2026-04-02 15:58:27] [Lazarus] Start command failed (rc=1). Retrying in 30s...
[2026-04-02 15:58:27] [Lazarus] OCI response: /usr/local/Cellar/python@3.14/3.14.3_1/Frameworks/Python.framework/Versions/3.14/lib/python3.14/getpass.py:99: GetPassWarning: Can not control echo on the terminal.
  passwd = fallback_getpass(prompt, stream)
Warning: Password input may be echoed.
Private key passphrase:EOFError: 
[2026-04-02 15:58:59] [Lazarus] Check state #225: unknown
[2026-04-02 15:58:59] [Lazarus] START attempt #225 for ocid1.instance.oc1.ap-singapore-1.anzwsljrjnctqdycjnedjgrwqodx3amfb7bf6vinqc5faebrftwmdzgi7nga
/usr/local/Cellar/python@3.14/3.14.3_1/Frameworks/Python.framework/Versions/3.14/lib/python3.14/getpass.py:99: GetPassWarning: Can not control echo on the terminal.
  passwd = fallback_getpass(prompt, stream)
Warning: Password input may be echoed.
Private key passphrase:EOFError: 
[2026-04-02 15:59:01] [Lazarus] Start command failed (rc=1). Retrying in 30s...
[2026-04-02 15:59:01] [Lazarus] OCI response: /usr/local/Cellar/python@3.14/3.14.3_1/Frameworks/Python.framework/Versions/3.14/lib/python3.14/getpass.py:99: GetPassWarning: Can not control echo on the terminal.
  passwd = fallback_getpass(prompt, stream)
Warning: Password input may be echoed.
Private key passphrase:EOFError: 
[2026-04-02 15:59:32] [Lazarus] Check state #226: unknown
[2026-04-02 15:59:32] [Lazarus] START attempt #226 for ocid1.instance.oc1.ap-singapore-1.anzwsljrjnctqdycjnedjgrwqodx3amfb7bf6vinqc5faebrftwmdzgi7nga
/usr/local/Cellar/python@3.14/3.14.3_1/Frameworks/Python.framework/Versions/3.14/lib/python3.14/getpass.py:99: GetPassWarning: Can not control echo on the terminal.
  passwd = fallback_getpass(prompt, stream)
Warning: Password input may be echoed.
Private key passphrase:EOFError: 
[2026-04-02 15:59:34] [Lazarus] Start command failed (rc=1). Retrying in 30s...
[2026-04-02 15:59:34] [Lazarus] OCI response: /usr/local/Cellar/python@3.14/3.14.3_1/Frameworks/Python.framework/Versions/3.14/lib/python3.14/getpass.py:99: GetPassWarning: Can not control echo on the terminal.
  passwd = fallback_getpass(prompt, stream)
Warning: Password input may be echoed.
Private key passphrase:EOFError: 
[2026-04-02 16:00:06] [Lazarus] Check state #227: unknown
[2026-04-02 16:00:06] [Lazarus] START attempt #227 for ocid1.instance.oc1.ap-singapore-1.anzwsljrjnctqdycjnedjgrwqodx3amfb7bf6vinqc5faebrftwmdzgi7nga
/usr/local/Cellar/python@3.14/3.14.3_1/Frameworks/Python.framework/Versions/3.14/lib/python3.14/getpass.py:99: GetPassWarning: Can not control echo on the terminal.
  passwd = fallback_getpass(prompt, stream)
Warning: Password input may be echoed.
Private key passphrase:EOFError: 
[2026-04-02 16:00:08] [Lazarus] Start command failed (rc=1). Retrying in 30s...
[2026-04-02 16:00:08] [Lazarus] OCI response: /usr/local/Cellar/python@3.14/3.14.3_1/Frameworks/Python.framework/Versions/3.14/lib/python3.14/getpass.py:99: GetPassWarning: Can not control echo on the terminal.
  passwd = fallback_getpass(prompt, stream)
Warning: Password input may be echoed.
Private key passphrase:EOFError: 
[2026-04-02 16:00:40] [Lazarus] Check state #228: unknown
[2026-04-02 16:00:40] [Lazarus] START attempt #228 for ocid1.instance.oc1.ap-singapore-1.anzwsljrjnctqdycjnedjgrwqodx3amfb7bf6vinqc5faebrftwmdzgi7nga
/usr/local/Cellar/python@3.14/3.14.3_1/Frameworks/Python.framework/Versions/3.14/lib/python3.14/getpass.py:99: GetPassWarning: Can not control echo on the terminal.
  passwd = fallback_getpass(prompt, stream)
Warning: Password input may be echoed.
Private key passphrase:EOFError: 
[2026-04-02 16:00:42] [Lazarus] Start command failed (rc=1). Retrying in 30s...
[2026-04-02 16:00:42] [Lazarus] OCI response: /usr/local/Cellar/python@3.14/3.14.3_1/Frameworks/Python.framework/Versions/3.14/lib/python3.14/getpass.py:99: GetPassWarning: Can not control echo on the terminal.
  passwd = fallback_getpass(prompt, stream)
Warning: Password input may be echoed.
Private key passphrase:EOFError: 
[2026-04-02 16:01:13] [Lazarus] Check state #229: unknown
[2026-04-02 16:01:13] [Lazarus] START attempt #229 for ocid1.instance.oc1.ap-singapore-1.anzwsljrjnctqdycjnedjgrwqodx3amfb7bf6vinqc5faebrftwmdzgi7nga
/usr/local/Cellar/python@3.14/3.14.3_1/Frameworks/Python.framework/Versions/3.14/lib/python3.14/getpass.py:99: GetPassWarning: Can not control echo on the terminal.
  passwd = fallback_getpass(prompt, stream)
Warning: Password input may be echoed.
Private key passphrase:EOFError: 
[2026-04-02 16:01:15] [Lazarus] Start command failed (rc=1). Retrying in 30s...
[2026-04-02 16:01:15] [Lazarus] OCI response: /usr/local/Cellar/python@3.14/3.14.3_1/Frameworks/Python.framework/Versions/3.14/lib/python3.14/getpass.py:99: GetPassWarning: Can not control echo on the terminal.
  passwd = fallback_getpass(prompt, stream)
Warning: Password input may be echoed.
Private key passphrase:EOFError: 
[2026-04-02 16:01:47] [Lazarus] Check state #230: unknown
[2026-04-02 16:01:47] [Lazarus] START attempt #230 for ocid1.instance.oc1.ap-singapore-1.anzwsljrjnctqdycjnedjgrwqodx3amfb7bf6vinqc5faebrftwmdzgi7nga
/usr/local/Cellar/python@3.14/3.14.3_1/Frameworks/Python.framework/Versions/3.14/lib/python3.14/getpass.py:99: GetPassWarning: Can not control echo on the terminal.
  passwd = fallback_getpass(prompt, stream)
Warning: Password input may be echoed.
Private key passphrase:EOFError: 
[2026-04-02 16:01:49] [Lazarus] Start command failed (rc=1). Retrying in 30s...
[2026-04-02 16:01:49] [Lazarus] OCI response: /usr/local/Cellar/python@3.14/3.14.3_1/Frameworks/Python.framework/Versions/3.14/lib/python3.14/getpass.py:99: GetPassWarning: Can not control echo on the terminal.
  passwd = fallback_getpass(prompt, stream)
Warning: Password input may be echoed.
Private key passphrase:EOFError: 
[2026-04-02 16:02:22] [Lazarus] Check state #231: unknown
[2026-04-02 16:02:22] [Lazarus] START attempt #231 for ocid1.instance.oc1.ap-singapore-1.anzwsljrjnctqdycjnedjgrwqodx3amfb7bf6vinqc5faebrftwmdzgi7nga
/usr/local/Cellar/python@3.14/3.14.3_1/Frameworks/Python.framework/Versions/3.14/lib/python3.14/getpass.py:99: GetPassWarning: Can not control echo on the terminal.
  passwd = fallback_getpass(prompt, stream)
Warning: Password input may be echoed.
Private key passphrase:EOFError: 
[2026-04-02 16:02:24] [Lazarus] Start command failed (rc=1). Retrying in 30s...
[2026-04-02 16:02:24] [Lazarus] OCI response: /usr/local/Cellar/python@3.14/3.14.3_1/Frameworks/Python.framework/Versions/3.14/lib/python3.14/getpass.py:99: GetPassWarning: Can not control echo on the terminal.
  passwd = fallback_getpass(prompt, stream)
Warning: Password input may be echoed.
Private key passphrase:EOFError: 
[2026-04-02 16:02:56] [Lazarus] Check state #232: unknown
[2026-04-02 16:02:56] [Lazarus] START attempt #232 for ocid1.instance.oc1.ap-singapore-1.anzwsljrjnctqdycjnedjgrwqodx3amfb7bf6vinqc5faebrftwmdzgi7nga
/usr/local/Cellar/python@3.14/3.14.3_1/Frameworks/Python.framework/Versions/3.14/lib/python3.14/getpass.py:99: GetPassWarning: Can not control echo on the terminal.
  passwd = fallback_getpass(prompt, stream)
Warning: Password input may be echoed.
Private key passphrase:EOFError: 
[2026-04-02 16:02:58] [Lazarus] Start command failed (rc=1). Retrying in 30s...
[2026-04-02 16:02:58] [Lazarus] OCI response: /usr/local/Cellar/python@3.14/3.14.3_1/Frameworks/Python.framework/Versions/3.14/lib/python3.14/getpass.py:99: GetPassWarning: Can not control echo on the terminal.
  passwd = fallback_getpass(prompt, stream)
Warning: Password input may be echoed.
Private key passphrase:EOFError: 
[2026-04-02 16:03:29] [Lazarus] Check state #233: unknown
[2026-04-02 16:03:29] [Lazarus] START attempt #233 for ocid1.instance.oc1.ap-singapore-1.anzwsljrjnctqdycjnedjgrwqodx3amfb7bf6vinqc5faebrftwmdzgi7nga
/usr/local/Cellar/python@3.14/3.14.3_1/Frameworks/Python.framework/Versions/3.14/lib/python3.14/getpass.py:99: GetPassWarning: Can not control echo on the terminal.
  passwd = fallback_getpass(prompt, stream)
Warning: Password input may be echoed.
Private key passphrase:EOFError: 
[2026-04-02 16:03:31] [Lazarus] Start command failed (rc=1). Retrying in 30s...
[2026-04-02 16:03:31] [Lazarus] OCI response: /usr/local/Cellar/python@3.14/3.14.3_1/Frameworks/Python.framework/Versions/3.14/lib/python3.14/getpass.py:99: GetPassWarning: Can not control echo on the terminal.
  passwd = fallback_getpass(prompt, stream)
Warning: Password input may be echoed.
Private key passphrase:EOFError: 
[2026-04-02 16:04:03] [Lazarus] Check state #234: unknown
[2026-04-02 16:04:03] [Lazarus] START attempt #234 for ocid1.instance.oc1.ap-singapore-1.anzwsljrjnctqdycjnedjgrwqodx3amfb7bf6vinqc5faebrftwmdzgi7nga
/usr/local/Cellar/python@3.14/3.14.3_1/Frameworks/Python.framework/Versions/3.14/lib/python3.14/getpass.py:99: GetPassWarning: Can not control echo on the terminal.
  passwd = fallback_getpass(prompt, stream)
Warning: Password input may be echoed.
Private key passphrase:EOFError: 
[2026-04-02 16:04:04] [Lazarus] Start command failed (rc=1). Retrying in 30s...
[2026-04-02 16:04:04] [Lazarus] OCI response: /usr/local/Cellar/python@3.14/3.14.3_1/Frameworks/Python.framework/Versions/3.14/lib/python3.14/getpass.py:99: GetPassWarning: Can not control echo on the terminal.
  passwd = fallback_getpass(prompt, stream)
Warning: Password input may be echoed.
Private key passphrase:EOFError: 
[2026-04-02 16:04:36] [Lazarus] Check state #235: unknown
[2026-04-02 16:04:36] [Lazarus] START attempt #235 for ocid1.instance.oc1.ap-singapore-1.anzwsljrjnctqdycjnedjgrwqodx3amfb7bf6vinqc5faebrftwmdzgi7nga
/usr/local/Cellar/python@3.14/3.14.3_1/Frameworks/Python.framework/Versions/3.14/lib/python3.14/getpass.py:99: GetPassWarning: Can not control echo on the terminal.
  passwd = fallback_getpass(prompt, stream)
Warning: Password input may be echoed.
Private key passphrase:EOFError: 
[2026-04-02 16:04:38] [Lazarus] Start command failed (rc=1). Retrying in 30s...
[2026-04-02 16:04:39] [Lazarus] OCI response: /usr/local/Cellar/python@3.14/3.14.3_1/Frameworks/Python.framework/Versions/3.14/lib/python3.14/getpass.py:99: GetPassWarning: Can not control echo on the terminal.
  passwd = fallback_getpass(prompt, stream)
Warning: Password input may be echoed.
Private key passphrase:EOFError: 
[2026-04-02 16:05:10] [Lazarus] Check state #236: unknown
[2026-04-02 16:05:10] [Lazarus] START attempt #236 for ocid1.instance.oc1.ap-singapore-1.anzwsljrjnctqdycjnedjgrwqodx3amfb7bf6vinqc5faebrftwmdzgi7nga
/usr/local/Cellar/python@3.14/3.14.3_1/Frameworks/Python.framework/Versions/3.14/lib/python3.14/getpass.py:99: GetPassWarning: Can not control echo on the terminal.
  passwd = fallback_getpass(prompt, stream)
Warning: Password input may be echoed.
Private key passphrase:EOFError: 
[2026-04-02 16:05:11] [Lazarus] Start command failed (rc=1). Retrying in 30s...
[2026-04-02 16:05:11] [Lazarus] OCI response: /usr/local/Cellar/python@3.14/3.14.3_1/Frameworks/Python.framework/Versions/3.14/lib/python3.14/getpass.py:99: GetPassWarning: Can not control echo on the terminal.
  passwd = fallback_getpass(prompt, stream)
Warning: Password input may be echoed.
Private key passphrase:EOFError: 
[2026-04-02 16:05:43] [Lazarus] Check state #237: unknown
[2026-04-02 16:05:43] [Lazarus] START attempt #237 for ocid1.instance.oc1.ap-singapore-1.anzwsljrjnctqdycjnedjgrwqodx3amfb7bf6vinqc5faebrftwmdzgi7nga
/usr/local/Cellar/python@3.14/3.14.3_1/Frameworks/Python.framework/Versions/3.14/lib/python3.14/getpass.py:99: GetPassWarning: Can not control echo on the terminal.
  passwd = fallback_getpass(prompt, stream)
Warning: Password input may be echoed.
Private key passphrase:EOFError: 
[2026-04-02 16:05:45] [Lazarus] Start command failed (rc=1). Retrying in 30s...
[2026-04-02 16:05:45] [Lazarus] OCI response: /usr/local/Cellar/python@3.14/3.14.3_1/Frameworks/Python.framework/Versions/3.14/lib/python3.14/getpass.py:99: GetPassWarning: Can not control echo on the terminal.
  passwd = fallback_getpass(prompt, stream)
Warning: Password input may be echoed.
Private key passphrase:EOFError: 
[2026-04-02 16:06:17] [Lazarus] Check state #238: unknown
[2026-04-02 16:06:17] [Lazarus] START attempt #238 for ocid1.instance.oc1.ap-singapore-1.anzwsljrjnctqdycjnedjgrwqodx3amfb7bf6vinqc5faebrftwmdzgi7nga
/usr/local/Cellar/python@3.14/3.14.3_1/Frameworks/Python.framework/Versions/3.14/lib/python3.14/getpass.py:99: GetPassWarning: Can not control echo on the terminal.
  passwd = fallback_getpass(prompt, stream)
Warning: Password input may be echoed.
Private key passphrase:EOFError: 
[2026-04-02 16:06:18] [Lazarus] Start command failed (rc=1). Retrying in 30s...
[2026-04-02 16:06:18] [Lazarus] OCI response: /usr/local/Cellar/python@3.14/3.14.3_1/Frameworks/Python.framework/Versions/3.14/lib/python3.14/getpass.py:99: GetPassWarning: Can not control echo on the terminal.
  passwd = fallback_getpass(prompt, stream)
Warning: Password input may be echoed.
Private key passphrase:EOFError: 
[2026-04-02 16:06:50] [Lazarus] Check state #239: unknown
[2026-04-02 16:06:50] [Lazarus] START attempt #239 for ocid1.instance.oc1.ap-singapore-1.anzwsljrjnctqdycjnedjgrwqodx3amfb7bf6vinqc5faebrftwmdzgi7nga
/usr/local/Cellar/python@3.14/3.14.3_1/Frameworks/Python.framework/Versions/3.14/lib/python3.14/getpass.py:99: GetPassWarning: Can not control echo on the terminal.
  passwd = fallback_getpass(prompt, stream)
Warning: Password input may be echoed.
Private key passphrase:EOFError: 
[2026-04-02 16:06:52] [Lazarus] Start command failed (rc=1). Retrying in 30s...
[2026-04-02 16:06:52] [Lazarus] OCI response: /usr/local/Cellar/python@3.14/3.14.3_1/Frameworks/Python.framework/Versions/3.14/lib/python3.14/getpass.py:99: GetPassWarning: Can not control echo on the terminal.
  passwd = fallback_getpass(prompt, stream)
Warning: Password input may be echoed.
Private key passphrase:EOFError: 
[2026-04-02 16:07:24] [Lazarus] Check state #240: unknown
[2026-04-02 16:07:24] [Lazarus] START attempt #240 for ocid1.instance.oc1.ap-singapore-1.anzwsljrjnctqdycjnedjgrwqodx3amfb7bf6vinqc5faebrftwmdzgi7nga
/usr/local/Cellar/python@3.14/3.14.3_1/Frameworks/Python.framework/Versions/3.14/lib/python3.14/getpass.py:99: GetPassWarning: Can not control echo on the terminal.
  passwd = fallback_getpass(prompt, stream)
Warning: Password input may be echoed.
Private key passphrase:EOFError: 
[2026-04-02 16:07:25] [Lazarus] Start command failed (rc=1). Retrying in 30s...
[2026-04-02 16:07:25] [Lazarus] OCI response: /usr/local/Cellar/python@3.14/3.14.3_1/Frameworks/Python.framework/Versions/3.14/lib/python3.14/getpass.py:99: GetPassWarning: Can not control echo on the terminal.
  passwd = fallback_getpass(prompt, stream)
Warning: Password input may be echoed.
Private key passphrase:EOFError: 
[2026-04-02 16:07:57] [Lazarus] Check state #241: unknown
[2026-04-02 16:07:57] [Lazarus] START attempt #241 for ocid1.instance.oc1.ap-singapore-1.anzwsljrjnctqdycjnedjgrwqodx3amfb7bf6vinqc5faebrftwmdzgi7nga
/usr/local/Cellar/python@3.14/3.14.3_1/Frameworks/Python.framework/Versions/3.14/lib/python3.14/getpass.py:99: GetPassWarning: Can not control echo on the terminal.
  passwd = fallback_getpass(prompt, stream)
Warning: Password input may be echoed.
Private key passphrase:EOFError: 
[2026-04-02 16:07:59] [Lazarus] Start command failed (rc=1). Retrying in 30s...
[2026-04-02 16:07:59] [Lazarus] OCI response: /usr/local/Cellar/python@3.14/3.14.3_1/Frameworks/Python.framework/Versions/3.14/lib/python3.14/getpass.py:99: GetPassWarning: Can not control echo on the terminal.
  passwd = fallback_getpass(prompt, stream)
Warning: Password input may be echoed.
Private key passphrase:EOFError: 
[2026-04-02 16:08:31] [Lazarus] Check state #242: unknown
[2026-04-02 16:08:31] [Lazarus] START attempt #242 for ocid1.instance.oc1.ap-singapore-1.anzwsljrjnctqdycjnedjgrwqodx3amfb7bf6vinqc5faebrftwmdzgi7nga
/usr/local/Cellar/python@3.14/3.14.3_1/Frameworks/Python.framework/Versions/3.14/lib/python3.14/getpass.py:99: GetPassWarning: Can not control echo on the terminal.
  passwd = fallback_getpass(prompt, stream)
Warning: Password input may be echoed.
Private key passphrase:EOFError: 
[2026-04-02 16:08:32] [Lazarus] Start command failed (rc=1). Retrying in 30s...
[2026-04-02 16:08:32] [Lazarus] OCI response: /usr/local/Cellar/python@3.14/3.14.3_1/Frameworks/Python.framework/Versions/3.14/lib/python3.14/getpass.py:99: GetPassWarning: Can not control echo on the terminal.
  passwd = fallback_getpass(prompt, stream)
Warning: Password input may be echoed.
Private key passphrase:EOFError: 
[2026-04-02 16:09:04] [Lazarus] Check state #243: unknown
[2026-04-02 16:09:04] [Lazarus] START attempt #243 for ocid1.instance.oc1.ap-singapore-1.anzwsljrjnctqdycjnedjgrwqodx3amfb7bf6vinqc5faebrftwmdzgi7nga
/usr/local/Cellar/python@3.14/3.14.3_1/Frameworks/Python.framework/Versions/3.14/lib/python3.14/getpass.py:99: GetPassWarning: Can not control echo on the terminal.
  passwd = fallback_getpass(prompt, stream)
Warning: Password input may be echoed.
Private key passphrase:EOFError: 
[2026-04-02 16:09:06] [Lazarus] Start command failed (rc=1). Retrying in 30s...
[2026-04-02 16:09:06] [Lazarus] OCI response: /usr/local/Cellar/python@3.14/3.14.3_1/Frameworks/Python.framework/Versions/3.14/lib/python3.14/getpass.py:99: GetPassWarning: Can not control echo on the terminal.
  passwd = fallback_getpass(prompt, stream)
Warning: Password input may be echoed.
Private key passphrase:EOFError: 
[2026-04-02 16:09:38] [Lazarus] Check state #244: unknown
[2026-04-02 16:09:38] [Lazarus] START attempt #244 for ocid1.instance.oc1.ap-singapore-1.anzwsljrjnctqdycjnedjgrwqodx3amfb7bf6vinqc5faebrftwmdzgi7nga
/usr/local/Cellar/python@3.14/3.14.3_1/Frameworks/Python.framework/Versions/3.14/lib/python3.14/getpass.py:99: GetPassWarning: Can not control echo on the terminal.
  passwd = fallback_getpass(prompt, stream)
Warning: Password input may be echoed.
Private key passphrase:EOFError: 
[2026-04-02 16:09:40] [Lazarus] Start command failed (rc=1). Retrying in 30s...
[2026-04-02 16:09:40] [Lazarus] OCI response: /usr/local/Cellar/python@3.14/3.14.3_1/Frameworks/Python.framework/Versions/3.14/lib/python3.14/getpass.py:99: GetPassWarning: Can not control echo on the terminal.
  passwd = fallback_getpass(prompt, stream)
Warning: Password input may be echoed.
Private key passphrase:EOFError: 
[2026-04-02 16:10:12] [Lazarus] Check state #245: unknown
[2026-04-02 16:10:12] [Lazarus] START attempt #245 for ocid1.instance.oc1.ap-singapore-1.anzwsljrjnctqdycjnedjgrwqodx3amfb7bf6vinqc5faebrftwmdzgi7nga
/usr/local/Cellar/python@3.14/3.14.3_1/Frameworks/Python.framework/Versions/3.14/lib/python3.14/getpass.py:99: GetPassWarning: Can not control echo on the terminal.
  passwd = fallback_getpass(prompt, stream)
Warning: Password input may be echoed.
Private key passphrase:EOFError: 
[2026-04-02 16:10:14] [Lazarus] Start command failed (rc=1). Retrying in 30s...
[2026-04-02 16:10:14] [Lazarus] OCI response: /usr/local/Cellar/python@3.14/3.14.3_1/Frameworks/Python.framework/Versions/3.14/lib/python3.14/getpass.py:99: GetPassWarning: Can not control echo on the terminal.
  passwd = fallback_getpass(prompt, stream)
Warning: Password input may be echoed.
Private key passphrase:EOFError: 
[2026-04-02 16:10:46] [Lazarus] Check state #246: unknown
[2026-04-02 16:10:46] [Lazarus] START attempt #246 for ocid1.instance.oc1.ap-singapore-1.anzwsljrjnctqdycjnedjgrwqodx3amfb7bf6vinqc5faebrftwmdzgi7nga
/usr/local/Cellar/python@3.14/3.14.3_1/Frameworks/Python.framework/Versions/3.14/lib/python3.14/getpass.py:99: GetPassWarning: Can not control echo on the terminal.
  passwd = fallback_getpass(prompt, stream)
Warning: Password input may be echoed.
Private key passphrase:EOFError: 
[2026-04-02 16:10:47] [Lazarus] Start command failed (rc=1). Retrying in 30s...
[2026-04-02 16:10:47] [Lazarus] OCI response: /usr/local/Cellar/python@3.14/3.14.3_1/Frameworks/Python.framework/Versions/3.14/lib/python3.14/getpass.py:99: GetPassWarning: Can not control echo on the terminal.
  passwd = fallback_getpass(prompt, stream)
Warning: Password input may be echoed.
Private key passphrase:EOFError: 
[2026-04-02 16:11:19] [Lazarus] Check state #247: unknown
[2026-04-02 16:11:19] [Lazarus] START attempt #247 for ocid1.instance.oc1.ap-singapore-1.anzwsljrjnctqdycjnedjgrwqodx3amfb7bf6vinqc5faebrftwmdzgi7nga
/usr/local/Cellar/python@3.14/3.14.3_1/Frameworks/Python.framework/Versions/3.14/lib/python3.14/getpass.py:99: GetPassWarning: Can not control echo on the terminal.
  passwd = fallback_getpass(prompt, stream)
Warning: Password input may be echoed.
Private key passphrase:EOFError: 
[2026-04-02 16:11:21] [Lazarus] Start command failed (rc=1). Retrying in 30s...
[2026-04-02 16:11:21] [Lazarus] OCI response: /usr/local/Cellar/python@3.14/3.14.3_1/Frameworks/Python.framework/Versions/3.14/lib/python3.14/getpass.py:99: GetPassWarning: Can not control echo on the terminal.
  passwd = fallback_getpass(prompt, stream)
Warning: Password input may be echoed.
Private key passphrase:EOFError: 
[2026-04-02 16:11:53] [Lazarus] Check state #248: unknown
[2026-04-02 16:11:53] [Lazarus] START attempt #248 for ocid1.instance.oc1.ap-singapore-1.anzwsljrjnctqdycjnedjgrwqodx3amfb7bf6vinqc5faebrftwmdzgi7nga
/usr/local/Cellar/python@3.14/3.14.3_1/Frameworks/Python.framework/Versions/3.14/lib/python3.14/getpass.py:99: GetPassWarning: Can not control echo on the terminal.
  passwd = fallback_getpass(prompt, stream)
Warning: Password input may be echoed.
Private key passphrase:EOFError: 
[2026-04-02 16:11:55] [Lazarus] Start command failed (rc=1). Retrying in 30s...
[2026-04-02 16:11:55] [Lazarus] OCI response: /usr/local/Cellar/python@3.14/3.14.3_1/Frameworks/Python.framework/Versions/3.14/lib/python3.14/getpass.py:99: GetPassWarning: Can not control echo on the terminal.
  passwd = fallback_getpass(prompt, stream)
Warning: Password input may be echoed.
Private key passphrase:EOFError: 
[2026-04-02 16:12:26] [Lazarus] Check state #249: unknown
[2026-04-02 16:12:26] [Lazarus] START attempt #249 for ocid1.instance.oc1.ap-singapore-1.anzwsljrjnctqdycjnedjgrwqodx3amfb7bf6vinqc5faebrftwmdzgi7nga
/usr/local/Cellar/python@3.14/3.14.3_1/Frameworks/Python.framework/Versions/3.14/lib/python3.14/getpass.py:99: GetPassWarning: Can not control echo on the terminal.
  passwd = fallback_getpass(prompt, stream)
Warning: Password input may be echoed.
Private key passphrase:EOFError: 
[2026-04-02 16:12:28] [Lazarus] Start command failed (rc=1). Retrying in 30s...
[2026-04-02 16:12:28] [Lazarus] OCI response: /usr/local/Cellar/python@3.14/3.14.3_1/Frameworks/Python.framework/Versions/3.14/lib/python3.14/getpass.py:99: GetPassWarning: Can not control echo on the terminal.
  passwd = fallback_getpass(prompt, stream)
Warning: Password input may be echoed.
Private key passphrase:EOFError: 
[2026-04-02 16:13:00] [Lazarus] Check state #250: unknown
[2026-04-02 16:13:00] [Lazarus] START attempt #250 for ocid1.instance.oc1.ap-singapore-1.anzwsljrjnctqdycjnedjgrwqodx3amfb7bf6vinqc5faebrftwmdzgi7nga
/usr/local/Cellar/python@3.14/3.14.3_1/Frameworks/Python.framework/Versions/3.14/lib/python3.14/getpass.py:99: GetPassWarning: Can not control echo on the terminal.
  passwd = fallback_getpass(prompt, stream)
Warning: Password input may be echoed.
Private key passphrase:EOFError: 
[2026-04-02 16:13:02] [Lazarus] Start command failed (rc=1). Retrying in 30s...
[2026-04-02 16:13:02] [Lazarus] OCI response: /usr/local/Cellar/python@3.14/3.14.3_1/Frameworks/Python.framework/Versions/3.14/lib/python3.14/getpass.py:99: GetPassWarning: Can not control echo on the terminal.
  passwd = fallback_getpass(prompt, stream)
Warning: Password input may be echoed.
Private key passphrase:EOFError: 
[2026-04-02 16:13:34] [Lazarus] Check state #251: unknown
[2026-04-02 16:13:34] [Lazarus] START attempt #251 for ocid1.instance.oc1.ap-singapore-1.anzwsljrjnctqdycjnedjgrwqodx3amfb7bf6vinqc5faebrftwmdzgi7nga
/usr/local/Cellar/python@3.14/3.14.3_1/Frameworks/Python.framework/Versions/3.14/lib/python3.14/getpass.py:99: GetPassWarning: Can not control echo on the terminal.
  passwd = fallback_getpass(prompt, stream)
Warning: Password input may be echoed.
Private key passphrase:EOFError: 
[2026-04-02 16:13:35] [Lazarus] Start command failed (rc=1). Retrying in 30s...
[2026-04-02 16:13:35] [Lazarus] OCI response: /usr/local/Cellar/python@3.14/3.14.3_1/Frameworks/Python.framework/Versions/3.14/lib/python3.14/getpass.py:99: GetPassWarning: Can not control echo on the terminal.
  passwd = fallback_getpass(prompt, stream)
Warning: Password input may be echoed.
Private key passphrase:EOFError: 
[2026-04-02 16:14:07] [Lazarus] Check state #252: unknown
[2026-04-02 16:14:07] [Lazarus] START attempt #252 for ocid1.instance.oc1.ap-singapore-1.anzwsljrjnctqdycjnedjgrwqodx3amfb7bf6vinqc5faebrftwmdzgi7nga
/usr/local/Cellar/python@3.14/3.14.3_1/Frameworks/Python.framework/Versions/3.14/lib/python3.14/getpass.py:99: GetPassWarning: Can not control echo on the terminal.
  passwd = fallback_getpass(prompt, stream)
Warning: Password input may be echoed.
Private key passphrase:EOFError: 
[2026-04-02 16:14:09] [Lazarus] Start command failed (rc=1). Retrying in 30s...
[2026-04-02 16:14:09] [Lazarus] OCI response: /usr/local/Cellar/python@3.14/3.14.3_1/Frameworks/Python.framework/Versions/3.14/lib/python3.14/getpass.py:99: GetPassWarning: Can not control echo on the terminal.
  passwd = fallback_getpass(prompt, stream)
Warning: Password input may be echoed.
Private key passphrase:EOFError: 
[2026-04-02 16:14:41] [Lazarus] Check state #253: unknown
[2026-04-02 16:14:41] [Lazarus] START attempt #253 for ocid1.instance.oc1.ap-singapore-1.anzwsljrjnctqdycjnedjgrwqodx3amfb7bf6vinqc5faebrftwmdzgi7nga
/usr/local/Cellar/python@3.14/3.14.3_1/Frameworks/Python.framework/Versions/3.14/lib/python3.14/getpass.py:99: GetPassWarning: Can not control echo on the terminal.
  passwd = fallback_getpass(prompt, stream)
Warning: Password input may be echoed.
Private key passphrase:EOFError: 
[2026-04-02 16:14:43] [Lazarus] Start command failed (rc=1). Retrying in 30s...
[2026-04-02 16:14:43] [Lazarus] OCI response: /usr/local/Cellar/python@3.14/3.14.3_1/Frameworks/Python.framework/Versions/3.14/lib/python3.14/getpass.py:99: GetPassWarning: Can not control echo on the terminal.
  passwd = fallback_getpass(prompt, stream)
Warning: Password input may be echoed.
Private key passphrase:EOFError: 
[2026-04-02 16:15:15] [Lazarus] Check state #254: unknown
[2026-04-02 16:15:15] [Lazarus] START attempt #254 for ocid1.instance.oc1.ap-singapore-1.anzwsljrjnctqdycjnedjgrwqodx3amfb7bf6vinqc5faebrftwmdzgi7nga
/usr/local/Cellar/python@3.14/3.14.3_1/Frameworks/Python.framework/Versions/3.14/lib/python3.14/getpass.py:99: GetPassWarning: Can not control echo on the terminal.
  passwd = fallback_getpass(prompt, stream)
Warning: Password input may be echoed.
Private key passphrase:EOFError: 
[2026-04-02 16:15:17] [Lazarus] Start command failed (rc=1). Retrying in 30s...
[2026-04-02 16:15:17] [Lazarus] OCI response: /usr/local/Cellar/python@3.14/3.14.3_1/Frameworks/Python.framework/Versions/3.14/lib/python3.14/getpass.py:99: GetPassWarning: Can not control echo on the terminal.
  passwd = fallback_getpass(prompt, stream)
Warning: Password input may be echoed.
Private key passphrase:EOFError: 
[2026-04-02 16:15:49] [Lazarus] Check state #255: unknown
[2026-04-02 16:15:49] [Lazarus] START attempt #255 for ocid1.instance.oc1.ap-singapore-1.anzwsljrjnctqdycjnedjgrwqodx3amfb7bf6vinqc5faebrftwmdzgi7nga
/usr/local/Cellar/python@3.14/3.14.3_1/Frameworks/Python.framework/Versions/3.14/lib/python3.14/getpass.py:99: GetPassWarning: Can not control echo on the terminal.
  passwd = fallback_getpass(prompt, stream)
Warning: Password input may be echoed.
Private key passphrase:EOFError: 
[2026-04-02 16:15:51] [Lazarus] Start command failed (rc=1). Retrying in 30s...
[2026-04-02 16:15:51] [Lazarus] OCI response: /usr/local/Cellar/python@3.14/3.14.3_1/Frameworks/Python.framework/Versions/3.14/lib/python3.14/getpass.py:99: GetPassWarning: Can not control echo on the terminal.
  passwd = fallback_getpass(prompt, stream)
Warning: Password input may be echoed.
Private key passphrase:EOFError: 
[2026-04-02 16:16:22] [Lazarus] Check state #256: unknown
[2026-04-02 16:16:22] [Lazarus] START attempt #256 for ocid1.instance.oc1.ap-singapore-1.anzwsljrjnctqdycjnedjgrwqodx3amfb7bf6vinqc5faebrftwmdzgi7nga
/usr/local/Cellar/python@3.14/3.14.3_1/Frameworks/Python.framework/Versions/3.14/lib/python3.14/getpass.py:99: GetPassWarning: Can not control echo on the terminal.
  passwd = fallback_getpass(prompt, stream)
Warning: Password input may be echoed.
Private key passphrase:EOFError: 
[2026-04-02 16:16:24] [Lazarus] Start command failed (rc=1). Retrying in 30s...
[2026-04-02 16:16:24] [Lazarus] OCI response: /usr/local/Cellar/python@3.14/3.14.3_1/Frameworks/Python.framework/Versions/3.14/lib/python3.14/getpass.py:99: GetPassWarning: Can not control echo on the terminal.
  passwd = fallback_getpass(prompt, stream)
Warning: Password input may be echoed.
Private key passphrase:EOFError: 
[2026-04-02 16:16:56] [Lazarus] Check state #257: unknown
[2026-04-02 16:16:56] [Lazarus] START attempt #257 for ocid1.instance.oc1.ap-singapore-1.anzwsljrjnctqdycjnedjgrwqodx3amfb7bf6vinqc5faebrftwmdzgi7nga
/usr/local/Cellar/python@3.14/3.14.3_1/Frameworks/Python.framework/Versions/3.14/lib/python3.14/getpass.py:99: GetPassWarning: Can not control echo on the terminal.
  passwd = fallback_getpass(prompt, stream)
Warning: Password input may be echoed.
Private key passphrase:EOFError: 
[2026-04-02 16:16:58] [Lazarus] Start command failed (rc=1). Retrying in 30s...
[2026-04-02 16:16:58] [Lazarus] OCI response: /usr/local/Cellar/python@3.14/3.14.3_1/Frameworks/Python.framework/Versions/3.14/lib/python3.14/getpass.py:99: GetPassWarning: Can not control echo on the terminal.
  passwd = fallback_getpass(prompt, stream)
Warning: Password input may be echoed.
Private key passphrase:EOFError: 
[2026-04-02 16:17:30] [Lazarus] Check state #258: unknown
[2026-04-02 16:17:30] [Lazarus] START attempt #258 for ocid1.instance.oc1.ap-singapore-1.anzwsljrjnctqdycjnedjgrwqodx3amfb7bf6vinqc5faebrftwmdzgi7nga
/usr/local/Cellar/python@3.14/3.14.3_1/Frameworks/Python.framework/Versions/3.14/lib/python3.14/getpass.py:99: GetPassWarning: Can not control echo on the terminal.
  passwd = fallback_getpass(prompt, stream)
Warning: Password input may be echoed.
Private key passphrase:EOFError: 
[2026-04-02 16:17:32] [Lazarus] Start command failed (rc=1). Retrying in 30s...
[2026-04-02 16:17:32] [Lazarus] OCI response: /usr/local/Cellar/python@3.14/3.14.3_1/Frameworks/Python.framework/Versions/3.14/lib/python3.14/getpass.py:99: GetPassWarning: Can not control echo on the terminal.
  passwd = fallback_getpass(prompt, stream)
Warning: Password input may be echoed.
Private key passphrase:EOFError: 
[2026-04-02 16:18:03] [Lazarus] Check state #259: unknown
[2026-04-02 16:18:03] [Lazarus] START attempt #259 for ocid1.instance.oc1.ap-singapore-1.anzwsljrjnctqdycjnedjgrwqodx3amfb7bf6vinqc5faebrftwmdzgi7nga
/usr/local/Cellar/python@3.14/3.14.3_1/Frameworks/Python.framework/Versions/3.14/lib/python3.14/getpass.py:99: GetPassWarning: Can not control echo on the terminal.
  passwd = fallback_getpass(prompt, stream)
Warning: Password input may be echoed.
Private key passphrase:EOFError: 
[2026-04-02 16:18:05] [Lazarus] Start command failed (rc=1). Retrying in 30s...
[2026-04-02 16:18:05] [Lazarus] OCI response: /usr/local/Cellar/python@3.14/3.14.3_1/Frameworks/Python.framework/Versions/3.14/lib/python3.14/getpass.py:99: GetPassWarning: Can not control echo on the terminal.
  passwd = fallback_getpass(prompt, stream)
Warning: Password input may be echoed.
Private key passphrase:EOFError: 
[2026-04-02 16:18:37] [Lazarus] Check state #260: unknown
[2026-04-02 16:18:37] [Lazarus] START attempt #260 for ocid1.instance.oc1.ap-singapore-1.anzwsljrjnctqdycjnedjgrwqodx3amfb7bf6vinqc5faebrftwmdzgi7nga
/usr/local/Cellar/python@3.14/3.14.3_1/Frameworks/Python.framework/Versions/3.14/lib/python3.14/getpass.py:99: GetPassWarning: Can not control echo on the terminal.
  passwd = fallback_getpass(prompt, stream)
Warning: Password input may be echoed.
Private key passphrase:EOFError: 
[2026-04-02 16:18:39] [Lazarus] Start command failed (rc=1). Retrying in 30s...
[2026-04-02 16:18:39] [Lazarus] OCI response: /usr/local/Cellar/python@3.14/3.14.3_1/Frameworks/Python.framework/Versions/3.14/lib/python3.14/getpass.py:99: GetPassWarning: Can not control echo on the terminal.
  passwd = fallback_getpass(prompt, stream)
Warning: Password input may be echoed.
Private key passphrase:EOFError: 
[2026-04-02 16:19:11] [Lazarus] Check state #261: unknown
[2026-04-02 16:19:11] [Lazarus] START attempt #261 for ocid1.instance.oc1.ap-singapore-1.anzwsljrjnctqdycjnedjgrwqodx3amfb7bf6vinqc5faebrftwmdzgi7nga
/usr/local/Cellar/python@3.14/3.14.3_1/Frameworks/Python.framework/Versions/3.14/lib/python3.14/getpass.py:99: GetPassWarning: Can not control echo on the terminal.
  passwd = fallback_getpass(prompt, stream)
Warning: Password input may be echoed.
Private key passphrase:EOFError: 
[2026-04-02 16:19:13] [Lazarus] Start command failed (rc=1). Retrying in 30s...
[2026-04-02 16:19:13] [Lazarus] OCI response: /usr/local/Cellar/python@3.14/3.14.3_1/Frameworks/Python.framework/Versions/3.14/lib/python3.14/getpass.py:99: GetPassWarning: Can not control echo on the terminal.
  passwd = fallback_getpass(prompt, stream)
Warning: Password input may be echoed.
Private key passphrase:EOFError: 
[2026-04-02 16:19:44] [Lazarus] Check state #262: unknown
[2026-04-02 16:19:44] [Lazarus] START attempt #262 for ocid1.instance.oc1.ap-singapore-1.anzwsljrjnctqdycjnedjgrwqodx3amfb7bf6vinqc5faebrftwmdzgi7nga
/usr/local/Cellar/python@3.14/3.14.3_1/Frameworks/Python.framework/Versions/3.14/lib/python3.14/getpass.py:99: GetPassWarning: Can not control echo on the terminal.
  passwd = fallback_getpass(prompt, stream)
Warning: Password input may be echoed.
Private key passphrase:EOFError: 
[2026-04-02 16:19:46] [Lazarus] Start command failed (rc=1). Retrying in 30s...
[2026-04-02 16:19:46] [Lazarus] OCI response: /usr/local/Cellar/python@3.14/3.14.3_1/Frameworks/Python.framework/Versions/3.14/lib/python3.14/getpass.py:99: GetPassWarning: Can not control echo on the terminal.
  passwd = fallback_getpass(prompt, stream)
Warning: Password input may be echoed.
Private key passphrase:EOFError: 
[2026-04-02 16:20:18] [Lazarus] Check state #263: unknown
[2026-04-02 16:20:18] [Lazarus] START attempt #263 for ocid1.instance.oc1.ap-singapore-1.anzwsljrjnctqdycjnedjgrwqodx3amfb7bf6vinqc5faebrftwmdzgi7nga
/usr/local/Cellar/python@3.14/3.14.3_1/Frameworks/Python.framework/Versions/3.14/lib/python3.14/getpass.py:99: GetPassWarning: Can not control echo on the terminal.
  passwd = fallback_getpass(prompt, stream)
Warning: Password input may be echoed.
Private key passphrase:EOFError: 
[2026-04-02 16:20:20] [Lazarus] Start command failed (rc=1). Retrying in 30s...
[2026-04-02 16:20:20] [Lazarus] OCI response: /usr/local/Cellar/python@3.14/3.14.3_1/Frameworks/Python.framework/Versions/3.14/lib/python3.14/getpass.py:99: GetPassWarning: Can not control echo on the terminal.
  passwd = fallback_getpass(prompt, stream)
Warning: Password input may be echoed.
Private key passphrase:EOFError: 
[2026-04-02 16:20:52] [Lazarus] Check state #264: unknown
[2026-04-02 16:20:52] [Lazarus] START attempt #264 for ocid1.instance.oc1.ap-singapore-1.anzwsljrjnctqdycjnedjgrwqodx3amfb7bf6vinqc5faebrftwmdzgi7nga
/usr/local/Cellar/python@3.14/3.14.3_1/Frameworks/Python.framework/Versions/3.14/lib/python3.14/getpass.py:99: GetPassWarning: Can not control echo on the terminal.
  passwd = fallback_getpass(prompt, stream)
Warning: Password input may be echoed.
Private key passphrase:EOFError: 
[2026-04-02 16:20:54] [Lazarus] Start command failed (rc=1). Retrying in 30s...
[2026-04-02 16:20:54] [Lazarus] OCI response: /usr/local/Cellar/python@3.14/3.14.3_1/Frameworks/Python.framework/Versions/3.14/lib/python3.14/getpass.py:99: GetPassWarning: Can not control echo on the terminal.
  passwd = fallback_getpass(prompt, stream)
Warning: Password input may be echoed.
Private key passphrase:EOFError: 
[2026-04-02 16:21:27] [Lazarus] Check state #265: unknown
[2026-04-02 16:21:27] [Lazarus] START attempt #265 for ocid1.instance.oc1.ap-singapore-1.anzwsljrjnctqdycjnedjgrwqodx3amfb7bf6vinqc5faebrftwmdzgi7nga
/usr/local/Cellar/python@3.14/3.14.3_1/Frameworks/Python.framework/Versions/3.14/lib/python3.14/getpass.py:99: GetPassWarning: Can not control echo on the terminal.
  passwd = fallback_getpass(prompt, stream)
Warning: Password input may be echoed.
Private key passphrase:EOFError: 
[2026-04-02 16:21:28] [Lazarus] Start command failed (rc=1). Retrying in 30s...
[2026-04-02 16:21:28] [Lazarus] OCI response: /usr/local/Cellar/python@3.14/3.14.3_1/Frameworks/Python.framework/Versions/3.14/lib/python3.14/getpass.py:99: GetPassWarning: Can not control echo on the terminal.
  passwd = fallback_getpass(prompt, stream)
Warning: Password input may be echoed.
Private key passphrase:EOFError: 
[2026-04-02 16:22:00] [Lazarus] Check state #266: unknown
[2026-04-02 16:22:00] [Lazarus] START attempt #266 for ocid1.instance.oc1.ap-singapore-1.anzwsljrjnctqdycjnedjgrwqodx3amfb7bf6vinqc5faebrftwmdzgi7nga
/usr/local/Cellar/python@3.14/3.14.3_1/Frameworks/Python.framework/Versions/3.14/lib/python3.14/getpass.py:99: GetPassWarning: Can not control echo on the terminal.
  passwd = fallback_getpass(prompt, stream)
Warning: Password input may be echoed.
Private key passphrase:EOFError: 
[2026-04-02 16:22:02] [Lazarus] Start command failed (rc=1). Retrying in 30s...
[2026-04-02 16:22:02] [Lazarus] OCI response: /usr/local/Cellar/python@3.14/3.14.3_1/Frameworks/Python.framework/Versions/3.14/lib/python3.14/getpass.py:99: GetPassWarning: Can not control echo on the terminal.
  passwd = fallback_getpass(prompt, stream)
Warning: Password input may be echoed.
Private key passphrase:EOFError: 
[2026-04-02 16:22:34] [Lazarus] Check state #267: unknown
[2026-04-02 16:22:34] [Lazarus] START attempt #267 for ocid1.instance.oc1.ap-singapore-1.anzwsljrjnctqdycjnedjgrwqodx3amfb7bf6vinqc5faebrftwmdzgi7nga
/usr/local/Cellar/python@3.14/3.14.3_1/Frameworks/Python.framework/Versions/3.14/lib/python3.14/getpass.py:99: GetPassWarning: Can not control echo on the terminal.
  passwd = fallback_getpass(prompt, stream)
Warning: Password input may be echoed.
Private key passphrase:EOFError: 
[2026-04-02 16:22:36] [Lazarus] Start command failed (rc=1). Retrying in 30s...
[2026-04-02 16:22:36] [Lazarus] OCI response: /usr/local/Cellar/python@3.14/3.14.3_1/Frameworks/Python.framework/Versions/3.14/lib/python3.14/getpass.py:99: GetPassWarning: Can not control echo on the terminal.
  passwd = fallback_getpass(prompt, stream)
Warning: Password input may be echoed.
Private key passphrase:EOFError: 
[2026-04-02 16:23:07] [Lazarus] Check state #268: unknown
[2026-04-02 16:23:07] [Lazarus] START attempt #268 for ocid1.instance.oc1.ap-singapore-1.anzwsljrjnctqdycjnedjgrwqodx3amfb7bf6vinqc5faebrftwmdzgi7nga
/usr/local/Cellar/python@3.14/3.14.3_1/Frameworks/Python.framework/Versions/3.14/lib/python3.14/getpass.py:99: GetPassWarning: Can not control echo on the terminal.
  passwd = fallback_getpass(prompt, stream)
Warning: Password input may be echoed.
Private key passphrase:EOFError: 
[2026-04-02 16:23:09] [Lazarus] Start command failed (rc=1). Retrying in 30s...
[2026-04-02 16:23:09] [Lazarus] OCI response: /usr/local/Cellar/python@3.14/3.14.3_1/Frameworks/Python.framework/Versions/3.14/lib/python3.14/getpass.py:99: GetPassWarning: Can not control echo on the terminal.
  passwd = fallback_getpass(prompt, stream)
Warning: Password input may be echoed.
Private key passphrase:EOFError: 
[2026-04-02 16:23:41] [Lazarus] Check state #269: unknown
[2026-04-02 16:23:41] [Lazarus] START attempt #269 for ocid1.instance.oc1.ap-singapore-1.anzwsljrjnctqdycjnedjgrwqodx3amfb7bf6vinqc5faebrftwmdzgi7nga
/usr/local/Cellar/python@3.14/3.14.3_1/Frameworks/Python.framework/Versions/3.14/lib/python3.14/getpass.py:99: GetPassWarning: Can not control echo on the terminal.
  passwd = fallback_getpass(prompt, stream)
Warning: Password input may be echoed.
Private key passphrase:EOFError: 
[2026-04-02 16:23:43] [Lazarus] Start command failed (rc=1). Retrying in 30s...
[2026-04-02 16:23:43] [Lazarus] OCI response: /usr/local/Cellar/python@3.14/3.14.3_1/Frameworks/Python.framework/Versions/3.14/lib/python3.14/getpass.py:99: GetPassWarning: Can not control echo on the terminal.
  passwd = fallback_getpass(prompt, stream)
Warning: Password input may be echoed.
Private key passphrase:EOFError: 
[2026-04-02 16:24:15] [Lazarus] Check state #270: unknown
[2026-04-02 16:24:15] [Lazarus] START attempt #270 for ocid1.instance.oc1.ap-singapore-1.anzwsljrjnctqdycjnedjgrwqodx3amfb7bf6vinqc5faebrftwmdzgi7nga
/usr/local/Cellar/python@3.14/3.14.3_1/Frameworks/Python.framework/Versions/3.14/lib/python3.14/getpass.py:99: GetPassWarning: Can not control echo on the terminal.
  passwd = fallback_getpass(prompt, stream)
Warning: Password input may be echoed.
Private key passphrase:EOFError: 
[2026-04-02 16:24:17] [Lazarus] Start command failed (rc=1). Retrying in 30s...
[2026-04-02 16:24:17] [Lazarus] OCI response: /usr/local/Cellar/python@3.14/3.14.3_1/Frameworks/Python.framework/Versions/3.14/lib/python3.14/getpass.py:99: GetPassWarning: Can not control echo on the terminal.
  passwd = fallback_getpass(prompt, stream)
Warning: Password input may be echoed.
Private key passphrase:EOFError: 
[2026-04-02 16:24:49] [Lazarus] Check state #271: unknown
[2026-04-02 16:24:49] [Lazarus] START attempt #271 for ocid1.instance.oc1.ap-singapore-1.anzwsljrjnctqdycjnedjgrwqodx3amfb7bf6vinqc5faebrftwmdzgi7nga
/usr/local/Cellar/python@3.14/3.14.3_1/Frameworks/Python.framework/Versions/3.14/lib/python3.14/getpass.py:99: GetPassWarning: Can not control echo on the terminal.
  passwd = fallback_getpass(prompt, stream)
Warning: Password input may be echoed.
Private key passphrase:EOFError: 
[2026-04-02 16:24:50] [Lazarus] Start command failed (rc=1). Retrying in 30s...
[2026-04-02 16:24:50] [Lazarus] OCI response: /usr/local/Cellar/python@3.14/3.14.3_1/Frameworks/Python.framework/Versions/3.14/lib/python3.14/getpass.py:99: GetPassWarning: Can not control echo on the terminal.
  passwd = fallback_getpass(prompt, stream)
Warning: Password input may be echoed.
Private key passphrase:EOFError: 
[2026-04-02 16:25:23] [Lazarus] Check state #272: unknown
[2026-04-02 16:25:23] [Lazarus] START attempt #272 for ocid1.instance.oc1.ap-singapore-1.anzwsljrjnctqdycjnedjgrwqodx3amfb7bf6vinqc5faebrftwmdzgi7nga
/usr/local/Cellar/python@3.14/3.14.3_1/Frameworks/Python.framework/Versions/3.14/lib/python3.14/getpass.py:99: GetPassWarning: Can not control echo on the terminal.
  passwd = fallback_getpass(prompt, stream)
Warning: Password input may be echoed.
Private key passphrase:EOFError: 
[2026-04-02 16:25:24] [Lazarus] Start command failed (rc=1). Retrying in 30s...
[2026-04-02 16:25:24] [Lazarus] OCI response: /usr/local/Cellar/python@3.14/3.14.3_1/Frameworks/Python.framework/Versions/3.14/lib/python3.14/getpass.py:99: GetPassWarning: Can not control echo on the terminal.
  passwd = fallback_getpass(prompt, stream)
Warning: Password input may be echoed.
Private key passphrase:EOFError: 
[2026-04-02 16:25:56] [Lazarus] Check state #273: unknown
[2026-04-02 16:25:56] [Lazarus] START attempt #273 for ocid1.instance.oc1.ap-singapore-1.anzwsljrjnctqdycjnedjgrwqodx3amfb7bf6vinqc5faebrftwmdzgi7nga
/usr/local/Cellar/python@3.14/3.14.3_1/Frameworks/Python.framework/Versions/3.14/lib/python3.14/getpass.py:99: GetPassWarning: Can not control echo on the terminal.
  passwd = fallback_getpass(prompt, stream)
Warning: Password input may be echoed.
Private key passphrase:EOFError: 
[2026-04-02 16:25:58] [Lazarus] Start command failed (rc=1). Retrying in 30s...
[2026-04-02 16:25:58] [Lazarus] OCI response: /usr/local/Cellar/python@3.14/3.14.3_1/Frameworks/Python.framework/Versions/3.14/lib/python3.14/getpass.py:99: GetPassWarning: Can not control echo on the terminal.
  passwd = fallback_getpass(prompt, stream)
Warning: Password input may be echoed.
Private key passphrase:EOFError: 
[2026-04-02 16:26:30] [Lazarus] Check state #274: unknown
[2026-04-02 16:26:30] [Lazarus] START attempt #274 for ocid1.instance.oc1.ap-singapore-1.anzwsljrjnctqdycjnedjgrwqodx3amfb7bf6vinqc5faebrftwmdzgi7nga
/usr/local/Cellar/python@3.14/3.14.3_1/Frameworks/Python.framework/Versions/3.14/lib/python3.14/getpass.py:99: GetPassWarning: Can not control echo on the terminal.
  passwd = fallback_getpass(prompt, stream)
Warning: Password input may be echoed.
Private key passphrase:EOFError: 
[2026-04-02 16:26:32] [Lazarus] Start command failed (rc=1). Retrying in 30s...
[2026-04-02 16:26:32] [Lazarus] OCI response: /usr/local/Cellar/python@3.14/3.14.3_1/Frameworks/Python.framework/Versions/3.14/lib/python3.14/getpass.py:99: GetPassWarning: Can not control echo on the terminal.
  passwd = fallback_getpass(prompt, stream)
Warning: Password input may be echoed.
Private key passphrase:EOFError: 
[2026-04-02 16:27:04] [Lazarus] Check state #275: unknown
[2026-04-02 16:27:04] [Lazarus] START attempt #275 for ocid1.instance.oc1.ap-singapore-1.anzwsljrjnctqdycjnedjgrwqodx3amfb7bf6vinqc5faebrftwmdzgi7nga
/usr/local/Cellar/python@3.14/3.14.3_1/Frameworks/Python.framework/Versions/3.14/lib/python3.14/getpass.py:99: GetPassWarning: Can not control echo on the terminal.
  passwd = fallback_getpass(prompt, stream)
Warning: Password input may be echoed.
Private key passphrase:EOFError: 
[2026-04-02 16:27:06] [Lazarus] Start command failed (rc=1). Retrying in 30s...
[2026-04-02 16:27:06] [Lazarus] OCI response: /usr/local/Cellar/python@3.14/3.14.3_1/Frameworks/Python.framework/Versions/3.14/lib/python3.14/getpass.py:99: GetPassWarning: Can not control echo on the terminal.
  passwd = fallback_getpass(prompt, stream)
Warning: Password input may be echoed.
Private key passphrase:EOFError: 
[2026-04-02 16:27:38] [Lazarus] Check state #276: unknown
[2026-04-02 16:27:38] [Lazarus] START attempt #276 for ocid1.instance.oc1.ap-singapore-1.anzwsljrjnctqdycjnedjgrwqodx3amfb7bf6vinqc5faebrftwmdzgi7nga
/usr/local/Cellar/python@3.14/3.14.3_1/Frameworks/Python.framework/Versions/3.14/lib/python3.14/getpass.py:99: GetPassWarning: Can not control echo on the terminal.
  passwd = fallback_getpass(prompt, stream)
Warning: Password input may be echoed.
Private key passphrase:EOFError: 
[2026-04-02 16:27:39] [Lazarus] Start command failed (rc=1). Retrying in 30s...
[2026-04-02 16:27:39] [Lazarus] OCI response: /usr/local/Cellar/python@3.14/3.14.3_1/Frameworks/Python.framework/Versions/3.14/lib/python3.14/getpass.py:99: GetPassWarning: Can not control echo on the terminal.
  passwd = fallback_getpass(prompt, stream)
Warning: Password input may be echoed.
Private key passphrase:EOFError: 
[2026-04-02 16:28:11] [Lazarus] Check state #277: unknown
[2026-04-02 16:28:11] [Lazarus] START attempt #277 for ocid1.instance.oc1.ap-singapore-1.anzwsljrjnctqdycjnedjgrwqodx3amfb7bf6vinqc5faebrftwmdzgi7nga
/usr/local/Cellar/python@3.14/3.14.3_1/Frameworks/Python.framework/Versions/3.14/lib/python3.14/getpass.py:99: GetPassWarning: Can not control echo on the terminal.
  passwd = fallback_getpass(prompt, stream)
Warning: Password input may be echoed.
Private key passphrase:EOFError: 
[2026-04-02 16:28:13] [Lazarus] Start command failed (rc=1). Retrying in 30s...
[2026-04-02 16:28:13] [Lazarus] OCI response: /usr/local/Cellar/python@3.14/3.14.3_1/Frameworks/Python.framework/Versions/3.14/lib/python3.14/getpass.py:99: GetPassWarning: Can not control echo on the terminal.
  passwd = fallback_getpass(prompt, stream)
Warning: Password input may be echoed.
Private key passphrase:EOFError: 
[2026-04-02 16:28:45] [Lazarus] Check state #278: unknown
[2026-04-02 16:28:45] [Lazarus] START attempt #278 for ocid1.instance.oc1.ap-singapore-1.anzwsljrjnctqdycjnedjgrwqodx3amfb7bf6vinqc5faebrftwmdzgi7nga
/usr/local/Cellar/python@3.14/3.14.3_1/Frameworks/Python.framework/Versions/3.14/lib/python3.14/getpass.py:99: GetPassWarning: Can not control echo on the terminal.
  passwd = fallback_getpass(prompt, stream)
Warning: Password input may be echoed.
Private key passphrase:EOFError: 
[2026-04-02 16:28:47] [Lazarus] Start command failed (rc=1). Retrying in 30s...
[2026-04-02 16:28:47] [Lazarus] OCI response: /usr/local/Cellar/python@3.14/3.14.3_1/Frameworks/Python.framework/Versions/3.14/lib/python3.14/getpass.py:99: GetPassWarning: Can not control echo on the terminal.
  passwd = fallback_getpass(prompt, stream)
Warning: Password input may be echoed.
Private key passphrase:EOFError: 
[2026-04-02 16:29:18] [Lazarus] Check state #279: unknown
[2026-04-02 16:29:18] [Lazarus] START attempt #279 for ocid1.instance.oc1.ap-singapore-1.anzwsljrjnctqdycjnedjgrwqodx3amfb7bf6vinqc5faebrftwmdzgi7nga
/usr/local/Cellar/python@3.14/3.14.3_1/Frameworks/Python.framework/Versions/3.14/lib/python3.14/getpass.py:99: GetPassWarning: Can not control echo on the terminal.
  passwd = fallback_getpass(prompt, stream)
Warning: Password input may be echoed.
Private key passphrase:EOFError: 
[2026-04-02 16:29:20] [Lazarus] Start command failed (rc=1). Retrying in 30s...
[2026-04-02 16:29:20] [Lazarus] OCI response: /usr/local/Cellar/python@3.14/3.14.3_1/Frameworks/Python.framework/Versions/3.14/lib/python3.14/getpass.py:99: GetPassWarning: Can not control echo on the terminal.
  passwd = fallback_getpass(prompt, stream)
Warning: Password input may be echoed.
Private key passphrase:EOFError: 
[2026-04-02 16:29:52] [Lazarus] Check state #280: unknown
[2026-04-02 16:29:52] [Lazarus] START attempt #280 for ocid1.instance.oc1.ap-singapore-1.anzwsljrjnctqdycjnedjgrwqodx3amfb7bf6vinqc5faebrftwmdzgi7nga
/usr/local/Cellar/python@3.14/3.14.3_1/Frameworks/Python.framework/Versions/3.14/lib/python3.14/getpass.py:99: GetPassWarning: Can not control echo on the terminal.
  passwd = fallback_getpass(prompt, stream)
Warning: Password input may be echoed.
Private key passphrase:EOFError: 
[2026-04-02 16:29:54] [Lazarus] Start command failed (rc=1). Retrying in 30s...
[2026-04-02 16:29:54] [Lazarus] OCI response: /usr/local/Cellar/python@3.14/3.14.3_1/Frameworks/Python.framework/Versions/3.14/lib/python3.14/getpass.py:99: GetPassWarning: Can not control echo on the terminal.
  passwd = fallback_getpass(prompt, stream)
Warning: Password input may be echoed.
Private key passphrase:EOFError: 
[2026-04-02 16:30:26] [Lazarus] Check state #281: unknown
[2026-04-02 16:30:26] [Lazarus] START attempt #281 for ocid1.instance.oc1.ap-singapore-1.anzwsljrjnctqdycjnedjgrwqodx3amfb7bf6vinqc5faebrftwmdzgi7nga
/usr/local/Cellar/python@3.14/3.14.3_1/Frameworks/Python.framework/Versions/3.14/lib/python3.14/getpass.py:99: GetPassWarning: Can not control echo on the terminal.
  passwd = fallback_getpass(prompt, stream)
Warning: Password input may be echoed.
Private key passphrase:EOFError: 
[2026-04-02 16:30:28] [Lazarus] Start command failed (rc=1). Retrying in 30s...
[2026-04-02 16:30:28] [Lazarus] OCI response: /usr/local/Cellar/python@3.14/3.14.3_1/Frameworks/Python.framework/Versions/3.14/lib/python3.14/getpass.py:99: GetPassWarning: Can not control echo on the terminal.
  passwd = fallback_getpass(prompt, stream)
Warning: Password input may be echoed.
Private key passphrase:EOFError: 
[2026-04-02 16:31:00] [Lazarus] Check state #282: unknown
[2026-04-02 16:31:00] [Lazarus] START attempt #282 for ocid1.instance.oc1.ap-singapore-1.anzwsljrjnctqdycjnedjgrwqodx3amfb7bf6vinqc5faebrftwmdzgi7nga
/usr/local/Cellar/python@3.14/3.14.3_1/Frameworks/Python.framework/Versions/3.14/lib/python3.14/getpass.py:99: GetPassWarning: Can not control echo on the terminal.
  passwd = fallback_getpass(prompt, stream)
Warning: Password input may be echoed.
Private key passphrase:EOFError: 
[2026-04-02 16:31:02] [Lazarus] Start command failed (rc=1). Retrying in 30s...
[2026-04-02 16:31:02] [Lazarus] OCI response: /usr/local/Cellar/python@3.14/3.14.3_1/Frameworks/Python.framework/Versions/3.14/lib/python3.14/getpass.py:99: GetPassWarning: Can not control echo on the terminal.
  passwd = fallback_getpass(prompt, stream)
Warning: Password input may be echoed.
Private key passphrase:EOFError: 
[2026-04-02 16:31:34] [Lazarus] Check state #283: unknown
[2026-04-02 16:31:34] [Lazarus] START attempt #283 for ocid1.instance.oc1.ap-singapore-1.anzwsljrjnctqdycjnedjgrwqodx3amfb7bf6vinqc5faebrftwmdzgi7nga
/usr/local/Cellar/python@3.14/3.14.3_1/Frameworks/Python.framework/Versions/3.14/lib/python3.14/getpass.py:99: GetPassWarning: Can not control echo on the terminal.
  passwd = fallback_getpass(prompt, stream)
Warning: Password input may be echoed.
Private key passphrase:EOFError: 
[2026-04-02 16:31:36] [Lazarus] Start command failed (rc=1). Retrying in 30s...
[2026-04-02 16:31:36] [Lazarus] OCI response: /usr/local/Cellar/python@3.14/3.14.3_1/Frameworks/Python.framework/Versions/3.14/lib/python3.14/getpass.py:99: GetPassWarning: Can not control echo on the terminal.
  passwd = fallback_getpass(prompt, stream)
Warning: Password input may be echoed.
Private key passphrase:EOFError: 
[2026-04-02 16:32:07] [Lazarus] Check state #284: unknown
[2026-04-02 16:32:07] [Lazarus] START attempt #284 for ocid1.instance.oc1.ap-singapore-1.anzwsljrjnctqdycjnedjgrwqodx3amfb7bf6vinqc5faebrftwmdzgi7nga
/usr/local/Cellar/python@3.14/3.14.3_1/Frameworks/Python.framework/Versions/3.14/lib/python3.14/getpass.py:99: GetPassWarning: Can not control echo on the terminal.
  passwd = fallback_getpass(prompt, stream)
Warning: Password input may be echoed.
Private key passphrase:EOFError: 
[2026-04-02 16:32:09] [Lazarus] Start command failed (rc=1). Retrying in 30s...
[2026-04-02 16:32:09] [Lazarus] OCI response: /usr/local/Cellar/python@3.14/3.14.3_1/Frameworks/Python.framework/Versions/3.14/lib/python3.14/getpass.py:99: GetPassWarning: Can not control echo on the terminal.
  passwd = fallback_getpass(prompt, stream)
Warning: Password input may be echoed.
Private key passphrase:EOFError: 
[2026-04-02 16:32:41] [Lazarus] Check state #285: unknown
[2026-04-02 16:32:41] [Lazarus] START attempt #285 for ocid1.instance.oc1.ap-singapore-1.anzwsljrjnctqdycjnedjgrwqodx3amfb7bf6vinqc5faebrftwmdzgi7nga
/usr/local/Cellar/python@3.14/3.14.3_1/Frameworks/Python.framework/Versions/3.14/lib/python3.14/getpass.py:99: GetPassWarning: Can not control echo on the terminal.
  passwd = fallback_getpass(prompt, stream)
Warning: Password input may be echoed.
Private key passphrase:EOFError: 
[2026-04-02 16:32:43] [Lazarus] Start command failed (rc=1). Retrying in 30s...
[2026-04-02 16:32:43] [Lazarus] OCI response: /usr/local/Cellar/python@3.14/3.14.3_1/Frameworks/Python.framework/Versions/3.14/lib/python3.14/getpass.py:99: GetPassWarning: Can not control echo on the terminal.
  passwd = fallback_getpass(prompt, stream)
Warning: Password input may be echoed.
Private key passphrase:EOFError: 
[2026-04-02 16:33:15] [Lazarus] Check state #286: unknown
[2026-04-02 16:33:15] [Lazarus] START attempt #286 for ocid1.instance.oc1.ap-singapore-1.anzwsljrjnctqdycjnedjgrwqodx3amfb7bf6vinqc5faebrftwmdzgi7nga
/usr/local/Cellar/python@3.14/3.14.3_1/Frameworks/Python.framework/Versions/3.14/lib/python3.14/getpass.py:99: GetPassWarning: Can not control echo on the terminal.
  passwd = fallback_getpass(prompt, stream)
Warning: Password input may be echoed.
Private key passphrase:EOFError: 
[2026-04-02 16:33:16] [Lazarus] Start command failed (rc=1). Retrying in 30s...
[2026-04-02 16:33:17] [Lazarus] OCI response: /usr/local/Cellar/python@3.14/3.14.3_1/Frameworks/Python.framework/Versions/3.14/lib/python3.14/getpass.py:99: GetPassWarning: Can not control echo on the terminal.
  passwd = fallback_getpass(prompt, stream)
Warning: Password input may be echoed.
Private key passphrase:EOFError: 
[2026-04-02 16:33:48] [Lazarus] Check state #287: unknown
[2026-04-02 16:33:48] [Lazarus] START attempt #287 for ocid1.instance.oc1.ap-singapore-1.anzwsljrjnctqdycjnedjgrwqodx3amfb7bf6vinqc5faebrftwmdzgi7nga
/usr/local/Cellar/python@3.14/3.14.3_1/Frameworks/Python.framework/Versions/3.14/lib/python3.14/getpass.py:99: GetPassWarning: Can not control echo on the terminal.
  passwd = fallback_getpass(prompt, stream)
Warning: Password input may be echoed.
Private key passphrase:EOFError: 
[2026-04-02 16:33:50] [Lazarus] Start command failed (rc=1). Retrying in 30s...
[2026-04-02 16:33:50] [Lazarus] OCI response: /usr/local/Cellar/python@3.14/3.14.3_1/Frameworks/Python.framework/Versions/3.14/lib/python3.14/getpass.py:99: GetPassWarning: Can not control echo on the terminal.
  passwd = fallback_getpass(prompt, stream)
Warning: Password input may be echoed.
Private key passphrase:EOFError: 
[2026-04-02 16:34:22] [Lazarus] Check state #288: unknown
[2026-04-02 16:34:22] [Lazarus] START attempt #288 for ocid1.instance.oc1.ap-singapore-1.anzwsljrjnctqdycjnedjgrwqodx3amfb7bf6vinqc5faebrftwmdzgi7nga
/usr/local/Cellar/python@3.14/3.14.3_1/Frameworks/Python.framework/Versions/3.14/lib/python3.14/getpass.py:99: GetPassWarning: Can not control echo on the terminal.
  passwd = fallback_getpass(prompt, stream)
Warning: Password input may be echoed.
Private key passphrase:EOFError: 
[2026-04-02 16:34:24] [Lazarus] Start command failed (rc=1). Retrying in 30s...
[2026-04-02 16:34:24] [Lazarus] OCI response: /usr/local/Cellar/python@3.14/3.14.3_1/Frameworks/Python.framework/Versions/3.14/lib/python3.14/getpass.py:99: GetPassWarning: Can not control echo on the terminal.
  passwd = fallback_getpass(prompt, stream)
Warning: Password input may be echoed.
Private key passphrase:EOFError: 
[2026-04-02 16:34:55] [Lazarus] Check state #289: unknown
[2026-04-02 16:34:55] [Lazarus] START attempt #289 for ocid1.instance.oc1.ap-singapore-1.anzwsljrjnctqdycjnedjgrwqodx3amfb7bf6vinqc5faebrftwmdzgi7nga
/usr/local/Cellar/python@3.14/3.14.3_1/Frameworks/Python.framework/Versions/3.14/lib/python3.14/getpass.py:99: GetPassWarning: Can not control echo on the terminal.
  passwd = fallback_getpass(prompt, stream)
Warning: Password input may be echoed.
Private key passphrase:EOFError: 
[2026-04-02 16:34:57] [Lazarus] Start command failed (rc=1). Retrying in 30s...
[2026-04-02 16:34:57] [Lazarus] OCI response: /usr/local/Cellar/python@3.14/3.14.3_1/Frameworks/Python.framework/Versions/3.14/lib/python3.14/getpass.py:99: GetPassWarning: Can not control echo on the terminal.
  passwd = fallback_getpass(prompt, stream)
Warning: Password input may be echoed.
Private key passphrase:EOFError: 
[2026-04-02 16:35:29] [Lazarus] Check state #290: unknown
[2026-04-02 16:35:29] [Lazarus] START attempt #290 for ocid1.instance.oc1.ap-singapore-1.anzwsljrjnctqdycjnedjgrwqodx3amfb7bf6vinqc5faebrftwmdzgi7nga
/usr/local/Cellar/python@3.14/3.14.3_1/Frameworks/Python.framework/Versions/3.14/lib/python3.14/getpass.py:99: GetPassWarning: Can not control echo on the terminal.
  passwd = fallback_getpass(prompt, stream)
Warning: Password input may be echoed.
Private key passphrase:EOFError: 
[2026-04-02 16:35:31] [Lazarus] Start command failed (rc=1). Retrying in 30s...
[2026-04-02 16:35:31] [Lazarus] OCI response: /usr/local/Cellar/python@3.14/3.14.3_1/Frameworks/Python.framework/Versions/3.14/lib/python3.14/getpass.py:99: GetPassWarning: Can not control echo on the terminal.
  passwd = fallback_getpass(prompt, stream)
Warning: Password input may be echoed.
Private key passphrase:EOFError: 
[2026-04-02 16:36:03] [Lazarus] Check state #291: unknown
[2026-04-02 16:36:03] [Lazarus] START attempt #291 for ocid1.instance.oc1.ap-singapore-1.anzwsljrjnctqdycjnedjgrwqodx3amfb7bf6vinqc5faebrftwmdzgi7nga
/usr/local/Cellar/python@3.14/3.14.3_1/Frameworks/Python.framework/Versions/3.14/lib/python3.14/getpass.py:99: GetPassWarning: Can not control echo on the terminal.
  passwd = fallback_getpass(prompt, stream)
Warning: Password input may be echoed.
Private key passphrase:EOFError: 
[2026-04-02 16:36:05] [Lazarus] Start command failed (rc=1). Retrying in 30s...
[2026-04-02 16:36:05] [Lazarus] OCI response: /usr/local/Cellar/python@3.14/3.14.3_1/Frameworks/Python.framework/Versions/3.14/lib/python3.14/getpass.py:99: GetPassWarning: Can not control echo on the terminal.
  passwd = fallback_getpass(prompt, stream)
Warning: Password input may be echoed.
Private key passphrase:EOFError: 
[2026-04-02 16:36:37] [Lazarus] Check state #292: unknown
[2026-04-02 16:36:37] [Lazarus] START attempt #292 for ocid1.instance.oc1.ap-singapore-1.anzwsljrjnctqdycjnedjgrwqodx3amfb7bf6vinqc5faebrftwmdzgi7nga
/usr/local/Cellar/python@3.14/3.14.3_1/Frameworks/Python.framework/Versions/3.14/lib/python3.14/getpass.py:99: GetPassWarning: Can not control echo on the terminal.
  passwd = fallback_getpass(prompt, stream)
Warning: Password input may be echoed.
Private key passphrase:EOFError: 
[2026-04-02 16:36:38] [Lazarus] Start command failed (rc=1). Retrying in 30s...
[2026-04-02 16:36:38] [Lazarus] OCI response: /usr/local/Cellar/python@3.14/3.14.3_1/Frameworks/Python.framework/Versions/3.14/lib/python3.14/getpass.py:99: GetPassWarning: Can not control echo on the terminal.
  passwd = fallback_getpass(prompt, stream)
Warning: Password input may be echoed.
Private key passphrase:EOFError: 
[2026-04-02 16:37:10] [Lazarus] Check state #293: unknown
[2026-04-02 16:37:10] [Lazarus] START attempt #293 for ocid1.instance.oc1.ap-singapore-1.anzwsljrjnctqdycjnedjgrwqodx3amfb7bf6vinqc5faebrftwmdzgi7nga
/usr/local/Cellar/python@3.14/3.14.3_1/Frameworks/Python.framework/Versions/3.14/lib/python3.14/getpass.py:99: GetPassWarning: Can not control echo on the terminal.
  passwd = fallback_getpass(prompt, stream)
Warning: Password input may be echoed.
Private key passphrase:EOFError: 
[2026-04-02 16:37:12] [Lazarus] Start command failed (rc=1). Retrying in 30s...
[2026-04-02 16:37:12] [Lazarus] OCI response: /usr/local/Cellar/python@3.14/3.14.3_1/Frameworks/Python.framework/Versions/3.14/lib/python3.14/getpass.py:99: GetPassWarning: Can not control echo on the terminal.
  passwd = fallback_getpass(prompt, stream)
Warning: Password input may be echoed.
Private key passphrase:EOFError: 
[2026-04-02 16:37:44] [Lazarus] Check state #294: unknown
[2026-04-02 16:37:44] [Lazarus] START attempt #294 for ocid1.instance.oc1.ap-singapore-1.anzwsljrjnctqdycjnedjgrwqodx3amfb7bf6vinqc5faebrftwmdzgi7nga
/usr/local/Cellar/python@3.14/3.14.3_1/Frameworks/Python.framework/Versions/3.14/lib/python3.14/getpass.py:99: GetPassWarning: Can not control echo on the terminal.
  passwd = fallback_getpass(prompt, stream)
Warning: Password input may be echoed.
Private key passphrase:EOFError: 
[2026-04-02 16:37:46] [Lazarus] Start command failed (rc=1). Retrying in 30s...
[2026-04-02 16:37:46] [Lazarus] OCI response: /usr/local/Cellar/python@3.14/3.14.3_1/Frameworks/Python.framework/Versions/3.14/lib/python3.14/getpass.py:99: GetPassWarning: Can not control echo on the terminal.
  passwd = fallback_getpass(prompt, stream)
Warning: Password input may be echoed.
Private key passphrase:EOFError: 
[2026-04-02 16:38:17] [Lazarus] Check state #295: unknown
[2026-04-02 16:38:18] [Lazarus] START attempt #295 for ocid1.instance.oc1.ap-singapore-1.anzwsljrjnctqdycjnedjgrwqodx3amfb7bf6vinqc5faebrftwmdzgi7nga
/usr/local/Cellar/python@3.14/3.14.3_1/Frameworks/Python.framework/Versions/3.14/lib/python3.14/getpass.py:99: GetPassWarning: Can not control echo on the terminal.
  passwd = fallback_getpass(prompt, stream)
Warning: Password input may be echoed.
Private key passphrase:EOFError: 
[2026-04-02 16:38:19] [Lazarus] Start command failed (rc=1). Retrying in 30s...
[2026-04-02 16:38:19] [Lazarus] OCI response: /usr/local/Cellar/python@3.14/3.14.3_1/Frameworks/Python.framework/Versions/3.14/lib/python3.14/getpass.py:99: GetPassWarning: Can not control echo on the terminal.
  passwd = fallback_getpass(prompt, stream)
Warning: Password input may be echoed.
Private key passphrase:EOFError: 
[2026-04-02 16:38:51] [Lazarus] Check state #296: unknown
[2026-04-02 16:38:51] [Lazarus] START attempt #296 for ocid1.instance.oc1.ap-singapore-1.anzwsljrjnctqdycjnedjgrwqodx3amfb7bf6vinqc5faebrftwmdzgi7nga
/usr/local/Cellar/python@3.14/3.14.3_1/Frameworks/Python.framework/Versions/3.14/lib/python3.14/getpass.py:99: GetPassWarning: Can not control echo on the terminal.
  passwd = fallback_getpass(prompt, stream)
Warning: Password input may be echoed.
Private key passphrase:EOFError: 
[2026-04-02 16:38:53] [Lazarus] Start command failed (rc=1). Retrying in 30s...
[2026-04-02 16:38:53] [Lazarus] OCI response: /usr/local/Cellar/python@3.14/3.14.3_1/Frameworks/Python.framework/Versions/3.14/lib/python3.14/getpass.py:99: GetPassWarning: Can not control echo on the terminal.
  passwd = fallback_getpass(prompt, stream)
Warning: Password input may be echoed.
Private key passphrase:EOFError: 
[2026-04-02 16:39:24] [Lazarus] Check state #297: unknown
[2026-04-02 16:39:24] [Lazarus] START attempt #297 for ocid1.instance.oc1.ap-singapore-1.anzwsljrjnctqdycjnedjgrwqodx3amfb7bf6vinqc5faebrftwmdzgi7nga
/usr/local/Cellar/python@3.14/3.14.3_1/Frameworks/Python.framework/Versions/3.14/lib/python3.14/getpass.py:99: GetPassWarning: Can not control echo on the terminal.
  passwd = fallback_getpass(prompt, stream)
Warning: Password input may be echoed.
Private key passphrase:EOFError: 
[2026-04-02 16:39:26] [Lazarus] Start command failed (rc=1). Retrying in 30s...
[2026-04-02 16:39:26] [Lazarus] OCI response: /usr/local/Cellar/python@3.14/3.14.3_1/Frameworks/Python.framework/Versions/3.14/lib/python3.14/getpass.py:99: GetPassWarning: Can not control echo on the terminal.
  passwd = fallback_getpass(prompt, stream)
Warning: Password input may be echoed.
Private key passphrase:EOFError: 
[2026-04-02 16:39:58] [Lazarus] Check state #298: unknown
[2026-04-02 16:39:58] [Lazarus] START attempt #298 for ocid1.instance.oc1.ap-singapore-1.anzwsljrjnctqdycjnedjgrwqodx3amfb7bf6vinqc5faebrftwmdzgi7nga
/usr/local/Cellar/python@3.14/3.14.3_1/Frameworks/Python.framework/Versions/3.14/lib/python3.14/getpass.py:99: GetPassWarning: Can not control echo on the terminal.
  passwd = fallback_getpass(prompt, stream)
Warning: Password input may be echoed.
Private key passphrase:EOFError: 
[2026-04-02 16:40:00] [Lazarus] Start command failed (rc=1). Retrying in 30s...
[2026-04-02 16:40:00] [Lazarus] OCI response: /usr/local/Cellar/python@3.14/3.14.3_1/Frameworks/Python.framework/Versions/3.14/lib/python3.14/getpass.py:99: GetPassWarning: Can not control echo on the terminal.
  passwd = fallback_getpass(prompt, stream)
Warning: Password input may be echoed.
Private key passphrase:EOFError: 
[2026-04-02 16:40:32] [Lazarus] Check state #299: unknown
[2026-04-02 16:40:32] [Lazarus] START attempt #299 for ocid1.instance.oc1.ap-singapore-1.anzwsljrjnctqdycjnedjgrwqodx3amfb7bf6vinqc5faebrftwmdzgi7nga
/usr/local/Cellar/python@3.14/3.14.3_1/Frameworks/Python.framework/Versions/3.14/lib/python3.14/getpass.py:99: GetPassWarning: Can not control echo on the terminal.
  passwd = fallback_getpass(prompt, stream)
Warning: Password input may be echoed.
Private key passphrase:EOFError: 
[2026-04-02 16:40:33] [Lazarus] Start command failed (rc=1). Retrying in 30s...
[2026-04-02 16:40:33] [Lazarus] OCI response: /usr/local/Cellar/python@3.14/3.14.3_1/Frameworks/Python.framework/Versions/3.14/lib/python3.14/getpass.py:99: GetPassWarning: Can not control echo on the terminal.
  passwd = fallback_getpass(prompt, stream)
Warning: Password input may be echoed.
Private key passphrase:EOFError: 
[2026-04-02 16:41:05] [Lazarus] Check state #300: unknown
[2026-04-02 16:41:05] [Lazarus] START attempt #300 for ocid1.instance.oc1.ap-singapore-1.anzwsljrjnctqdycjnedjgrwqodx3amfb7bf6vinqc5faebrftwmdzgi7nga
/usr/local/Cellar/python@3.14/3.14.3_1/Frameworks/Python.framework/Versions/3.14/lib/python3.14/getpass.py:99: GetPassWarning: Can not control echo on the terminal.
  passwd = fallback_getpass(prompt, stream)
Warning: Password input may be echoed.
Private key passphrase:EOFError: 
[2026-04-02 16:41:07] [Lazarus] Start command failed (rc=1). Retrying in 30s...
[2026-04-02 16:41:07] [Lazarus] OCI response: /usr/local/Cellar/python@3.14/3.14.3_1/Frameworks/Python.framework/Versions/3.14/lib/python3.14/getpass.py:99: GetPassWarning: Can not control echo on the terminal.
  passwd = fallback_getpass(prompt, stream)
Warning: Password input may be echoed.
Private key passphrase:EOFError: 
[2026-04-02 16:41:39] [Lazarus] Check state #301: unknown
[2026-04-02 16:41:39] [Lazarus] START attempt #301 for ocid1.instance.oc1.ap-singapore-1.anzwsljrjnctqdycjnedjgrwqodx3amfb7bf6vinqc5faebrftwmdzgi7nga
/usr/local/Cellar/python@3.14/3.14.3_1/Frameworks/Python.framework/Versions/3.14/lib/python3.14/getpass.py:99: GetPassWarning: Can not control echo on the terminal.
  passwd = fallback_getpass(prompt, stream)
Warning: Password input may be echoed.
Private key passphrase:EOFError: 
[2026-04-02 16:41:40] [Lazarus] Start command failed (rc=1). Retrying in 30s...
[2026-04-02 16:41:40] [Lazarus] OCI response: /usr/local/Cellar/python@3.14/3.14.3_1/Frameworks/Python.framework/Versions/3.14/lib/python3.14/getpass.py:99: GetPassWarning: Can not control echo on the terminal.
  passwd = fallback_getpass(prompt, stream)
Warning: Password input may be echoed.
Private key passphrase:EOFError: 
[2026-04-02 16:42:13] [Lazarus] Check state #302: unknown
[2026-04-02 16:42:13] [Lazarus] START attempt #302 for ocid1.instance.oc1.ap-singapore-1.anzwsljrjnctqdycjnedjgrwqodx3amfb7bf6vinqc5faebrftwmdzgi7nga
/usr/local/Cellar/python@3.14/3.14.3_1/Frameworks/Python.framework/Versions/3.14/lib/python3.14/getpass.py:99: GetPassWarning: Can not control echo on the terminal.
  passwd = fallback_getpass(prompt, stream)
Warning: Password input may be echoed.
Private key passphrase:EOFError: 
[2026-04-02 16:42:15] [Lazarus] Start command failed (rc=1). Retrying in 30s...
[2026-04-02 16:42:15] [Lazarus] OCI response: /usr/local/Cellar/python@3.14/3.14.3_1/Frameworks/Python.framework/Versions/3.14/lib/python3.14/getpass.py:99: GetPassWarning: Can not control echo on the terminal.
  passwd = fallback_getpass(prompt, stream)
Warning: Password input may be echoed.
Private key passphrase:EOFError: 
[2026-04-02 16:42:47] [Lazarus] Check state #303: unknown
[2026-04-02 16:42:47] [Lazarus] START attempt #303 for ocid1.instance.oc1.ap-singapore-1.anzwsljrjnctqdycjnedjgrwqodx3amfb7bf6vinqc5faebrftwmdzgi7nga
/usr/local/Cellar/python@3.14/3.14.3_1/Frameworks/Python.framework/Versions/3.14/lib/python3.14/getpass.py:99: GetPassWarning: Can not control echo on the terminal.
  passwd = fallback_getpass(prompt, stream)
Warning: Password input may be echoed.
Private key passphrase:EOFError: 
[2026-04-02 16:42:49] [Lazarus] Start command failed (rc=1). Retrying in 30s...
[2026-04-02 16:42:49] [Lazarus] OCI response: /usr/local/Cellar/python@3.14/3.14.3_1/Frameworks/Python.framework/Versions/3.14/lib/python3.14/getpass.py:99: GetPassWarning: Can not control echo on the terminal.
  passwd = fallback_getpass(prompt, stream)
Warning: Password input may be echoed.
Private key passphrase:EOFError: 
[2026-04-02 16:43:21] [Lazarus] Check state #304: unknown
[2026-04-02 16:43:21] [Lazarus] START attempt #304 for ocid1.instance.oc1.ap-singapore-1.anzwsljrjnctqdycjnedjgrwqodx3amfb7bf6vinqc5faebrftwmdzgi7nga
/usr/local/Cellar/python@3.14/3.14.3_1/Frameworks/Python.framework/Versions/3.14/lib/python3.14/getpass.py:99: GetPassWarning: Can not control echo on the terminal.
  passwd = fallback_getpass(prompt, stream)
Warning: Password input may be echoed.
Private key passphrase:EOFError: 
[2026-04-02 16:43:23] [Lazarus] Start command failed (rc=1). Retrying in 30s...
[2026-04-02 16:43:23] [Lazarus] OCI response: /usr/local/Cellar/python@3.14/3.14.3_1/Frameworks/Python.framework/Versions/3.14/lib/python3.14/getpass.py:99: GetPassWarning: Can not control echo on the terminal.
  passwd = fallback_getpass(prompt, stream)
Warning: Password input may be echoed.
Private key passphrase:EOFError: 
[2026-04-02 16:43:55] [Lazarus] Check state #305: unknown
[2026-04-02 16:43:55] [Lazarus] START attempt #305 for ocid1.instance.oc1.ap-singapore-1.anzwsljrjnctqdycjnedjgrwqodx3amfb7bf6vinqc5faebrftwmdzgi7nga
/usr/local/Cellar/python@3.14/3.14.3_1/Frameworks/Python.framework/Versions/3.14/lib/python3.14/getpass.py:99: GetPassWarning: Can not control echo on the terminal.
  passwd = fallback_getpass(prompt, stream)
Warning: Password input may be echoed.
Private key passphrase:EOFError: 
[2026-04-02 16:43:56] [Lazarus] Start command failed (rc=1). Retrying in 30s...
[2026-04-02 16:43:56] [Lazarus] OCI response: /usr/local/Cellar/python@3.14/3.14.3_1/Frameworks/Python.framework/Versions/3.14/lib/python3.14/getpass.py:99: GetPassWarning: Can not control echo on the terminal.
  passwd = fallback_getpass(prompt, stream)
Warning: Password input may be echoed.
Private key passphrase:EOFError: 
[2026-04-02 16:44:28] [Lazarus] Check state #306: unknown
[2026-04-02 16:44:28] [Lazarus] START attempt #306 for ocid1.instance.oc1.ap-singapore-1.anzwsljrjnctqdycjnedjgrwqodx3amfb7bf6vinqc5faebrftwmdzgi7nga
/usr/local/Cellar/python@3.14/3.14.3_1/Frameworks/Python.framework/Versions/3.14/lib/python3.14/getpass.py:99: GetPassWarning: Can not control echo on the terminal.
  passwd = fallback_getpass(prompt, stream)
Warning: Password input may be echoed.
Private key passphrase:EOFError: 
[2026-04-02 16:44:29] [Lazarus] Start command failed (rc=1). Retrying in 30s...
[2026-04-02 16:44:29] [Lazarus] OCI response: /usr/local/Cellar/python@3.14/3.14.3_1/Frameworks/Python.framework/Versions/3.14/lib/python3.14/getpass.py:99: GetPassWarning: Can not control echo on the terminal.
  passwd = fallback_getpass(prompt, stream)
Warning: Password input may be echoed.
Private key passphrase:EOFError: 
[2026-04-02 16:45:00] [Lazarus] Check state #307: unknown
[2026-04-02 16:45:00] [Lazarus] START attempt #307 for ocid1.instance.oc1.ap-singapore-1.anzwsljrjnctqdycjnedjgrwqodx3amfb7bf6vinqc5faebrftwmdzgi7nga
/usr/local/Cellar/python@3.14/3.14.3_1/Frameworks/Python.framework/Versions/3.14/lib/python3.14/getpass.py:99: GetPassWarning: Can not control echo on the terminal.
  passwd = fallback_getpass(prompt, stream)
Warning: Password input may be echoed.
Private key passphrase:EOFError: 
[2026-04-02 16:45:01] [Lazarus] Start command failed (rc=1). Retrying in 30s...
[2026-04-02 16:45:01] [Lazarus] OCI response: /usr/local/Cellar/python@3.14/3.14.3_1/Frameworks/Python.framework/Versions/3.14/lib/python3.14/getpass.py:99: GetPassWarning: Can not control echo on the terminal.
  passwd = fallback_getpass(prompt, stream)
Warning: Password input may be echoed.
Private key passphrase:EOFError: 
[2026-04-02 16:45:33] [Lazarus] Check state #308: unknown
[2026-04-02 16:45:33] [Lazarus] START attempt #308 for ocid1.instance.oc1.ap-singapore-1.anzwsljrjnctqdycjnedjgrwqodx3amfb7bf6vinqc5faebrftwmdzgi7nga
/usr/local/Cellar/python@3.14/3.14.3_1/Frameworks/Python.framework/Versions/3.14/lib/python3.14/getpass.py:99: GetPassWarning: Can not control echo on the terminal.
  passwd = fallback_getpass(prompt, stream)
Warning: Password input may be echoed.
Private key passphrase:EOFError: 
[2026-04-02 16:45:35] [Lazarus] Start command failed (rc=1). Retrying in 30s...
[2026-04-02 16:45:35] [Lazarus] OCI response: /usr/local/Cellar/python@3.14/3.14.3_1/Frameworks/Python.framework/Versions/3.14/lib/python3.14/getpass.py:99: GetPassWarning: Can not control echo on the terminal.
  passwd = fallback_getpass(prompt, stream)
Warning: Password input may be echoed.
Private key passphrase:EOFError: 
[2026-04-02 16:46:06] [Lazarus] Check state #309: unknown
[2026-04-02 16:46:06] [Lazarus] START attempt #309 for ocid1.instance.oc1.ap-singapore-1.anzwsljrjnctqdycjnedjgrwqodx3amfb7bf6vinqc5faebrftwmdzgi7nga
/usr/local/Cellar/python@3.14/3.14.3_1/Frameworks/Python.framework/Versions/3.14/lib/python3.14/getpass.py:99: GetPassWarning: Can not control echo on the terminal.
  passwd = fallback_getpass(prompt, stream)
Warning: Password input may be echoed.
Private key passphrase:EOFError: 
[2026-04-02 16:46:08] [Lazarus] Start command failed (rc=1). Retrying in 30s...
[2026-04-02 16:46:08] [Lazarus] OCI response: /usr/local/Cellar/python@3.14/3.14.3_1/Frameworks/Python.framework/Versions/3.14/lib/python3.14/getpass.py:99: GetPassWarning: Can not control echo on the terminal.
  passwd = fallback_getpass(prompt, stream)
Warning: Password input may be echoed.
Private key passphrase:EOFError: 
[2026-04-02 16:46:39] [Lazarus] Check state #310: unknown
[2026-04-02 16:46:39] [Lazarus] START attempt #310 for ocid1.instance.oc1.ap-singapore-1.anzwsljrjnctqdycjnedjgrwqodx3amfb7bf6vinqc5faebrftwmdzgi7nga
/usr/local/Cellar/python@3.14/3.14.3_1/Frameworks/Python.framework/Versions/3.14/lib/python3.14/getpass.py:99: GetPassWarning: Can not control echo on the terminal.
  passwd = fallback_getpass(prompt, stream)
Warning: Password input may be echoed.
Private key passphrase:EOFError: 
[2026-04-02 16:46:41] [Lazarus] Start command failed (rc=1). Retrying in 30s...
[2026-04-02 16:46:41] [Lazarus] OCI response: /usr/local/Cellar/python@3.14/3.14.3_1/Frameworks/Python.framework/Versions/3.14/lib/python3.14/getpass.py:99: GetPassWarning: Can not control echo on the terminal.
  passwd = fallback_getpass(prompt, stream)
Warning: Password input may be echoed.
Private key passphrase:EOFError: 
[2026-04-02 16:47:12] [Lazarus] Check state #311: unknown
[2026-04-02 16:47:12] [Lazarus] START attempt #311 for ocid1.instance.oc1.ap-singapore-1.anzwsljrjnctqdycjnedjgrwqodx3amfb7bf6vinqc5faebrftwmdzgi7nga
/usr/local/Cellar/python@3.14/3.14.3_1/Frameworks/Python.framework/Versions/3.14/lib/python3.14/getpass.py:99: GetPassWarning: Can not control echo on the terminal.
  passwd = fallback_getpass(prompt, stream)
Warning: Password input may be echoed.
Private key passphrase:EOFError: 
[2026-04-02 16:47:13] [Lazarus] Start command failed (rc=1). Retrying in 30s...
[2026-04-02 16:47:13] [Lazarus] OCI response: /usr/local/Cellar/python@3.14/3.14.3_1/Frameworks/Python.framework/Versions/3.14/lib/python3.14/getpass.py:99: GetPassWarning: Can not control echo on the terminal.
  passwd = fallback_getpass(prompt, stream)
Warning: Password input may be echoed.
Private key passphrase:EOFError: 
[2026-04-02 16:47:45] [Lazarus] Check state #312: unknown
[2026-04-02 16:47:45] [Lazarus] START attempt #312 for ocid1.instance.oc1.ap-singapore-1.anzwsljrjnctqdycjnedjgrwqodx3amfb7bf6vinqc5faebrftwmdzgi7nga
/usr/local/Cellar/python@3.14/3.14.3_1/Frameworks/Python.framework/Versions/3.14/lib/python3.14/getpass.py:99: GetPassWarning: Can not control echo on the terminal.
  passwd = fallback_getpass(prompt, stream)
Warning: Password input may be echoed.
Private key passphrase:EOFError: 
[2026-04-02 16:47:46] [Lazarus] Start command failed (rc=1). Retrying in 30s...
[2026-04-02 16:47:46] [Lazarus] OCI response: /usr/local/Cellar/python@3.14/3.14.3_1/Frameworks/Python.framework/Versions/3.14/lib/python3.14/getpass.py:99: GetPassWarning: Can not control echo on the terminal.
  passwd = fallback_getpass(prompt, stream)
Warning: Password input may be echoed.
Private key passphrase:EOFError: 
[2026-04-02 16:48:17] [Lazarus] Check state #313: unknown
[2026-04-02 16:48:18] [Lazarus] START attempt #313 for ocid1.instance.oc1.ap-singapore-1.anzwsljrjnctqdycjnedjgrwqodx3amfb7bf6vinqc5faebrftwmdzgi7nga
/usr/local/Cellar/python@3.14/3.14.3_1/Frameworks/Python.framework/Versions/3.14/lib/python3.14/getpass.py:99: GetPassWarning: Can not control echo on the terminal.
  passwd = fallback_getpass(prompt, stream)
Warning: Password input may be echoed.
Private key passphrase:EOFError: 
[2026-04-02 16:48:19] [Lazarus] Start command failed (rc=1). Retrying in 30s...
[2026-04-02 16:48:19] [Lazarus] OCI response: /usr/local/Cellar/python@3.14/3.14.3_1/Frameworks/Python.framework/Versions/3.14/lib/python3.14/getpass.py:99: GetPassWarning: Can not control echo on the terminal.
  passwd = fallback_getpass(prompt, stream)
Warning: Password input may be echoed.
Private key passphrase:EOFError: 
[2026-04-02 16:48:51] [Lazarus] Check state #314: unknown
[2026-04-02 16:48:51] [Lazarus] START attempt #314 for ocid1.instance.oc1.ap-singapore-1.anzwsljrjnctqdycjnedjgrwqodx3amfb7bf6vinqc5faebrftwmdzgi7nga
/usr/local/Cellar/python@3.14/3.14.3_1/Frameworks/Python.framework/Versions/3.14/lib/python3.14/getpass.py:99: GetPassWarning: Can not control echo on the terminal.
  passwd = fallback_getpass(prompt, stream)
Warning: Password input may be echoed.
Private key passphrase:EOFError: 
[2026-04-02 16:48:53] [Lazarus] Start command failed (rc=1). Retrying in 30s...
[2026-04-02 16:48:53] [Lazarus] OCI response: /usr/local/Cellar/python@3.14/3.14.3_1/Frameworks/Python.framework/Versions/3.14/lib/python3.14/getpass.py:99: GetPassWarning: Can not control echo on the terminal.
  passwd = fallback_getpass(prompt, stream)
Warning: Password input may be echoed.
Private key passphrase:EOFError: 
[2026-04-02 16:49:25] [Lazarus] Check state #315: unknown
[2026-04-02 16:49:25] [Lazarus] START attempt #315 for ocid1.instance.oc1.ap-singapore-1.anzwsljrjnctqdycjnedjgrwqodx3amfb7bf6vinqc5faebrftwmdzgi7nga
/usr/local/Cellar/python@3.14/3.14.3_1/Frameworks/Python.framework/Versions/3.14/lib/python3.14/getpass.py:99: GetPassWarning: Can not control echo on the terminal.
  passwd = fallback_getpass(prompt, stream)
Warning: Password input may be echoed.
Private key passphrase:EOFError: 
[2026-04-02 16:49:26] [Lazarus] Start command failed (rc=1). Retrying in 30s...
[2026-04-02 16:49:26] [Lazarus] OCI response: /usr/local/Cellar/python@3.14/3.14.3_1/Frameworks/Python.framework/Versions/3.14/lib/python3.14/getpass.py:99: GetPassWarning: Can not control echo on the terminal.
  passwd = fallback_getpass(prompt, stream)
Warning: Password input may be echoed.
Private key passphrase:EOFError: 
[2026-04-02 16:49:57] [Lazarus] Check state #316: unknown
[2026-04-02 16:49:57] [Lazarus] START attempt #316 for ocid1.instance.oc1.ap-singapore-1.anzwsljrjnctqdycjnedjgrwqodx3amfb7bf6vinqc5faebrftwmdzgi7nga
/usr/local/Cellar/python@3.14/3.14.3_1/Frameworks/Python.framework/Versions/3.14/lib/python3.14/getpass.py:99: GetPassWarning: Can not control echo on the terminal.
  passwd = fallback_getpass(prompt, stream)
Warning: Password input may be echoed.
Private key passphrase:EOFError: 
[2026-04-02 16:49:59] [Lazarus] Start command failed (rc=1). Retrying in 30s...
[2026-04-02 16:49:59] [Lazarus] OCI response: /usr/local/Cellar/python@3.14/3.14.3_1/Frameworks/Python.framework/Versions/3.14/lib/python3.14/getpass.py:99: GetPassWarning: Can not control echo on the terminal.
  passwd = fallback_getpass(prompt, stream)
Warning: Password input may be echoed.
Private key passphrase:EOFError: 
[2026-04-02 16:50:31] [Lazarus] Check state #317: unknown
[2026-04-02 16:50:31] [Lazarus] START attempt #317 for ocid1.instance.oc1.ap-singapore-1.anzwsljrjnctqdycjnedjgrwqodx3amfb7bf6vinqc5faebrftwmdzgi7nga
/usr/local/Cellar/python@3.14/3.14.3_1/Frameworks/Python.framework/Versions/3.14/lib/python3.14/getpass.py:99: GetPassWarning: Can not control echo on the terminal.
  passwd = fallback_getpass(prompt, stream)
Warning: Password input may be echoed.
Private key passphrase:EOFError: 
[2026-04-02 16:50:32] [Lazarus] Start command failed (rc=1). Retrying in 30s...
[2026-04-02 16:50:32] [Lazarus] OCI response: /usr/local/Cellar/python@3.14/3.14.3_1/Frameworks/Python.framework/Versions/3.14/lib/python3.14/getpass.py:99: GetPassWarning: Can not control echo on the terminal.
  passwd = fallback_getpass(prompt, stream)
Warning: Password input may be echoed.
Private key passphrase:EOFError: 
[2026-04-02 16:51:03] [Lazarus] Check state #318: unknown
[2026-04-02 16:51:03] [Lazarus] START attempt #318 for ocid1.instance.oc1.ap-singapore-1.anzwsljrjnctqdycjnedjgrwqodx3amfb7bf6vinqc5faebrftwmdzgi7nga
/usr/local/Cellar/python@3.14/3.14.3_1/Frameworks/Python.framework/Versions/3.14/lib/python3.14/getpass.py:99: GetPassWarning: Can not control echo on the terminal.
  passwd = fallback_getpass(prompt, stream)
Warning: Password input may be echoed.
Private key passphrase:EOFError: 
[2026-04-02 16:51:05] [Lazarus] Start command failed (rc=1). Retrying in 30s...
[2026-04-02 16:51:05] [Lazarus] OCI response: /usr/local/Cellar/python@3.14/3.14.3_1/Frameworks/Python.framework/Versions/3.14/lib/python3.14/getpass.py:99: GetPassWarning: Can not control echo on the terminal.
  passwd = fallback_getpass(prompt, stream)
Warning: Password input may be echoed.
Private key passphrase:EOFError: 
[2026-04-02 16:51:36] [Lazarus] Check state #319: unknown
[2026-04-02 16:51:36] [Lazarus] START attempt #319 for ocid1.instance.oc1.ap-singapore-1.anzwsljrjnctqdycjnedjgrwqodx3amfb7bf6vinqc5faebrftwmdzgi7nga
/usr/local/Cellar/python@3.14/3.14.3_1/Frameworks/Python.framework/Versions/3.14/lib/python3.14/getpass.py:99: GetPassWarning: Can not control echo on the terminal.
  passwd = fallback_getpass(prompt, stream)
Warning: Password input may be echoed.
Private key passphrase:EOFError: 
[2026-04-02 16:51:38] [Lazarus] Start command failed (rc=1). Retrying in 30s...
[2026-04-02 16:51:38] [Lazarus] OCI response: /usr/local/Cellar/python@3.14/3.14.3_1/Frameworks/Python.framework/Versions/3.14/lib/python3.14/getpass.py:99: GetPassWarning: Can not control echo on the terminal.
  passwd = fallback_getpass(prompt, stream)
Warning: Password input may be echoed.
Private key passphrase:EOFError: 
[2026-04-02 16:52:10] [Lazarus] Check state #320: unknown
[2026-04-02 16:52:10] [Lazarus] START attempt #320 for ocid1.instance.oc1.ap-singapore-1.anzwsljrjnctqdycjnedjgrwqodx3amfb7bf6vinqc5faebrftwmdzgi7nga
/usr/local/Cellar/python@3.14/3.14.3_1/Frameworks/Python.framework/Versions/3.14/lib/python3.14/getpass.py:99: GetPassWarning: Can not control echo on the terminal.
  passwd = fallback_getpass(prompt, stream)
Warning: Password input may be echoed.
Private key passphrase:EOFError: 
[2026-04-02 16:52:11] [Lazarus] Start command failed (rc=1). Retrying in 30s...
[2026-04-02 16:52:11] [Lazarus] OCI response: /usr/local/Cellar/python@3.14/3.14.3_1/Frameworks/Python.framework/Versions/3.14/lib/python3.14/getpass.py:99: GetPassWarning: Can not control echo on the terminal.
  passwd = fallback_getpass(prompt, stream)
Warning: Password input may be echoed.
Private key passphrase:EOFError: 
[2026-04-02 16:52:43] [Lazarus] Check state #321: unknown
[2026-04-02 16:52:43] [Lazarus] START attempt #321 for ocid1.instance.oc1.ap-singapore-1.anzwsljrjnctqdycjnedjgrwqodx3amfb7bf6vinqc5faebrftwmdzgi7nga
/usr/local/Cellar/python@3.14/3.14.3_1/Frameworks/Python.framework/Versions/3.14/lib/python3.14/getpass.py:99: GetPassWarning: Can not control echo on the terminal.
  passwd = fallback_getpass(prompt, stream)
Warning: Password input may be echoed.
Private key passphrase:EOFError: 
[2026-04-02 16:52:44] [Lazarus] Start command failed (rc=1). Retrying in 30s...
[2026-04-02 16:52:44] [Lazarus] OCI response: /usr/local/Cellar/python@3.14/3.14.3_1/Frameworks/Python.framework/Versions/3.14/lib/python3.14/getpass.py:99: GetPassWarning: Can not control echo on the terminal.
  passwd = fallback_getpass(prompt, stream)
Warning: Password input may be echoed.
Private key passphrase:EOFError: 
[2026-04-02 16:53:16] [Lazarus] Check state #322: unknown
[2026-04-02 16:53:16] [Lazarus] START attempt #322 for ocid1.instance.oc1.ap-singapore-1.anzwsljrjnctqdycjnedjgrwqodx3amfb7bf6vinqc5faebrftwmdzgi7nga
/usr/local/Cellar/python@3.14/3.14.3_1/Frameworks/Python.framework/Versions/3.14/lib/python3.14/getpass.py:99: GetPassWarning: Can not control echo on the terminal.
  passwd = fallback_getpass(prompt, stream)
Warning: Password input may be echoed.
Private key passphrase:EOFError: 
[2026-04-02 16:53:17] [Lazarus] Start command failed (rc=1). Retrying in 30s...
[2026-04-02 16:53:17] [Lazarus] OCI response: /usr/local/Cellar/python@3.14/3.14.3_1/Frameworks/Python.framework/Versions/3.14/lib/python3.14/getpass.py:99: GetPassWarning: Can not control echo on the terminal.
  passwd = fallback_getpass(prompt, stream)
Warning: Password input may be echoed.
Private key passphrase:EOFError: 
[2026-04-02 16:53:49] [Lazarus] Check state #323: unknown
[2026-04-02 16:53:49] [Lazarus] START attempt #323 for ocid1.instance.oc1.ap-singapore-1.anzwsljrjnctqdycjnedjgrwqodx3amfb7bf6vinqc5faebrftwmdzgi7nga
/usr/local/Cellar/python@3.14/3.14.3_1/Frameworks/Python.framework/Versions/3.14/lib/python3.14/getpass.py:99: GetPassWarning: Can not control echo on the terminal.
  passwd = fallback_getpass(prompt, stream)
Warning: Password input may be echoed.
Private key passphrase:EOFError: 
[2026-04-02 16:53:50] [Lazarus] Start command failed (rc=1). Retrying in 30s...
[2026-04-02 16:53:50] [Lazarus] OCI response: /usr/local/Cellar/python@3.14/3.14.3_1/Frameworks/Python.framework/Versions/3.14/lib/python3.14/getpass.py:99: GetPassWarning: Can not control echo on the terminal.
  passwd = fallback_getpass(prompt, stream)
Warning: Password input may be echoed.
Private key passphrase:EOFError: 
[2026-04-02 16:54:22] [Lazarus] Check state #324: unknown
[2026-04-02 16:54:22] [Lazarus] START attempt #324 for ocid1.instance.oc1.ap-singapore-1.anzwsljrjnctqdycjnedjgrwqodx3amfb7bf6vinqc5faebrftwmdzgi7nga
/usr/local/Cellar/python@3.14/3.14.3_1/Frameworks/Python.framework/Versions/3.14/lib/python3.14/getpass.py:99: GetPassWarning: Can not control echo on the terminal.
  passwd = fallback_getpass(prompt, stream)
Warning: Password input may be echoed.
Private key passphrase:EOFError: 
[2026-04-02 16:54:24] [Lazarus] Start command failed (rc=1). Retrying in 30s...
[2026-04-02 16:54:24] [Lazarus] OCI response: /usr/local/Cellar/python@3.14/3.14.3_1/Frameworks/Python.framework/Versions/3.14/lib/python3.14/getpass.py:99: GetPassWarning: Can not control echo on the terminal.
  passwd = fallback_getpass(prompt, stream)
Warning: Password input may be echoed.
Private key passphrase:EOFError: 
[2026-04-02 16:54:55] [Lazarus] Check state #325: unknown
[2026-04-02 16:54:55] [Lazarus] START attempt #325 for ocid1.instance.oc1.ap-singapore-1.anzwsljrjnctqdycjnedjgrwqodx3amfb7bf6vinqc5faebrftwmdzgi7nga
/usr/local/Cellar/python@3.14/3.14.3_1/Frameworks/Python.framework/Versions/3.14/lib/python3.14/getpass.py:99: GetPassWarning: Can not control echo on the terminal.
  passwd = fallback_getpass(prompt, stream)
Warning: Password input may be echoed.
Private key passphrase:EOFError: 
[2026-04-02 16:54:57] [Lazarus] Start command failed (rc=1). Retrying in 30s...
[2026-04-02 16:54:57] [Lazarus] OCI response: /usr/local/Cellar/python@3.14/3.14.3_1/Frameworks/Python.framework/Versions/3.14/lib/python3.14/getpass.py:99: GetPassWarning: Can not control echo on the terminal.
  passwd = fallback_getpass(prompt, stream)
Warning: Password input may be echoed.
Private key passphrase:EOFError: 
[2026-04-02 16:55:28] [Lazarus] Check state #326: unknown
[2026-04-02 16:55:28] [Lazarus] START attempt #326 for ocid1.instance.oc1.ap-singapore-1.anzwsljrjnctqdycjnedjgrwqodx3amfb7bf6vinqc5faebrftwmdzgi7nga
/usr/local/Cellar/python@3.14/3.14.3_1/Frameworks/Python.framework/Versions/3.14/lib/python3.14/getpass.py:99: GetPassWarning: Can not control echo on the terminal.
  passwd = fallback_getpass(prompt, stream)
Warning: Password input may be echoed.
Private key passphrase:EOFError: 
[2026-04-02 16:55:30] [Lazarus] Start command failed (rc=1). Retrying in 30s...
[2026-04-02 16:55:30] [Lazarus] OCI response: /usr/local/Cellar/python@3.14/3.14.3_1/Frameworks/Python.framework/Versions/3.14/lib/python3.14/getpass.py:99: GetPassWarning: Can not control echo on the terminal.
  passwd = fallback_getpass(prompt, stream)
Warning: Password input may be echoed.
Private key passphrase:EOFError: 
[2026-04-02 16:56:01] [Lazarus] Check state #327: unknown
[2026-04-02 16:56:01] [Lazarus] START attempt #327 for ocid1.instance.oc1.ap-singapore-1.anzwsljrjnctqdycjnedjgrwqodx3amfb7bf6vinqc5faebrftwmdzgi7nga
/usr/local/Cellar/python@3.14/3.14.3_1/Frameworks/Python.framework/Versions/3.14/lib/python3.14/getpass.py:99: GetPassWarning: Can not control echo on the terminal.
  passwd = fallback_getpass(prompt, stream)
Warning: Password input may be echoed.
Private key passphrase:EOFError: 
[2026-04-02 16:56:03] [Lazarus] Start command failed (rc=1). Retrying in 30s...
[2026-04-02 16:56:03] [Lazarus] OCI response: /usr/local/Cellar/python@3.14/3.14.3_1/Frameworks/Python.framework/Versions/3.14/lib/python3.14/getpass.py:99: GetPassWarning: Can not control echo on the terminal.
  passwd = fallback_getpass(prompt, stream)
Warning: Password input may be echoed.
Private key passphrase:EOFError: 
[2026-04-02 16:56:34] [Lazarus] Check state #328: unknown
[2026-04-02 16:56:34] [Lazarus] START attempt #328 for ocid1.instance.oc1.ap-singapore-1.anzwsljrjnctqdycjnedjgrwqodx3amfb7bf6vinqc5faebrftwmdzgi7nga
/usr/local/Cellar/python@3.14/3.14.3_1/Frameworks/Python.framework/Versions/3.14/lib/python3.14/getpass.py:99: GetPassWarning: Can not control echo on the terminal.
  passwd = fallback_getpass(prompt, stream)
Warning: Password input may be echoed.
Private key passphrase:EOFError: 
[2026-04-02 16:56:36] [Lazarus] Start command failed (rc=1). Retrying in 30s...
[2026-04-02 16:56:36] [Lazarus] OCI response: /usr/local/Cellar/python@3.14/3.14.3_1/Frameworks/Python.framework/Versions/3.14/lib/python3.14/getpass.py:99: GetPassWarning: Can not control echo on the terminal.
  passwd = fallback_getpass(prompt, stream)
Warning: Password input may be echoed.
Private key passphrase:EOFError: 
[2026-04-02 16:57:07] [Lazarus] Check state #329: unknown
[2026-04-02 16:57:07] [Lazarus] START attempt #329 for ocid1.instance.oc1.ap-singapore-1.anzwsljrjnctqdycjnedjgrwqodx3amfb7bf6vinqc5faebrftwmdzgi7nga
/usr/local/Cellar/python@3.14/3.14.3_1/Frameworks/Python.framework/Versions/3.14/lib/python3.14/getpass.py:99: GetPassWarning: Can not control echo on the terminal.
  passwd = fallback_getpass(prompt, stream)
Warning: Password input may be echoed.
Private key passphrase:EOFError: 
[2026-04-02 16:57:08] [Lazarus] Start command failed (rc=1). Retrying in 30s...
[2026-04-02 16:57:08] [Lazarus] OCI response: /usr/local/Cellar/python@3.14/3.14.3_1/Frameworks/Python.framework/Versions/3.14/lib/python3.14/getpass.py:99: GetPassWarning: Can not control echo on the terminal.
  passwd = fallback_getpass(prompt, stream)
Warning: Password input may be echoed.
Private key passphrase:EOFError: 
[2026-04-02 16:57:40] [Lazarus] Check state #330: unknown
[2026-04-02 16:57:40] [Lazarus] START attempt #330 for ocid1.instance.oc1.ap-singapore-1.anzwsljrjnctqdycjnedjgrwqodx3amfb7bf6vinqc5faebrftwmdzgi7nga
/usr/local/Cellar/python@3.14/3.14.3_1/Frameworks/Python.framework/Versions/3.14/lib/python3.14/getpass.py:99: GetPassWarning: Can not control echo on the terminal.
  passwd = fallback_getpass(prompt, stream)
Warning: Password input may be echoed.
Private key passphrase:EOFError: 
[2026-04-02 16:57:41] [Lazarus] Start command failed (rc=1). Retrying in 30s...
[2026-04-02 16:57:41] [Lazarus] OCI response: /usr/local/Cellar/python@3.14/3.14.3_1/Frameworks/Python.framework/Versions/3.14/lib/python3.14/getpass.py:99: GetPassWarning: Can not control echo on the terminal.
  passwd = fallback_getpass(prompt, stream)
Warning: Password input may be echoed.
Private key passphrase:EOFError: 
[2026-04-02 16:58:13] [Lazarus] Check state #331: unknown
[2026-04-02 16:58:13] [Lazarus] START attempt #331 for ocid1.instance.oc1.ap-singapore-1.anzwsljrjnctqdycjnedjgrwqodx3amfb7bf6vinqc5faebrftwmdzgi7nga
/usr/local/Cellar/python@3.14/3.14.3_1/Frameworks/Python.framework/Versions/3.14/lib/python3.14/getpass.py:99: GetPassWarning: Can not control echo on the terminal.
  passwd = fallback_getpass(prompt, stream)
Warning: Password input may be echoed.
Private key passphrase:EOFError: 
[2026-04-02 16:58:15] [Lazarus] Start command failed (rc=1). Retrying in 30s...
[2026-04-02 16:58:15] [Lazarus] OCI response: /usr/local/Cellar/python@3.14/3.14.3_1/Frameworks/Python.framework/Versions/3.14/lib/python3.14/getpass.py:99: GetPassWarning: Can not control echo on the terminal.
  passwd = fallback_getpass(prompt, stream)
Warning: Password input may be echoed.
Private key passphrase:EOFError: 
[2026-04-02 16:58:46] [Lazarus] Check state #332: unknown
[2026-04-02 16:58:46] [Lazarus] START attempt #332 for ocid1.instance.oc1.ap-singapore-1.anzwsljrjnctqdycjnedjgrwqodx3amfb7bf6vinqc5faebrftwmdzgi7nga
/usr/local/Cellar/python@3.14/3.14.3_1/Frameworks/Python.framework/Versions/3.14/lib/python3.14/getpass.py:99: GetPassWarning: Can not control echo on the terminal.
  passwd = fallback_getpass(prompt, stream)
Warning: Password input may be echoed.
Private key passphrase:EOFError: 
[2026-04-02 16:58:48] [Lazarus] Start command failed (rc=1). Retrying in 30s...
[2026-04-02 16:58:48] [Lazarus] OCI response: /usr/local/Cellar/python@3.14/3.14.3_1/Frameworks/Python.framework/Versions/3.14/lib/python3.14/getpass.py:99: GetPassWarning: Can not control echo on the terminal.
  passwd = fallback_getpass(prompt, stream)
Warning: Password input may be echoed.
Private key passphrase:EOFError: 
[2026-04-02 16:59:20] [Lazarus] Check state #333: unknown
[2026-04-02 16:59:20] [Lazarus] START attempt #333 for ocid1.instance.oc1.ap-singapore-1.anzwsljrjnctqdycjnedjgrwqodx3amfb7bf6vinqc5faebrftwmdzgi7nga
/usr/local/Cellar/python@3.14/3.14.3_1/Frameworks/Python.framework/Versions/3.14/lib/python3.14/getpass.py:99: GetPassWarning: Can not control echo on the terminal.
  passwd = fallback_getpass(prompt, stream)
Warning: Password input may be echoed.
Private key passphrase:EOFError: 
[2026-04-02 16:59:22] [Lazarus] Start command failed (rc=1). Retrying in 30s...
[2026-04-02 16:59:22] [Lazarus] OCI response: /usr/local/Cellar/python@3.14/3.14.3_1/Frameworks/Python.framework/Versions/3.14/lib/python3.14/getpass.py:99: GetPassWarning: Can not control echo on the terminal.
  passwd = fallback_getpass(prompt, stream)
Warning: Password input may be echoed.
Private key passphrase:EOFError: 
[2026-04-02 16:59:55] [Lazarus] Check state #334: unknown
[2026-04-02 16:59:55] [Lazarus] START attempt #334 for ocid1.instance.oc1.ap-singapore-1.anzwsljrjnctqdycjnedjgrwqodx3amfb7bf6vinqc5faebrftwmdzgi7nga
/usr/local/Cellar/python@3.14/3.14.3_1/Frameworks/Python.framework/Versions/3.14/lib/python3.14/getpass.py:99: GetPassWarning: Can not control echo on the terminal.
  passwd = fallback_getpass(prompt, stream)
Warning: Password input may be echoed.
Private key passphrase:EOFError: 
[2026-04-02 16:59:57] [Lazarus] Start command failed (rc=1). Retrying in 30s...
[2026-04-02 16:59:57] [Lazarus] OCI response: /usr/local/Cellar/python@3.14/3.14.3_1/Frameworks/Python.framework/Versions/3.14/lib/python3.14/getpass.py:99: GetPassWarning: Can not control echo on the terminal.
  passwd = fallback_getpass(prompt, stream)
Warning: Password input may be echoed.
Private key passphrase:EOFError: 
[2026-04-02 17:00:28] [Lazarus] Check state #335: unknown
[2026-04-02 17:00:29] [Lazarus] START attempt #335 for ocid1.instance.oc1.ap-singapore-1.anzwsljrjnctqdycjnedjgrwqodx3amfb7bf6vinqc5faebrftwmdzgi7nga
/usr/local/Cellar/python@3.14/3.14.3_1/Frameworks/Python.framework/Versions/3.14/lib/python3.14/getpass.py:99: GetPassWarning: Can not control echo on the terminal.
  passwd = fallback_getpass(prompt, stream)
Warning: Password input may be echoed.
Private key passphrase:EOFError: 
[2026-04-02 17:00:30] [Lazarus] Start command failed (rc=1). Retrying in 30s...
[2026-04-02 17:00:30] [Lazarus] OCI response: /usr/local/Cellar/python@3.14/3.14.3_1/Frameworks/Python.framework/Versions/3.14/lib/python3.14/getpass.py:99: GetPassWarning: Can not control echo on the terminal.
  passwd = fallback_getpass(prompt, stream)
Warning: Password input may be echoed.
Private key passphrase:EOFError: 
[2026-04-02 17:01:02] [Lazarus] Check state #336: unknown
[2026-04-02 17:01:02] [Lazarus] START attempt #336 for ocid1.instance.oc1.ap-singapore-1.anzwsljrjnctqdycjnedjgrwqodx3amfb7bf6vinqc5faebrftwmdzgi7nga
/usr/local/Cellar/python@3.14/3.14.3_1/Frameworks/Python.framework/Versions/3.14/lib/python3.14/getpass.py:99: GetPassWarning: Can not control echo on the terminal.
  passwd = fallback_getpass(prompt, stream)
Warning: Password input may be echoed.
Private key passphrase:EOFError: 
[2026-04-02 17:01:03] [Lazarus] Start command failed (rc=1). Retrying in 30s...
[2026-04-02 17:01:03] [Lazarus] OCI response: /usr/local/Cellar/python@3.14/3.14.3_1/Frameworks/Python.framework/Versions/3.14/lib/python3.14/getpass.py:99: GetPassWarning: Can not control echo on the terminal.
  passwd = fallback_getpass(prompt, stream)
Warning: Password input may be echoed.
Private key passphrase:EOFError: 
[2026-04-02 17:01:35] [Lazarus] Check state #337: unknown
[2026-04-02 17:01:35] [Lazarus] START attempt #337 for ocid1.instance.oc1.ap-singapore-1.anzwsljrjnctqdycjnedjgrwqodx3amfb7bf6vinqc5faebrftwmdzgi7nga
/usr/local/Cellar/python@3.14/3.14.3_1/Frameworks/Python.framework/Versions/3.14/lib/python3.14/getpass.py:99: GetPassWarning: Can not control echo on the terminal.
  passwd = fallback_getpass(prompt, stream)
Warning: Password input may be echoed.
Private key passphrase:EOFError: 
[2026-04-02 17:01:37] [Lazarus] Start command failed (rc=1). Retrying in 30s...
[2026-04-02 17:01:37] [Lazarus] OCI response: /usr/local/Cellar/python@3.14/3.14.3_1/Frameworks/Python.framework/Versions/3.14/lib/python3.14/getpass.py:99: GetPassWarning: Can not control echo on the terminal.
  passwd = fallback_getpass(prompt, stream)
Warning: Password input may be echoed.
Private key passphrase:EOFError: 
[2026-04-02 17:02:08] [Lazarus] Check state #338: unknown
[2026-04-02 17:02:08] [Lazarus] START attempt #338 for ocid1.instance.oc1.ap-singapore-1.anzwsljrjnctqdycjnedjgrwqodx3amfb7bf6vinqc5faebrftwmdzgi7nga
/usr/local/Cellar/python@3.14/3.14.3_1/Frameworks/Python.framework/Versions/3.14/lib/python3.14/getpass.py:99: GetPassWarning: Can not control echo on the terminal.
  passwd = fallback_getpass(prompt, stream)
Warning: Password input may be echoed.
Private key passphrase:EOFError: 
[2026-04-02 17:02:10] [Lazarus] Start command failed (rc=1). Retrying in 30s...
[2026-04-02 17:02:10] [Lazarus] OCI response: /usr/local/Cellar/python@3.14/3.14.3_1/Frameworks/Python.framework/Versions/3.14/lib/python3.14/getpass.py:99: GetPassWarning: Can not control echo on the terminal.
  passwd = fallback_getpass(prompt, stream)
Warning: Password input may be echoed.
Private key passphrase:EOFError: 
[2026-04-02 17:02:41] [Lazarus] Check state #339: unknown
[2026-04-02 17:02:41] [Lazarus] START attempt #339 for ocid1.instance.oc1.ap-singapore-1.anzwsljrjnctqdycjnedjgrwqodx3amfb7bf6vinqc5faebrftwmdzgi7nga
/usr/local/Cellar/python@3.14/3.14.3_1/Frameworks/Python.framework/Versions/3.14/lib/python3.14/getpass.py:99: GetPassWarning: Can not control echo on the terminal.
  passwd = fallback_getpass(prompt, stream)
Warning: Password input may be echoed.
Private key passphrase:EOFError: 
[2026-04-02 17:02:42] [Lazarus] Start command failed (rc=1). Retrying in 30s...
[2026-04-02 17:02:42] [Lazarus] OCI response: /usr/local/Cellar/python@3.14/3.14.3_1/Frameworks/Python.framework/Versions/3.14/lib/python3.14/getpass.py:99: GetPassWarning: Can not control echo on the terminal.
  passwd = fallback_getpass(prompt, stream)
Warning: Password input may be echoed.
Private key passphrase:EOFError: 
[2026-04-02 17:03:14] [Lazarus] Check state #340: unknown
[2026-04-02 17:03:14] [Lazarus] START attempt #340 for ocid1.instance.oc1.ap-singapore-1.anzwsljrjnctqdycjnedjgrwqodx3amfb7bf6vinqc5faebrftwmdzgi7nga
/usr/local/Cellar/python@3.14/3.14.3_1/Frameworks/Python.framework/Versions/3.14/lib/python3.14/getpass.py:99: GetPassWarning: Can not control echo on the terminal.
  passwd = fallback_getpass(prompt, stream)
Warning: Password input may be echoed.
Private key passphrase:EOFError: 
[2026-04-02 17:03:15] [Lazarus] Start command failed (rc=1). Retrying in 30s...
[2026-04-02 17:03:15] [Lazarus] OCI response: /usr/local/Cellar/python@3.14/3.14.3_1/Frameworks/Python.framework/Versions/3.14/lib/python3.14/getpass.py:99: GetPassWarning: Can not control echo on the terminal.
  passwd = fallback_getpass(prompt, stream)
Warning: Password input may be echoed.
Private key passphrase:EOFError: 
[2026-04-02 17:03:48] [Lazarus] Check state #341: unknown
[2026-04-02 17:03:48] [Lazarus] START attempt #341 for ocid1.instance.oc1.ap-singapore-1.anzwsljrjnctqdycjnedjgrwqodx3amfb7bf6vinqc5faebrftwmdzgi7nga
/usr/local/Cellar/python@3.14/3.14.3_1/Frameworks/Python.framework/Versions/3.14/lib/python3.14/getpass.py:99: GetPassWarning: Can not control echo on the terminal.
  passwd = fallback_getpass(prompt, stream)
Warning: Password input may be echoed.
Private key passphrase:EOFError: 
[2026-04-02 17:03:49] [Lazarus] Start command failed (rc=1). Retrying in 30s...
[2026-04-02 17:03:49] [Lazarus] OCI response: /usr/local/Cellar/python@3.14/3.14.3_1/Frameworks/Python.framework/Versions/3.14/lib/python3.14/getpass.py:99: GetPassWarning: Can not control echo on the terminal.
  passwd = fallback_getpass(prompt, stream)
Warning: Password input may be echoed.
Private key passphrase:EOFError: 
[2026-04-02 17:04:20] [Lazarus] Check state #342: unknown
[2026-04-02 17:04:20] [Lazarus] START attempt #342 for ocid1.instance.oc1.ap-singapore-1.anzwsljrjnctqdycjnedjgrwqodx3amfb7bf6vinqc5faebrftwmdzgi7nga
/usr/local/Cellar/python@3.14/3.14.3_1/Frameworks/Python.framework/Versions/3.14/lib/python3.14/getpass.py:99: GetPassWarning: Can not control echo on the terminal.
  passwd = fallback_getpass(prompt, stream)
Warning: Password input may be echoed.
Private key passphrase:EOFError: 
[2026-04-02 17:04:22] [Lazarus] Start command failed (rc=1). Retrying in 30s...
[2026-04-02 17:04:22] [Lazarus] OCI response: /usr/local/Cellar/python@3.14/3.14.3_1/Frameworks/Python.framework/Versions/3.14/lib/python3.14/getpass.py:99: GetPassWarning: Can not control echo on the terminal.
  passwd = fallback_getpass(prompt, stream)
Warning: Password input may be echoed.
Private key passphrase:EOFError: 
[2026-04-02 17:04:53] [Lazarus] Check state #343: unknown
[2026-04-02 17:04:53] [Lazarus] START attempt #343 for ocid1.instance.oc1.ap-singapore-1.anzwsljrjnctqdycjnedjgrwqodx3amfb7bf6vinqc5faebrftwmdzgi7nga
/usr/local/Cellar/python@3.14/3.14.3_1/Frameworks/Python.framework/Versions/3.14/lib/python3.14/getpass.py:99: GetPassWarning: Can not control echo on the terminal.
  passwd = fallback_getpass(prompt, stream)
Warning: Password input may be echoed.
Private key passphrase:EOFError: 
[2026-04-02 17:04:54] [Lazarus] Start command failed (rc=1). Retrying in 30s...
[2026-04-02 17:04:54] [Lazarus] OCI response: /usr/local/Cellar/python@3.14/3.14.3_1/Frameworks/Python.framework/Versions/3.14/lib/python3.14/getpass.py:99: GetPassWarning: Can not control echo on the terminal.
  passwd = fallback_getpass(prompt, stream)
Warning: Password input may be echoed.
Private key passphrase:EOFError: 
[2026-04-02 17:05:26] [Lazarus] Check state #344: unknown
[2026-04-02 17:05:26] [Lazarus] START attempt #344 for ocid1.instance.oc1.ap-singapore-1.anzwsljrjnctqdycjnedjgrwqodx3amfb7bf6vinqc5faebrftwmdzgi7nga
/usr/local/Cellar/python@3.14/3.14.3_1/Frameworks/Python.framework/Versions/3.14/lib/python3.14/getpass.py:99: GetPassWarning: Can not control echo on the terminal.
  passwd = fallback_getpass(prompt, stream)
Warning: Password input may be echoed.
Private key passphrase:EOFError: 
[2026-04-02 17:05:27] [Lazarus] Start command failed (rc=1). Retrying in 30s...
[2026-04-02 17:05:27] [Lazarus] OCI response: /usr/local/Cellar/python@3.14/3.14.3_1/Frameworks/Python.framework/Versions/3.14/lib/python3.14/getpass.py:99: GetPassWarning: Can not control echo on the terminal.
  passwd = fallback_getpass(prompt, stream)
Warning: Password input may be echoed.
Private key passphrase:EOFError: 
[2026-04-02 17:05:59] [Lazarus] Check state #345: unknown
[2026-04-02 17:05:59] [Lazarus] START attempt #345 for ocid1.instance.oc1.ap-singapore-1.anzwsljrjnctqdycjnedjgrwqodx3amfb7bf6vinqc5faebrftwmdzgi7nga
/usr/local/Cellar/python@3.14/3.14.3_1/Frameworks/Python.framework/Versions/3.14/lib/python3.14/getpass.py:99: GetPassWarning: Can not control echo on the terminal.
  passwd = fallback_getpass(prompt, stream)
Warning: Password input may be echoed.
Private key passphrase:EOFError: 
[2026-04-02 17:06:00] [Lazarus] Start command failed (rc=1). Retrying in 30s...
[2026-04-02 17:06:00] [Lazarus] OCI response: /usr/local/Cellar/python@3.14/3.14.3_1/Frameworks/Python.framework/Versions/3.14/lib/python3.14/getpass.py:99: GetPassWarning: Can not control echo on the terminal.
  passwd = fallback_getpass(prompt, stream)
Warning: Password input may be echoed.
Private key passphrase:EOFError: 
[2026-04-02 17:06:32] [Lazarus] Check state #346: unknown
[2026-04-02 17:06:32] [Lazarus] START attempt #346 for ocid1.instance.oc1.ap-singapore-1.anzwsljrjnctqdycjnedjgrwqodx3amfb7bf6vinqc5faebrftwmdzgi7nga
/usr/local/Cellar/python@3.14/3.14.3_1/Frameworks/Python.framework/Versions/3.14/lib/python3.14/getpass.py:99: GetPassWarning: Can not control echo on the terminal.
  passwd = fallback_getpass(prompt, stream)
Warning: Password input may be echoed.
Private key passphrase:EOFError: 
[2026-04-02 17:06:33] [Lazarus] Start command failed (rc=1). Retrying in 30s...
[2026-04-02 17:06:33] [Lazarus] OCI response: /usr/local/Cellar/python@3.14/3.14.3_1/Frameworks/Python.framework/Versions/3.14/lib/python3.14/getpass.py:99: GetPassWarning: Can not control echo on the terminal.
  passwd = fallback_getpass(prompt, stream)
Warning: Password input may be echoed.
Private key passphrase:EOFError: 
[2026-04-02 17:07:04] [Lazarus] Check state #347: unknown
[2026-04-02 17:07:04] [Lazarus] START attempt #347 for ocid1.instance.oc1.ap-singapore-1.anzwsljrjnctqdycjnedjgrwqodx3amfb7bf6vinqc5faebrftwmdzgi7nga
/usr/local/Cellar/python@3.14/3.14.3_1/Frameworks/Python.framework/Versions/3.14/lib/python3.14/getpass.py:99: GetPassWarning: Can not control echo on the terminal.
  passwd = fallback_getpass(prompt, stream)
Warning: Password input may be echoed.
Private key passphrase:EOFError: 
[2026-04-02 17:07:06] [Lazarus] Start command failed (rc=1). Retrying in 30s...
[2026-04-02 17:07:06] [Lazarus] OCI response: /usr/local/Cellar/python@3.14/3.14.3_1/Frameworks/Python.framework/Versions/3.14/lib/python3.14/getpass.py:99: GetPassWarning: Can not control echo on the terminal.
  passwd = fallback_getpass(prompt, stream)
Warning: Password input may be echoed.
Private key passphrase:EOFError: 
[2026-04-02 17:07:37] [Lazarus] Check state #348: unknown
[2026-04-02 17:07:37] [Lazarus] START attempt #348 for ocid1.instance.oc1.ap-singapore-1.anzwsljrjnctqdycjnedjgrwqodx3amfb7bf6vinqc5faebrftwmdzgi7nga
/usr/local/Cellar/python@3.14/3.14.3_1/Frameworks/Python.framework/Versions/3.14/lib/python3.14/getpass.py:99: GetPassWarning: Can not control echo on the terminal.
  passwd = fallback_getpass(prompt, stream)
Warning: Password input may be echoed.
Private key passphrase:EOFError: 
[2026-04-02 17:07:39] [Lazarus] Start command failed (rc=1). Retrying in 30s...
[2026-04-02 17:07:39] [Lazarus] OCI response: /usr/local/Cellar/python@3.14/3.14.3_1/Frameworks/Python.framework/Versions/3.14/lib/python3.14/getpass.py:99: GetPassWarning: Can not control echo on the terminal.
  passwd = fallback_getpass(prompt, stream)
Warning: Password input may be echoed.
Private key passphrase:EOFError: 
[2026-04-02 17:49:03] [Lazarus] Check state #349: unknown
[2026-04-02 17:49:03] [Lazarus] START attempt #349 for ocid1.instance.oc1.ap-singapore-1.anzwsljrjnctqdycjnedjgrwqodx3amfb7bf6vinqc5faebrftwmdzgi7nga
/usr/local/Cellar/python@3.14/3.14.3_1/Frameworks/Python.framework/Versions/3.14/lib/python3.14/getpass.py:99: GetPassWarning: Can not control echo on the terminal.
  passwd = fallback_getpass(prompt, stream)
Warning: Password input may be echoed.
Private key passphrase:EOFError: 
[2026-04-02 18:24:35] [Lazarus] Start command failed (rc=1). Retrying in 30s...
[2026-04-02 18:24:35] [Lazarus] OCI response: /usr/local/Cellar/python@3.14/3.14.3_1/Frameworks/Python.framework/Versions/3.14/lib/python3.14/getpass.py:99: GetPassWarning: Can not control echo on the terminal.
  passwd = fallback_getpass(prompt, stream)
Warning: Password input may be echoed.
Private key passphrase:EOFError: 
[2026-04-02 18:29:37] [Lazarus] Check state #350: unknown
[2026-04-02 18:29:37] [Lazarus] START attempt #350 for ocid1.instance.oc1.ap-singapore-1.anzwsljrjnctqdycjnedjgrwqodx3amfb7bf6vinqc5faebrftwmdzgi7nga
/usr/local/Cellar/python@3.14/3.14.3_1/Frameworks/Python.framework/Versions/3.14/lib/python3.14/getpass.py:99: GetPassWarning: Can not control echo on the terminal.
  passwd = fallback_getpass(prompt, stream)
Warning: Password input may be echoed.
Private key passphrase:EOFError: 
[2026-04-02 18:29:39] [Lazarus] Start command failed (rc=1). Retrying in 30s...
[2026-04-02 18:29:39] [Lazarus] OCI response: /usr/local/Cellar/python@3.14/3.14.3_1/Frameworks/Python.framework/Versions/3.14/lib/python3.14/getpass.py:99: GetPassWarning: Can not control echo on the terminal.
  passwd = fallback_getpass(prompt, stream)
Warning: Password input may be echoed.
Private key passphrase:EOFError: 
[2026-04-02 18:30:12] [Lazarus] Check state #351: unknown
[2026-04-02 18:30:12] [Lazarus] START attempt #351 for ocid1.instance.oc1.ap-singapore-1.anzwsljrjnctqdycjnedjgrwqodx3amfb7bf6vinqc5faebrftwmdzgi7nga
/usr/local/Cellar/python@3.14/3.14.3_1/Frameworks/Python.framework/Versions/3.14/lib/python3.14/getpass.py:99: GetPassWarning: Can not control echo on the terminal.
  passwd = fallback_getpass(prompt, stream)
Warning: Password input may be echoed.
Private key passphrase:EOFError: 
[2026-04-02 18:30:13] [Lazarus] Start command failed (rc=1). Retrying in 30s...
[2026-04-02 18:30:13] [Lazarus] OCI response: /usr/local/Cellar/python@3.14/3.14.3_1/Frameworks/Python.framework/Versions/3.14/lib/python3.14/getpass.py:99: GetPassWarning: Can not control echo on the terminal.
  passwd = fallback_getpass(prompt, stream)
Warning: Password input may be echoed.
Private key passphrase:EOFError: 
[2026-04-02 18:30:45] [Lazarus] Check state #352: unknown
[2026-04-02 18:30:45] [Lazarus] START attempt #352 for ocid1.instance.oc1.ap-singapore-1.anzwsljrjnctqdycjnedjgrwqodx3amfb7bf6vinqc5faebrftwmdzgi7nga
/usr/local/Cellar/python@3.14/3.14.3_1/Frameworks/Python.framework/Versions/3.14/lib/python3.14/getpass.py:99: GetPassWarning: Can not control echo on the terminal.
  passwd = fallback_getpass(prompt, stream)
Warning: Password input may be echoed.
Private key passphrase:EOFError: 
[2026-04-02 18:30:47] [Lazarus] Start command failed (rc=1). Retrying in 30s...
[2026-04-02 18:30:47] [Lazarus] OCI response: /usr/local/Cellar/python@3.14/3.14.3_1/Frameworks/Python.framework/Versions/3.14/lib/python3.14/getpass.py:99: GetPassWarning: Can not control echo on the terminal.
  passwd = fallback_getpass(prompt, stream)
Warning: Password input may be echoed.
Private key passphrase:EOFError: 
[2026-04-02 18:31:20] [Lazarus] Check state #353: unknown
[2026-04-02 18:31:20] [Lazarus] START attempt #353 for ocid1.instance.oc1.ap-singapore-1.anzwsljrjnctqdycjnedjgrwqodx3amfb7bf6vinqc5faebrftwmdzgi7nga
/usr/local/Cellar/python@3.14/3.14.3_1/Frameworks/Python.framework/Versions/3.14/lib/python3.14/getpass.py:99: GetPassWarning: Can not control echo on the terminal.
  passwd = fallback_getpass(prompt, stream)
Warning: Password input may be echoed.
Private key passphrase:EOFError: 
[2026-04-02 18:31:22] [Lazarus] Start command failed (rc=1). Retrying in 30s...
[2026-04-02 18:31:22] [Lazarus] OCI response: /usr/local/Cellar/python@3.14/3.14.3_1/Frameworks/Python.framework/Versions/3.14/lib/python3.14/getpass.py:99: GetPassWarning: Can not control echo on the terminal.
  passwd = fallback_getpass(prompt, stream)
Warning: Password input may be echoed.
Private key passphrase:EOFError: 
[2026-04-02 18:31:53] [Lazarus] Check state #354: unknown
[2026-04-02 18:31:53] [Lazarus] START attempt #354 for ocid1.instance.oc1.ap-singapore-1.anzwsljrjnctqdycjnedjgrwqodx3amfb7bf6vinqc5faebrftwmdzgi7nga
/usr/local/Cellar/python@3.14/3.14.3_1/Frameworks/Python.framework/Versions/3.14/lib/python3.14/getpass.py:99: GetPassWarning: Can not control echo on the terminal.
  passwd = fallback_getpass(prompt, stream)
Warning: Password input may be echoed.
Private key passphrase:EOFError: 
[2026-04-02 18:31:54] [Lazarus] Start command failed (rc=1). Retrying in 30s...
[2026-04-02 18:31:54] [Lazarus] OCI response: /usr/local/Cellar/python@3.14/3.14.3_1/Frameworks/Python.framework/Versions/3.14/lib/python3.14/getpass.py:99: GetPassWarning: Can not control echo on the terminal.
  passwd = fallback_getpass(prompt, stream)
Warning: Password input may be echoed.
Private key passphrase:EOFError: 
[2026-04-02 18:32:26] [Lazarus] Check state #355: unknown
[2026-04-02 18:32:26] [Lazarus] START attempt #355 for ocid1.instance.oc1.ap-singapore-1.anzwsljrjnctqdycjnedjgrwqodx3amfb7bf6vinqc5faebrftwmdzgi7nga
/usr/local/Cellar/python@3.14/3.14.3_1/Frameworks/Python.framework/Versions/3.14/lib/python3.14/getpass.py:99: GetPassWarning: Can not control echo on the terminal.
  passwd = fallback_getpass(prompt, stream)
Warning: Password input may be echoed.
Private key passphrase:EOFError: 
[2026-04-02 18:32:27] [Lazarus] Start command failed (rc=1). Retrying in 30s...
[2026-04-02 18:32:27] [Lazarus] OCI response: /usr/local/Cellar/python@3.14/3.14.3_1/Frameworks/Python.framework/Versions/3.14/lib/python3.14/getpass.py:99: GetPassWarning: Can not control echo on the terminal.
  passwd = fallback_getpass(prompt, stream)
Warning: Password input may be echoed.
Private key passphrase:EOFError: 
[2026-04-02 18:32:58] [Lazarus] Check state #356: unknown
[2026-04-02 18:32:58] [Lazarus] START attempt #356 for ocid1.instance.oc1.ap-singapore-1.anzwsljrjnctqdycjnedjgrwqodx3amfb7bf6vinqc5faebrftwmdzgi7nga
/usr/local/Cellar/python@3.14/3.14.3_1/Frameworks/Python.framework/Versions/3.14/lib/python3.14/getpass.py:99: GetPassWarning: Can not control echo on the terminal.
  passwd = fallback_getpass(prompt, stream)
Warning: Password input may be echoed.
Private key passphrase:EOFError: 
[2026-04-02 18:33:00] [Lazarus] Start command failed (rc=1). Retrying in 30s...
[2026-04-02 18:33:00] [Lazarus] OCI response: /usr/local/Cellar/python@3.14/3.14.3_1/Frameworks/Python.framework/Versions/3.14/lib/python3.14/getpass.py:99: GetPassWarning: Can not control echo on the terminal.
  passwd = fallback_getpass(prompt, stream)
Warning: Password input may be echoed.
Private key passphrase:EOFError: 
[2026-04-02 18:33:31] [Lazarus] Check state #357: unknown
[2026-04-02 18:33:31] [Lazarus] START attempt #357 for ocid1.instance.oc1.ap-singapore-1.anzwsljrjnctqdycjnedjgrwqodx3amfb7bf6vinqc5faebrftwmdzgi7nga
/usr/local/Cellar/python@3.14/3.14.3_1/Frameworks/Python.framework/Versions/3.14/lib/python3.14/getpass.py:99: GetPassWarning: Can not control echo on the terminal.
  passwd = fallback_getpass(prompt, stream)
Warning: Password input may be echoed.
Private key passphrase:EOFError: 
[2026-04-02 18:33:34] [Lazarus] Start command failed (rc=1). Retrying in 30s...
[2026-04-02 18:33:34] [Lazarus] OCI response: /usr/local/Cellar/python@3.14/3.14.3_1/Frameworks/Python.framework/Versions/3.14/lib/python3.14/getpass.py:99: GetPassWarning: Can not control echo on the terminal.
  passwd = fallback_getpass(prompt, stream)
Warning: Password input may be echoed.
Private key passphrase:EOFError: 
[2026-04-02 18:34:05] [Lazarus] Check state #358: unknown
[2026-04-02 18:34:05] [Lazarus] START attempt #358 for ocid1.instance.oc1.ap-singapore-1.anzwsljrjnctqdycjnedjgrwqodx3amfb7bf6vinqc5faebrftwmdzgi7nga
/usr/local/Cellar/python@3.14/3.14.3_1/Frameworks/Python.framework/Versions/3.14/lib/python3.14/getpass.py:99: GetPassWarning: Can not control echo on the terminal.
  passwd = fallback_getpass(prompt, stream)
Warning: Password input may be echoed.
Private key passphrase:EOFError: 
[2026-04-02 18:34:07] [Lazarus] Start command failed (rc=1). Retrying in 30s...
[2026-04-02 18:34:07] [Lazarus] OCI response: /usr/local/Cellar/python@3.14/3.14.3_1/Frameworks/Python.framework/Versions/3.14/lib/python3.14/getpass.py:99: GetPassWarning: Can not control echo on the terminal.
  passwd = fallback_getpass(prompt, stream)
Warning: Password input may be echoed.
Private key passphrase:EOFError: 
[2026-04-02 18:34:38] [Lazarus] Check state #359: unknown
[2026-04-02 18:34:38] [Lazarus] START attempt #359 for ocid1.instance.oc1.ap-singapore-1.anzwsljrjnctqdycjnedjgrwqodx3amfb7bf6vinqc5faebrftwmdzgi7nga
/usr/local/Cellar/python@3.14/3.14.3_1/Frameworks/Python.framework/Versions/3.14/lib/python3.14/getpass.py:99: GetPassWarning: Can not control echo on the terminal.
  passwd = fallback_getpass(prompt, stream)
Warning: Password input may be echoed.
Private key passphrase:EOFError: 
[2026-04-02 18:34:39] [Lazarus] Start command failed (rc=1). Retrying in 30s...
[2026-04-02 18:34:39] [Lazarus] OCI response: /usr/local/Cellar/python@3.14/3.14.3_1/Frameworks/Python.framework/Versions/3.14/lib/python3.14/getpass.py:99: GetPassWarning: Can not control echo on the terminal.
  passwd = fallback_getpass(prompt, stream)
Warning: Password input may be echoed.
Private key passphrase:EOFError: 
[2026-04-02 18:35:10] [Lazarus] Check state #360: unknown
[2026-04-02 18:35:10] [Lazarus] START attempt #360 for ocid1.instance.oc1.ap-singapore-1.anzwsljrjnctqdycjnedjgrwqodx3amfb7bf6vinqc5faebrftwmdzgi7nga
/usr/local/Cellar/python@3.14/3.14.3_1/Frameworks/Python.framework/Versions/3.14/lib/python3.14/getpass.py:99: GetPassWarning: Can not control echo on the terminal.
  passwd = fallback_getpass(prompt, stream)
Warning: Password input may be echoed.
Private key passphrase:EOFError: 
[2026-04-02 18:35:12] [Lazarus] Start command failed (rc=1). Retrying in 30s...
[2026-04-02 18:35:12] [Lazarus] OCI response: /usr/local/Cellar/python@3.14/3.14.3_1/Frameworks/Python.framework/Versions/3.14/lib/python3.14/getpass.py:99: GetPassWarning: Can not control echo on the terminal.
  passwd = fallback_getpass(prompt, stream)
Warning: Password input may be echoed.
Private key passphrase:EOFError: 
[2026-04-02 18:35:43] [Lazarus] Check state #361: unknown
[2026-04-02 18:35:43] [Lazarus] START attempt #361 for ocid1.instance.oc1.ap-singapore-1.anzwsljrjnctqdycjnedjgrwqodx3amfb7bf6vinqc5faebrftwmdzgi7nga
/usr/local/Cellar/python@3.14/3.14.3_1/Frameworks/Python.framework/Versions/3.14/lib/python3.14/getpass.py:99: GetPassWarning: Can not control echo on the terminal.
  passwd = fallback_getpass(prompt, stream)
Warning: Password input may be echoed.
Private key passphrase:EOFError: 
[2026-04-02 18:35:44] [Lazarus] Start command failed (rc=1). Retrying in 30s...
[2026-04-02 18:35:44] [Lazarus] OCI response: /usr/local/Cellar/python@3.14/3.14.3_1/Frameworks/Python.framework/Versions/3.14/lib/python3.14/getpass.py:99: GetPassWarning: Can not control echo on the terminal.
  passwd = fallback_getpass(prompt, stream)
Warning: Password input may be echoed.
Private key passphrase:EOFError: 
[2026-04-02 18:36:16] [Lazarus] Check state #362: unknown
[2026-04-02 18:36:16] [Lazarus] START attempt #362 for ocid1.instance.oc1.ap-singapore-1.anzwsljrjnctqdycjnedjgrwqodx3amfb7bf6vinqc5faebrftwmdzgi7nga
/usr/local/Cellar/python@3.14/3.14.3_1/Frameworks/Python.framework/Versions/3.14/lib/python3.14/getpass.py:99: GetPassWarning: Can not control echo on the terminal.
  passwd = fallback_getpass(prompt, stream)
Warning: Password input may be echoed.
Private key passphrase:EOFError: 
[2026-04-02 18:36:18] [Lazarus] Start command failed (rc=1). Retrying in 30s...
[2026-04-02 18:36:18] [Lazarus] OCI response: /usr/local/Cellar/python@3.14/3.14.3_1/Frameworks/Python.framework/Versions/3.14/lib/python3.14/getpass.py:99: GetPassWarning: Can not control echo on the terminal.
  passwd = fallback_getpass(prompt, stream)
Warning: Password input may be echoed.
Private key passphrase:EOFError: 
[2026-04-02 18:36:49] [Lazarus] Check state #363: unknown
[2026-04-02 18:36:49] [Lazarus] START attempt #363 for ocid1.instance.oc1.ap-singapore-1.anzwsljrjnctqdycjnedjgrwqodx3amfb7bf6vinqc5faebrftwmdzgi7nga
/usr/local/Cellar/python@3.14/3.14.3_1/Frameworks/Python.framework/Versions/3.14/lib/python3.14/getpass.py:99: GetPassWarning: Can not control echo on the terminal.
  passwd = fallback_getpass(prompt, stream)
Warning: Password input may be echoed.
Private key passphrase:EOFError: 
[2026-04-02 18:36:51] [Lazarus] Start command failed (rc=1). Retrying in 30s...
[2026-04-02 18:36:51] [Lazarus] OCI response: /usr/local/Cellar/python@3.14/3.14.3_1/Frameworks/Python.framework/Versions/3.14/lib/python3.14/getpass.py:99: GetPassWarning: Can not control echo on the terminal.
  passwd = fallback_getpass(prompt, stream)
Warning: Password input may be echoed.
Private key passphrase:EOFError: 
[2026-04-02 18:37:22] [Lazarus] Check state #364: unknown
[2026-04-02 18:37:22] [Lazarus] START attempt #364 for ocid1.instance.oc1.ap-singapore-1.anzwsljrjnctqdycjnedjgrwqodx3amfb7bf6vinqc5faebrftwmdzgi7nga
/usr/local/Cellar/python@3.14/3.14.3_1/Frameworks/Python.framework/Versions/3.14/lib/python3.14/getpass.py:99: GetPassWarning: Can not control echo on the terminal.
  passwd = fallback_getpass(prompt, stream)
Warning: Password input may be echoed.
Private key passphrase:EOFError: 
[2026-04-02 18:37:24] [Lazarus] Start command failed (rc=1). Retrying in 30s...
[2026-04-02 18:37:24] [Lazarus] OCI response: /usr/local/Cellar/python@3.14/3.14.3_1/Frameworks/Python.framework/Versions/3.14/lib/python3.14/getpass.py:99: GetPassWarning: Can not control echo on the terminal.
  passwd = fallback_getpass(prompt, stream)
Warning: Password input may be echoed.
Private key passphrase:EOFError: 
[2026-04-02 18:37:56] [Lazarus] Check state #365: unknown
[2026-04-02 18:37:56] [Lazarus] START attempt #365 for ocid1.instance.oc1.ap-singapore-1.anzwsljrjnctqdycjnedjgrwqodx3amfb7bf6vinqc5faebrftwmdzgi7nga
/usr/local/Cellar/python@3.14/3.14.3_1/Frameworks/Python.framework/Versions/3.14/lib/python3.14/getpass.py:99: GetPassWarning: Can not control echo on the terminal.
  passwd = fallback_getpass(prompt, stream)
Warning: Password input may be echoed.
Private key passphrase:EOFError: 
[2026-04-02 18:37:58] [Lazarus] Start command failed (rc=1). Retrying in 30s...
[2026-04-02 18:37:58] [Lazarus] OCI response: /usr/local/Cellar/python@3.14/3.14.3_1/Frameworks/Python.framework/Versions/3.14/lib/python3.14/getpass.py:99: GetPassWarning: Can not control echo on the terminal.
  passwd = fallback_getpass(prompt, stream)
Warning: Password input may be echoed.
Private key passphrase:EOFError: 
[2026-04-02 18:38:30] [Lazarus] Check state #366: unknown
[2026-04-02 18:38:30] [Lazarus] START attempt #366 for ocid1.instance.oc1.ap-singapore-1.anzwsljrjnctqdycjnedjgrwqodx3amfb7bf6vinqc5faebrftwmdzgi7nga
/usr/local/Cellar/python@3.14/3.14.3_1/Frameworks/Python.framework/Versions/3.14/lib/python3.14/getpass.py:99: GetPassWarning: Can not control echo on the terminal.
  passwd = fallback_getpass(prompt, stream)
Warning: Password input may be echoed.
Private key passphrase:EOFError: 
[2026-04-02 18:38:32] [Lazarus] Start command failed (rc=1). Retrying in 30s...
[2026-04-02 18:38:32] [Lazarus] OCI response: /usr/local/Cellar/python@3.14/3.14.3_1/Frameworks/Python.framework/Versions/3.14/lib/python3.14/getpass.py:99: GetPassWarning: Can not control echo on the terminal.
  passwd = fallback_getpass(prompt, stream)
Warning: Password input may be echoed.
Private key passphrase:EOFError: 
[2026-04-02 18:39:04] [Lazarus] Check state #367: unknown
[2026-04-02 18:39:04] [Lazarus] START attempt #367 for ocid1.instance.oc1.ap-singapore-1.anzwsljrjnctqdycjnedjgrwqodx3amfb7bf6vinqc5faebrftwmdzgi7nga
/usr/local/Cellar/python@3.14/3.14.3_1/Frameworks/Python.framework/Versions/3.14/lib/python3.14/getpass.py:99: GetPassWarning: Can not control echo on the terminal.
  passwd = fallback_getpass(prompt, stream)
Warning: Password input may be echoed.
Private key passphrase:EOFError: 
[2026-04-02 18:39:05] [Lazarus] Start command failed (rc=1). Retrying in 30s...
[2026-04-02 18:39:05] [Lazarus] OCI response: /usr/local/Cellar/python@3.14/3.14.3_1/Frameworks/Python.framework/Versions/3.14/lib/python3.14/getpass.py:99: GetPassWarning: Can not control echo on the terminal.
  passwd = fallback_getpass(prompt, stream)
Warning: Password input may be echoed.
Private key passphrase:EOFError: 
[2026-04-02 18:39:36] [Lazarus] Check state #368: unknown
[2026-04-02 18:39:36] [Lazarus] START attempt #368 for ocid1.instance.oc1.ap-singapore-1.anzwsljrjnctqdycjnedjgrwqodx3amfb7bf6vinqc5faebrftwmdzgi7nga
/usr/local/Cellar/python@3.14/3.14.3_1/Frameworks/Python.framework/Versions/3.14/lib/python3.14/getpass.py:99: GetPassWarning: Can not control echo on the terminal.
  passwd = fallback_getpass(prompt, stream)
Warning: Password input may be echoed.
Private key passphrase:EOFError: 
[2026-04-02 18:39:38] [Lazarus] Start command failed (rc=1). Retrying in 30s...
[2026-04-02 18:39:38] [Lazarus] OCI response: /usr/local/Cellar/python@3.14/3.14.3_1/Frameworks/Python.framework/Versions/3.14/lib/python3.14/getpass.py:99: GetPassWarning: Can not control echo on the terminal.
  passwd = fallback_getpass(prompt, stream)
Warning: Password input may be echoed.
Private key passphrase:EOFError: 
[2026-04-02 18:40:13] [Lazarus] Check state #369: unknown
